top_comp;bottom_comp;num_pieces;cycles;paths;points;index;fm_dimension;fm_volume;fm_nvolume;fm_ehrhart;fm_fvector;sfm_dimension;sfm_volume;sfm_nvolume;sfm_ehrhart;sfm_fvector
1|1|1|1|1|1|1;1|1|1|1|1|1|1;7;0;0;7;0;0;1;1;1;(1, 1);0;1;1;1;(1, 1)
1|1|1|1|1|1|1;1|1|1|1|1|2;6;0;1;5;1;1;1;1;t + 1;(1, 2, 1);0;1;1;1;(1, 1)
1|1|1|1|1|1|1;1|1|1|1|2|1;6;0;1;5;1;1;1;1;t + 1;(1, 2, 1);0;1;1;1;(1, 1)
1|1|1|1|1|1|1;1|1|1|1|3;6;0;1;5;1;1;1;1;t + 1;(1, 2, 1);0;1;1;1;(1, 1)
1|1|1|1|1|1|1;1|1|1|2|1|1;6;0;1;5;1;1;1;1;t + 1;(1, 2, 1);0;1;1;1;(1, 1)
1|1|1|1|1|1|1;1|1|1|2|2;5;0;2;3;2;2;1;2;t^2 + 2*t + 1;(1, 4, 4, 1);0;1;1;1;(1, 1)
1|1|1|1|1|1|1;1|1|1|3|1;6;0;1;5;1;1;1;1;t + 1;(1, 2, 1);0;1;1;1;(1, 1)
1|1|1|1|1|1|1;1|1|1|4;5;0;2;3;2;2;1/2;1;1/2*t^2 + 3/2*t + 1;(1, 3, 3, 1);0;1;1;1;(1, 1)
1|1|1|1|1|1|1;1|1|2|1|1|1;6;0;1;5;1;1;1;1;t + 1;(1, 2, 1);0;1;1;1;(1, 1)
1|1|1|1|1|1|1;1|1|2|1|2;5;0;2;3;2;2;1;2;t^2 + 2*t + 1;(1, 4, 4, 1);0;1;1;1;(1, 1)
1|1|1|1|1|1|1;1|1|2|2|1;5;0;2;3;2;2;1;2;t^2 + 2*t + 1;(1, 4, 4, 1);0;1;1;1;(1, 1)
1|1|1|1|1|1|1;1|1|2|3;5;0;2;3;2;2;1;2;t^2 + 2*t + 1;(1, 4, 4, 1);0;1;1;1;(1, 1)
1|1|1|1|1|1|1;1|1|3|1|1;6;0;1;5;1;1;1;1;t + 1;(1, 2, 1);0;1;1;1;(1, 1)
1|1|1|1|1|1|1;1|1|3|2;5;0;2;3;2;2;1;2;t^2 + 2*t + 1;(1, 4, 4, 1);0;1;1;1;(1, 1)
1|1|1|1|1|1|1;1|1|4|1;5;0;2;3;2;2;1/2;1;1/2*t^2 + 3/2*t + 1;(1, 3, 3, 1);0;1;1;1;(1, 1)
1|1|1|1|1|1|1;1|1|5;5;0;2;3;2;2;1/2;1;1/2*t^2 + 3/2*t + 1;(1, 3, 3, 1);0;1;1;1;(1, 1)
1|1|1|1|1|1|1;1|2|1|1|1|1;6;0;1;5;1;1;1;1;t + 1;(1, 2, 1);0;1;1;1;(1, 1)
1|1|1|1|1|1|1;1|2|1|1|2;5;0;2;3;2;2;1;2;t^2 + 2*t + 1;(1, 4, 4, 1);0;1;1;1;(1, 1)
1|1|1|1|1|1|1;1|2|1|2|1;5;0;2;3;2;2;1;2;t^2 + 2*t + 1;(1, 4, 4, 1);0;1;1;1;(1, 1)
1|1|1|1|1|1|1;1|2|1|3;5;0;2;3;2;2;1;2;t^2 + 2*t + 1;(1, 4, 4, 1);0;1;1;1;(1, 1)
1|1|1|1|1|1|1;1|2|2|1|1;5;0;2;3;2;2;1;2;t^2 + 2*t + 1;(1, 4, 4, 1);0;1;1;1;(1, 1)
1|1|1|1|1|1|1;1|2|2|2;4;0;3;1;3;3;1;6;t^3 + 3*t^2 + 3*t + 1;(1, 8, 12, 6, 1);0;1;1;1;(1, 1)
1|1|1|1|1|1|1;1|2|3|1;5;0;2;3;2;2;1;2;t^2 + 2*t + 1;(1, 4, 4, 1);0;1;1;1;(1, 1)
1|1|1|1|1|1|1;1|2|4;4;0;3;1;3;3;1/2;3;1/2*t^3 + 2*t^2 + 5/2*t + 1;(1, 6, 9, 5, 1);0;1;1;1;(1, 1)
1|1|1|1|1|1|1;1|3|1|1|1;6;0;1;5;1;1;1;1;t + 1;(1, 2, 1);0;1;1;1;(1, 1)
1|1|1|1|1|1|1;1|3|1|2;5;0;2;3;2;2;1;2;t^2 + 2*t + 1;(1, 4, 4, 1);0;1;1;1;(1, 1)
1|1|1|1|1|1|1;1|3|2|1;5;0;2;3;2;2;1;2;t^2 + 2*t + 1;(1, 4, 4, 1);0;1;1;1;(1, 1)
1|1|1|1|1|1|1;1|3|3;5;0;2;3;2;2;1;2;t^2 + 2*t + 1;(1, 4, 4, 1);0;1;1;1;(1, 1)
1|1|1|1|1|1|1;1|4|1|1;5;0;2;3;2;2;1/2;1;1/2*t^2 + 3/2*t + 1;(1, 3, 3, 1);0;1;1;1;(1, 1)
1|1|1|1|1|1|1;1|4|2;4;0;3;1;3;3;1/2;3;1/2*t^3 + 2*t^2 + 5/2*t + 1;(1, 6, 9, 5, 1);0;1;1;1;(1, 1)
1|1|1|1|1|1|1;1|5|1;5;0;2;3;2;2;1/2;1;1/2*t^2 + 3/2*t + 1;(1, 3, 3, 1);0;1;1;1;(1, 1)
1|1|1|1|1|1|1;1|6;4;0;3;1;3;3;1/6;1;1/6*t^3 + t^2 + 11/6*t + 1;(1, 4, 6, 4, 1);0;1;1;1;(1, 1)
1|1|1|1|1|1|1;2|1|1|1|1|1;6;0;1;5;1;1;1;1;t + 1;(1, 2, 1);1;1;1;t + 1;(1, 2, 1)
1|1|1|1|1|1|1;2|1|1|1|2;5;0;2;3;2;2;1;2;t^2 + 2*t + 1;(1, 4, 4, 1);1;1;1;t + 1;(1, 2, 1)
1|1|1|1|1|1|1;2|1|1|2|1;5;0;2;3;2;2;1;2;t^2 + 2*t + 1;(1, 4, 4, 1);1;1;1;t + 1;(1, 2, 1)
1|1|1|1|1|1|1;2|1|1|3;5;0;2;3;2;2;1;2;t^2 + 2*t + 1;(1, 4, 4, 1);1;1;1;t + 1;(1, 2, 1)
1|1|1|1|1|1|1;2|1|2|1|1;5;0;2;3;2;2;1;2;t^2 + 2*t + 1;(1, 4, 4, 1);1;1;1;t + 1;(1, 2, 1)
1|1|1|1|1|1|1;2|1|2|2;4;0;3;1;3;3;1;6;t^3 + 3*t^2 + 3*t + 1;(1, 8, 12, 6, 1);1;1;1;t + 1;(1, 2, 1)
1|1|1|1|1|1|1;2|1|3|1;5;0;2;3;2;2;1;2;t^2 + 2*t + 1;(1, 4, 4, 1);1;1;1;t + 1;(1, 2, 1)
1|1|1|1|1|1|1;2|1|4;4;0;3;1;3;3;1/2;3;1/2*t^3 + 2*t^2 + 5/2*t + 1;(1, 6, 9, 5, 1);1;1;1;t + 1;(1, 2, 1)
1|1|1|1|1|1|1;2|2|1|1|1;5;0;2;3;2;2;1;2;t^2 + 2*t + 1;(1, 4, 4, 1);1;1;1;t + 1;(1, 2, 1)
1|1|1|1|1|1|1;2|2|1|2;4;0;3;1;3;3;1;6;t^3 + 3*t^2 + 3*t + 1;(1, 8, 12, 6, 1);1;1;1;t + 1;(1, 2, 1)
1|1|1|1|1|1|1;2|2|2|1;4;0;3;1;3;3;1;6;t^3 + 3*t^2 + 3*t + 1;(1, 8, 12, 6, 1);1;1;1;t + 1;(1, 2, 1)
1|1|1|1|1|1|1;2|2|3;4;0;3;1;3;3;1;6;t^3 + 3*t^2 + 3*t + 1;(1, 8, 12, 6, 1);1;1;1;t + 1;(1, 2, 1)
1|1|1|1|1|1|1;2|3|1|1;5;0;2;3;2;2;1;2;t^2 + 2*t + 1;(1, 4, 4, 1);1;1;1;t + 1;(1, 2, 1)
1|1|1|1|1|1|1;2|3|2;4;0;3;1;3;3;1;6;t^3 + 3*t^2 + 3*t + 1;(1, 8, 12, 6, 1);1;1;1;t + 1;(1, 2, 1)
1|1|1|1|1|1|1;2|4|1;4;0;3;1;3;3;1/2;3;1/2*t^3 + 2*t^2 + 5/2*t + 1;(1, 6, 9, 5, 1);1;1;1;t + 1;(1, 2, 1)
1|1|1|1|1|1|1;2|5;4;0;3;1;3;3;1/2;3;1/2*t^3 + 2*t^2 + 5/2*t + 1;(1, 6, 9, 5, 1);1;1;1;t + 1;(1, 2, 1)
1|1|1|1|1|1|1;3|1|1|1|1;6;0;1;5;1;1;1;1;t + 1;(1, 2, 1);1;1;1;t + 1;(1, 2, 1)
1|1|1|1|1|1|1;3|1|1|2;5;0;2;3;2;2;1;2;t^2 + 2*t + 1;(1, 4, 4, 1);1;1;1;t + 1;(1, 2, 1)
1|1|1|1|1|1|1;3|1|2|1;5;0;2;3;2;2;1;2;t^2 + 2*t + 1;(1, 4, 4, 1);1;1;1;t + 1;(1, 2, 1)
1|1|1|1|1|1|1;3|1|3;5;0;2;3;2;2;1;2;t^2 + 2*t + 1;(1, 4, 4, 1);1;1;1;t + 1;(1, 2, 1)
1|1|1|1|1|1|1;3|2|1|1;5;0;2;3;2;2;1;2;t^2 + 2*t + 1;(1, 4, 4, 1);1;1;1;t + 1;(1, 2, 1)
1|1|1|1|1|1|1;3|2|2;4;0;3;1;3;3;1;6;t^3 + 3*t^2 + 3*t + 1;(1, 8, 12, 6, 1);1;1;1;t + 1;(1, 2, 1)
1|1|1|1|1|1|1;3|3|1;5;0;2;3;2;2;1;2;t^2 + 2*t + 1;(1, 4, 4, 1);1;1;1;t + 1;(1, 2, 1)
1|1|1|1|1|1|1;3|4;4;0;3;1;3;3;1/2;3;1/2*t^3 + 2*t^2 + 5/2*t + 1;(1, 6, 9, 5, 1);1;1;1;t + 1;(1, 2, 1)
1|1|1|1|1|1|1;4|1|1|1;5;0;2;3;2;2;1/2;1;1/2*t^2 + 3/2*t + 1;(1, 3, 3, 1);1;1;1;t + 1;(1, 2, 1)
1|1|1|1|1|1|1;4|1|2;4;0;3;1;3;3;1/2;3;1/2*t^3 + 2*t^2 + 5/2*t + 1;(1, 6, 9, 5, 1);1;1;1;t + 1;(1, 2, 1)
1|1|1|1|1|1|1;4|2|1;4;0;3;1;3;3;1/2;3;1/2*t^3 + 2*t^2 + 5/2*t + 1;(1, 6, 9, 5, 1);1;1;1;t + 1;(1, 2, 1)
1|1|1|1|1|1|1;4|3;4;0;3;1;3;3;1/2;3;1/2*t^3 + 2*t^2 + 5/2*t + 1;(1, 6, 9, 5, 1);1;1;1;t + 1;(1, 2, 1)
1|1|1|1|1|1|1;5|1|1;5;0;2;3;2;2;1/2;1;1/2*t^2 + 3/2*t + 1;(1, 3, 3, 1);1;1;1;t + 1;(1, 2, 1)
1|1|1|1|1|1|1;5|2;4;0;3;1;3;3;1/2;3;1/2*t^3 + 2*t^2 + 5/2*t + 1;(1, 6, 9, 5, 1);1;1;1;t + 1;(1, 2, 1)
1|1|1|1|1|1|1;6|1;4;0;3;1;3;3;1/6;1;1/6*t^3 + t^2 + 11/6*t + 1;(1, 4, 6, 4, 1);1;1;1;t + 1;(1, 2, 1)
1|1|1|1|1|1|1;7;4;0;3;1;3;3;1/6;1;1/6*t^3 + t^2 + 11/6*t + 1;(1, 4, 6, 4, 1);1;1;1;t + 1;(1, 2, 1)
1|1|1|1|1|2;1|1|1|1|1|2;6;1;0;5;2;2;1/2;1;1/2*t^2 + 3/2*t + 1;(1, 3, 3, 1);0;1;1;1;(1, 1)
1|1|1|1|1|2;1|1|1|1|2|1;5;0;1;4;1;2;1;2;t^2 + 2*t + 1;(1, 4, 4, 1);0;1;1;1;(1, 1)
1|1|1|1|1|2;1|1|1|1|3;5;0;1;4;1;2;1/2;1;1/2*t^2 + 3/2*t + 1;(1, 3, 3, 1);0;1;1;1;(1, 1)
1|1|1|1|1|2;1|1|1|2|1|1;5;0;2;3;2;2;1;2;t^2 + 2*t + 1;(1, 4, 4, 1);0;1;1;1;(1, 1)
1|1|1|1|1|2;1|1|1|2|2;5;1;1;3;3;3;1/2;3;1/2*t^3 + 2*t^2 + 5/2*t + 1;(1, 6, 9, 5, 1);0;1;1;1;(1, 1)
1|1|1|1|1|2;1|1|1|3|1;5;0;1;4;1;2;1;2;t^2 + 2*t + 1;(1, 4, 4, 1);0;1;1;1;(1, 1)
1|1|1|1|1|2;1|1|1|4;4;0;1;3;1;3;1/3;2;1/3*t^3 + 3/2*t^2 + 13/6*t + 1;(1, 5, 8, 5, 1);0;1;1;1;(1, 1)
1|1|1|1|1|2;1|1|2|1|1|1;5;0;2;3;2;2;1;2;t^2 + 2*t + 1;(1, 4, 4, 1);0;1;1;1;(1, 1)
1|1|1|1|1|2;1|1|2|1|2;5;1;1;3;3;3;1/2;3;1/2*t^3 + 2*t^2 + 5/2*t + 1;(1, 6, 9, 5, 1);0;1;1;1;(1, 1)
1|1|1|1|1|2;1|1|2|2|1;4;0;2;2;2;3;1;6;t^3 + 3*t^2 + 3*t + 1;(1, 8, 12, 6, 1);0;1;1;1;(1, 1)
1|1|1|1|1|2;1|1|2|3;4;0;2;2;2;3;1/2;3;1/2*t^3 + 2*t^2 + 5/2*t + 1;(1, 6, 9, 5, 1);0;1;1;1;(1, 1)
1|1|1|1|1|2;1|1|3|1|1;5;0;2;3;2;2;1;2;t^2 + 2*t + 1;(1, 4, 4, 1);0;1;1;1;(1, 1)
1|1|1|1|1|2;1|1|3|2;5;1;1;3;3;3;1/2;3;1/2*t^3 + 2*t^2 + 5/2*t + 1;(1, 6, 9, 5, 1);0;1;1;1;(1, 1)
1|1|1|1|1|2;1|1|4|1;4;0;2;2;2;3;1/2;3;1/2*t^3 + 2*t^2 + 5/2*t + 1;(1, 6, 9, 5, 1);0;1;1;1;(1, 1)
1|1|1|1|1|2;1|1|5;4;0;1;3;1;3;1/3;2;1/3*t^3 + 3/2*t^2 + 13/6*t + 1;(1, 5, 8, 5, 1);0;1;1;1;(1, 1)
1|1|1|1|1|2;1|2|1|1|1|1;5;0;2;3;2;2;1;2;t^2 + 2*t + 1;(1, 4, 4, 1);0;1;1;1;(1, 1)
1|1|1|1|1|2;1|2|1|1|2;5;1;1;3;3;3;1/2;3;1/2*t^3 + 2*t^2 + 5/2*t + 1;(1, 6, 9, 5, 1);0;1;1;1;(1, 1)
1|1|1|1|1|2;1|2|1|2|1;4;0;2;2;2;3;1;6;t^3 + 3*t^2 + 3*t + 1;(1, 8, 12, 6, 1);0;1;1;1;(1, 1)
1|1|1|1|1|2;1|2|1|3;4;0;2;2;2;3;1/2;3;1/2*t^3 + 2*t^2 + 5/2*t + 1;(1, 6, 9, 5, 1);0;1;1;1;(1, 1)
1|1|1|1|1|2;1|2|2|1|1;4;0;3;1;3;3;1;6;t^3 + 3*t^2 + 3*t + 1;(1, 8, 12, 6, 1);0;1;1;1;(1, 1)
1|1|1|1|1|2;1|2|2|2;4;1;2;1;4;4;1/2;12;1/2*t^4 + 5/2*t^3 + 9/2*t^2 + 7/2*t + 1;(1, 12, 24, 19, 7, 1);0;1;1;1;(1, 1)
1|1|1|1|1|2;1|2|3|1;4;0;2;2;2;3;1;6;t^3 + 3*t^2 + 3*t + 1;(1, 8, 12, 6, 1);0;1;1;1;(1, 1)
1|1|1|1|1|2;1|2|4;3;0;2;1;2;4;1/3;8;1/3*t^4 + 11/6*t^3 + 11/3*t^2 + 19/6*t + 1;(1, 10, 21, 18, 7, 1);0;1;1;1;(1, 1)
1|1|1|1|1|2;1|3|1|1|1;5;0;2;3;2;2;1;2;t^2 + 2*t + 1;(1, 4, 4, 1);0;1;1;1;(1, 1)
1|1|1|1|1|2;1|3|1|2;5;1;1;3;3;3;1/2;3;1/2*t^3 + 2*t^2 + 5/2*t + 1;(1, 6, 9, 5, 1);0;1;1;1;(1, 1)
1|1|1|1|1|2;1|3|2|1;4;0;2;2;2;3;1;6;t^3 + 3*t^2 + 3*t + 1;(1, 8, 12, 6, 1);0;1;1;1;(1, 1)
1|1|1|1|1|2;1|3|3;4;0;2;2;2;3;1/2;3;1/2*t^3 + 2*t^2 + 5/2*t + 1;(1, 6, 9, 5, 1);0;1;1;1;(1, 1)
1|1|1|1|1|2;1|4|1|1;4;0;3;1;3;3;1/2;3;1/2*t^3 + 2*t^2 + 5/2*t + 1;(1, 6, 9, 5, 1);0;1;1;1;(1, 1)
1|1|1|1|1|2;1|4|2;4;1;2;1;4;4;1/4;6;1/4*t^4 + 3/2*t^3 + 13/4*t^2 + 3*t + 1;(1, 9, 18, 15, 6, 1);0;1;1;1;(1, 1)
1|1|1|1|1|2;1|5|1;4;0;2;2;2;3;1/2;3;1/2*t^3 + 2*t^2 + 5/2*t + 1;(1, 6, 9, 5, 1);0;1;1;1;(1, 1)
1|1|1|1|1|2;1|6;3;0;2;1;2;4;1/8;3;1/8*t^4 + 11/12*t^3 + 19/8*t^2 + 31/12*t + 1;(1, 7, 15, 14, 6, 1);0;1;1;1;(1, 1)
1|1|1|1|1|2;2|1|1|1|1|1;5;0;2;3;2;2;1;2;t^2 + 2*t + 1;(1, 4, 4, 1);1;1;1;t + 1;(1, 2, 1)
1|1|1|1|1|2;2|1|1|1|2;5;1;1;3;3;3;1/2;3;1/2*t^3 + 2*t^2 + 5/2*t + 1;(1, 6, 9, 5, 1);1;1;1;t + 1;(1, 2, 1)
1|1|1|1|1|2;2|1|1|2|1;4;0;2;2;2;3;1;6;t^3 + 3*t^2 + 3*t + 1;(1, 8, 12, 6, 1);1;1;1;t + 1;(1, 2, 1)
1|1|1|1|1|2;2|1|1|3;4;0;2;2;2;3;1/2;3;1/2*t^3 + 2*t^2 + 5/2*t + 1;(1, 6, 9, 5, 1);1;1;1;t + 1;(1, 2, 1)
1|1|1|1|1|2;2|1|2|1|1;4;0;3;1;3;3;1;6;t^3 + 3*t^2 + 3*t + 1;(1, 8, 12, 6, 1);1;1;1;t + 1;(1, 2, 1)
1|1|1|1|1|2;2|1|2|2;4;1;2;1;4;4;1/2;12;1/2*t^4 + 5/2*t^3 + 9/2*t^2 + 7/2*t + 1;(1, 12, 24, 19, 7, 1);1;1;1;t + 1;(1, 2, 1)
1|1|1|1|1|2;2|1|3|1;4;0;2;2;2;3;1;6;t^3 + 3*t^2 + 3*t + 1;(1, 8, 12, 6, 1);1;1;1;t + 1;(1, 2, 1)
1|1|1|1|1|2;2|1|4;3;0;2;1;2;4;1/3;8;1/3*t^4 + 11/6*t^3 + 11/3*t^2 + 19/6*t + 1;(1, 10, 21, 18, 7, 1);1;1;1;t + 1;(1, 2, 1)
1|1|1|1|1|2;2|2|1|1|1;4;0;3;1;3;3;1;6;t^3 + 3*t^2 + 3*t + 1;(1, 8, 12, 6, 1);1;1;1;t + 1;(1, 2, 1)
1|1|1|1|1|2;2|2|1|2;4;1;2;1;4;4;1/2;12;1/2*t^4 + 5/2*t^3 + 9/2*t^2 + 7/2*t + 1;(1, 12, 24, 19, 7, 1);1;1;1;t + 1;(1, 2, 1)
1|1|1|1|1|2;2|2|2|1;3;0;3;0;3;4;1;24;t^4 + 4*t^3 + 6*t^2 + 4*t + 1;(1, 16, 32, 24, 8, 1);1;1;1;t + 1;(1, 2, 1)
1|1|1|1|1|2;2|2|3;3;0;3;0;3;4;1/2;12;1/2*t^4 + 5/2*t^3 + 9/2*t^2 + 7/2*t + 1;(1, 12, 24, 19, 7, 1);1;1;1;t + 1;(1, 2, 1)
1|1|1|1|1|2;2|3|1|1;4;0;3;1;3;3;1;6;t^3 + 3*t^2 + 3*t + 1;(1, 8, 12, 6, 1);1;1;1;t + 1;(1, 2, 1)
1|1|1|1|1|2;2|3|2;4;1;2;1;4;4;1/2;12;1/2*t^4 + 5/2*t^3 + 9/2*t^2 + 7/2*t + 1;(1, 12, 24, 19, 7, 1);1;1;1;t + 1;(1, 2, 1)
1|1|1|1|1|2;2|4|1;3;0;3;0;3;4;1/2;12;1/2*t^4 + 5/2*t^3 + 9/2*t^2 + 7/2*t + 1;(1, 12, 24, 19, 7, 1);1;1;1;t + 1;(1, 2, 1)
1|1|1|1|1|2;2|5;3;0;2;1;2;4;1/3;8;1/3*t^4 + 11/6*t^3 + 11/3*t^2 + 19/6*t + 1;(1, 10, 21, 18, 7, 1);1;1;1;t + 1;(1, 2, 1)
1|1|1|1|1|2;3|1|1|1|1;5;0;2;3;2;2;1;2;t^2 + 2*t + 1;(1, 4, 4, 1);1;1;1;t + 1;(1, 2, 1)
1|1|1|1|1|2;3|1|1|2;5;1;1;3;3;3;1/2;3;1/2*t^3 + 2*t^2 + 5/2*t + 1;(1, 6, 9, 5, 1);1;1;1;t + 1;(1, 2, 1)
1|1|1|1|1|2;3|1|2|1;4;0;2;2;2;3;1;6;t^3 + 3*t^2 + 3*t + 1;(1, 8, 12, 6, 1);1;1;1;t + 1;(1, 2, 1)
1|1|1|1|1|2;3|1|3;4;0;2;2;2;3;1/2;3;1/2*t^3 + 2*t^2 + 5/2*t + 1;(1, 6, 9, 5, 1);1;1;1;t + 1;(1, 2, 1)
1|1|1|1|1|2;3|2|1|1;4;0;3;1;3;3;1;6;t^3 + 3*t^2 + 3*t + 1;(1, 8, 12, 6, 1);1;1;1;t + 1;(1, 2, 1)
1|1|1|1|1|2;3|2|2;4;1;2;1;4;4;1/2;12;1/2*t^4 + 5/2*t^3 + 9/2*t^2 + 7/2*t + 1;(1, 12, 24, 19, 7, 1);1;1;1;t + 1;(1, 2, 1)
1|1|1|1|1|2;3|3|1;4;0;2;2;2;3;1;6;t^3 + 3*t^2 + 3*t + 1;(1, 8, 12, 6, 1);1;1;1;t + 1;(1, 2, 1)
1|1|1|1|1|2;3|4;3;0;2;1;2;4;1/3;8;1/3*t^4 + 11/6*t^3 + 11/3*t^2 + 19/6*t + 1;(1, 10, 21, 18, 7, 1);1;1;1;t + 1;(1, 2, 1)
1|1|1|1|1|2;4|1|1|1;4;0;3;1;3;3;1/2;3;1/2*t^3 + 2*t^2 + 5/2*t + 1;(1, 6, 9, 5, 1);1;1;1;t + 1;(1, 2, 1)
1|1|1|1|1|2;4|1|2;4;1;2;1;4;4;1/4;6;1/4*t^4 + 3/2*t^3 + 13/4*t^2 + 3*t + 1;(1, 9, 18, 15, 6, 1);1;1;1;t + 1;(1, 2, 1)
1|1|1|1|1|2;4|2|1;3;0;3;0;3;4;1/2;12;1/2*t^4 + 5/2*t^3 + 9/2*t^2 + 7/2*t + 1;(1, 12, 24, 19, 7, 1);1;1;1;t + 1;(1, 2, 1)
1|1|1|1|1|2;4|3;3;0;3;0;3;4;1/4;6;1/4*t^4 + 3/2*t^3 + 13/4*t^2 + 3*t + 1;(1, 9, 18, 15, 6, 1);1;1;1;t + 1;(1, 2, 1)
1|1|1|1|1|2;5|1|1;4;0;3;1;3;3;1/2;3;1/2*t^3 + 2*t^2 + 5/2*t + 1;(1, 6, 9, 5, 1);1;1;1;t + 1;(1, 2, 1)
1|1|1|1|1|2;5|2;4;1;2;1;4;4;1/4;6;1/4*t^4 + 3/2*t^3 + 13/4*t^2 + 3*t + 1;(1, 9, 18, 15, 6, 1);1;1;1;t + 1;(1, 2, 1)
1|1|1|1|1|2;6|1;3;0;3;0;3;4;1/6;4;1/6*t^4 + 7/6*t^3 + 17/6*t^2 + 17/6*t + 1;(1, 8, 16, 14, 6, 1);2;1/2;1;1/2*t^2 + 3/2*t + 1;(1, 3, 3, 1)
1|1|1|1|1|2;7;3;0;2;1;2;4;1/8;3;1/8*t^4 + 11/12*t^3 + 19/8*t^2 + 31/12*t + 1;(1, 7, 15, 14, 6, 1);1;1;1;t + 1;(1, 2, 1)
1|1|1|1|2|1;1|1|1|1|2|1;6;1;0;5;2;2;1/2;1;1/2*t^2 + 3/2*t + 1;(1, 3, 3, 1);0;1;1;1;(1, 1)
1|1|1|1|2|1;1|1|1|1|3;5;0;1;4;1;2;1/2;1;1/2*t^2 + 3/2*t + 1;(1, 3, 3, 1);0;1;1;1;(1, 1)
1|1|1|1|2|1;1|1|1|2|1|1;5;0;1;4;1;2;1;2;t^2 + 2*t + 1;(1, 4, 4, 1);0;1;1;1;(1, 1)
1|1|1|1|2|1;1|1|1|2|2;4;0;1;3;1;3;1;6;t^3 + 3*t^2 + 3*t + 1;(1, 8, 12, 6, 1);0;1;1;1;(1, 1)
1|1|1|1|2|1;1|1|1|3|1;5;0;1;4;1;2;1/2;1;1/2*t^2 + 3/2*t + 1;(1, 3, 3, 1);0;1;1;1;(1, 1)
1|1|1|1|2|1;1|1|1|4;5;1;1;3;3;3;1/6;1;1/6*t^3 + t^2 + 11/6*t + 1;(1, 4, 6, 4, 1);0;1;1;1;(1, 1)
1|1|1|1|2|1;1|1|2|1|1|1;5;0;2;3;2;2;1;2;t^2 + 2*t + 1;(1, 4, 4, 1);0;1;1;1;(1, 1)
1|1|1|1|2|1;1|1|2|1|2;4;0;2;2;2;3;1;6;t^3 + 3*t^2 + 3*t + 1;(1, 8, 12, 6, 1);0;1;1;1;(1, 1)
1|1|1|1|2|1;1|1|2|2|1;5;1;1;3;3;3;1/2;3;1/2*t^3 + 2*t^2 + 5/2*t + 1;(1, 6, 9, 5, 1);0;1;1;1;(1, 1)
1|1|1|1|2|1;1|1|2|3;4;0;2;2;2;3;1/2;3;1/2*t^3 + 2*t^2 + 5/2*t + 1;(1, 6, 9, 5, 1);0;1;1;1;(1, 1)
1|1|1|1|2|1;1|1|3|1|1;5;0;1;4;1;2;1;2;t^2 + 2*t + 1;(1, 4, 4, 1);0;1;1;1;(1, 1)
1|1|1|1|2|1;1|1|3|2;4;0;1;3;1;3;1;6;t^3 + 3*t^2 + 3*t + 1;(1, 8, 12, 6, 1);0;1;1;1;(1, 1)
1|1|1|1|2|1;1|1|4|1;4;0;1;3;1;3;1/3;2;1/3*t^3 + 3/2*t^2 + 13/6*t + 1;(1, 5, 8, 5, 1);0;1;1;1;(1, 1)
1|1|1|1|2|1;1|1|5;4;0;2;2;2;3;1/6;1;1/6*t^3 + t^2 + 11/6*t + 1;(1, 4, 6, 4, 1);0;1;1;1;(1, 1)
1|1|1|1|2|1;1|2|1|1|1|1;5;0;2;3;2;2;1;2;t^2 + 2*t + 1;(1, 4, 4, 1);0;1;1;1;(1, 1)
1|1|1|1|2|1;1|2|1|1|2;4;0;2;2;2;3;1;6;t^3 + 3*t^2 + 3*t + 1;(1, 8, 12, 6, 1);0;1;1;1;(1, 1)
1|1|1|1|2|1;1|2|1|2|1;5;1;1;3;3;3;1/2;3;1/2*t^3 + 2*t^2 + 5/2*t + 1;(1, 6, 9, 5, 1);0;1;1;1;(1, 1)
1|1|1|1|2|1;1|2|1|3;4;0;2;2;2;3;1/2;3;1/2*t^3 + 2*t^2 + 5/2*t + 1;(1, 6, 9, 5, 1);0;1;1;1;(1, 1)
1|1|1|1|2|1;1|2|2|1|1;4;0;2;2;2;3;1;6;t^3 + 3*t^2 + 3*t + 1;(1, 8, 12, 6, 1);0;1;1;1;(1, 1)
1|1|1|1|2|1;1|2|2|2;3;0;2;1;2;4;1;24;t^4 + 4*t^3 + 6*t^2 + 4*t + 1;(1, 16, 32, 24, 8, 1);0;1;1;1;(1, 1)
1|1|1|1|2|1;1|2|3|1;4;0;2;2;2;3;1/2;3;1/2*t^3 + 2*t^2 + 5/2*t + 1;(1, 6, 9, 5, 1);0;1;1;1;(1, 1)
1|1|1|1|2|1;1|2|4;4;1;2;1;4;4;1/6;4;1/6*t^4 + 7/6*t^3 + 17/6*t^2 + 17/6*t + 1;(1, 8, 16, 14, 6, 1);0;1;1;1;(1, 1)
1|1|1|1|2|1;1|3|1|1|1;5;0;2;3;2;2;1;2;t^2 + 2*t + 1;(1, 4, 4, 1);0;1;1;1;(1, 1)
1|1|1|1|2|1;1|3|1|2;4;0;2;2;2;3;1;6;t^3 + 3*t^2 + 3*t + 1;(1, 8, 12, 6, 1);0;1;1;1;(1, 1)
1|1|1|1|2|1;1|3|2|1;5;1;1;3;3;3;1/2;3;1/2*t^3 + 2*t^2 + 5/2*t + 1;(1, 6, 9, 5, 1);0;1;1;1;(1, 1)
1|1|1|1|2|1;1|3|3;4;0;2;2;2;3;1/2;3;1/2*t^3 + 2*t^2 + 5/2*t + 1;(1, 6, 9, 5, 1);0;1;1;1;(1, 1)
1|1|1|1|2|1;1|4|1|1;4;0;2;2;2;3;1/2;3;1/2*t^3 + 2*t^2 + 5/2*t + 1;(1, 6, 9, 5, 1);0;1;1;1;(1, 1)
1|1|1|1|2|1;1|4|2;3;0;2;1;2;4;1/2;12;1/2*t^4 + 5/2*t^3 + 9/2*t^2 + 7/2*t + 1;(1, 12, 24, 19, 7, 1);0;1;1;1;(1, 1)
1|1|1|1|2|1;1|5|1;4;0;1;3;1;3;1/3;2;1/3*t^3 + 3/2*t^2 + 13/6*t + 1;(1, 5, 8, 5, 1);0;1;1;1;(1, 1)
1|1|1|1|2|1;1|6;3;0;2;1;2;4;1/12;2;1/12*t^4 + 2/3*t^3 + 23/12*t^2 + 7/3*t + 1;(1, 6, 13, 13, 6, 1);0;1;1;1;(1, 1)
1|1|1|1|2|1;2|1|1|1|1|1;5;0;2;3;2;2;1;2;t^2 + 2*t + 1;(1, 4, 4, 1);1;1;1;t + 1;(1, 2, 1)
1|1|1|1|2|1;2|1|1|1|2;4;0;2;2;2;3;1;6;t^3 + 3*t^2 + 3*t + 1;(1, 8, 12, 6, 1);1;1;1;t + 1;(1, 2, 1)
1|1|1|1|2|1;2|1|1|2|1;5;1;1;3;3;3;1/2;3;1/2*t^3 + 2*t^2 + 5/2*t + 1;(1, 6, 9, 5, 1);1;1;1;t + 1;(1, 2, 1)
1|1|1|1|2|1;2|1|1|3;4;0;2;2;2;3;1/2;3;1/2*t^3 + 2*t^2 + 5/2*t + 1;(1, 6, 9, 5, 1);1;1;1;t + 1;(1, 2, 1)
1|1|1|1|2|1;2|1|2|1|1;4;0;2;2;2;3;1;6;t^3 + 3*t^2 + 3*t + 1;(1, 8, 12, 6, 1);1;1;1;t + 1;(1, 2, 1)
1|1|1|1|2|1;2|1|2|2;3;0;2;1;2;4;1;24;t^4 + 4*t^3 + 6*t^2 + 4*t + 1;(1, 16, 32, 24, 8, 1);1;1;1;t + 1;(1, 2, 1)
1|1|1|1|2|1;2|1|3|1;4;0;2;2;2;3;1/2;3;1/2*t^3 + 2*t^2 + 5/2*t + 1;(1, 6, 9, 5, 1);1;1;1;t + 1;(1, 2, 1)
1|1|1|1|2|1;2|1|4;4;1;2;1;4;4;1/6;4;1/6*t^4 + 7/6*t^3 + 17/6*t^2 + 17/6*t + 1;(1, 8, 16, 14, 6, 1);1;1;1;t + 1;(1, 2, 1)
1|1|1|1|2|1;2|2|1|1|1;4;0;3;1;3;3;1;6;t^3 + 3*t^2 + 3*t + 1;(1, 8, 12, 6, 1);1;1;1;t + 1;(1, 2, 1)
1|1|1|1|2|1;2|2|1|2;3;0;3;0;3;4;1;24;t^4 + 4*t^3 + 6*t^2 + 4*t + 1;(1, 16, 32, 24, 8, 1);1;1;1;t + 1;(1, 2, 1)
1|1|1|1|2|1;2|2|2|1;4;1;2;1;4;4;1/2;12;1/2*t^4 + 5/2*t^3 + 9/2*t^2 + 7/2*t + 1;(1, 12, 24, 19, 7, 1);1;1;1;t + 1;(1, 2, 1)
1|1|1|1|2|1;2|2|3;3;0;3;0;3;4;1/2;12;1/2*t^4 + 5/2*t^3 + 9/2*t^2 + 7/2*t + 1;(1, 12, 24, 19, 7, 1);1;1;1;t + 1;(1, 2, 1)
1|1|1|1|2|1;2|3|1|1;4;0;2;2;2;3;1;6;t^3 + 3*t^2 + 3*t + 1;(1, 8, 12, 6, 1);1;1;1;t + 1;(1, 2, 1)
1|1|1|1|2|1;2|3|2;3;0;2;1;2;4;1;24;t^4 + 4*t^3 + 6*t^2 + 4*t + 1;(1, 16, 32, 24, 8, 1);1;1;1;t + 1;(1, 2, 1)
1|1|1|1|2|1;2|4|1;3;0;2;1;2;4;1/3;8;1/3*t^4 + 11/6*t^3 + 11/3*t^2 + 19/6*t + 1;(1, 10, 21, 18, 7, 1);1;1;1;t + 1;(1, 2, 1)
1|1|1|1|2|1;2|5;3;0;3;0;3;4;1/6;4;1/6*t^4 + 7/6*t^3 + 17/6*t^2 + 17/6*t + 1;(1, 8, 16, 14, 6, 1);1;1;1;t + 1;(1, 2, 1)
1|1|1|1|2|1;3|1|1|1|1;5;0;2;3;2;2;1;2;t^2 + 2*t + 1;(1, 4, 4, 1);1;1;1;t + 1;(1, 2, 1)
1|1|1|1|2|1;3|1|1|2;4;0;2;2;2;3;1;6;t^3 + 3*t^2 + 3*t + 1;(1, 8, 12, 6, 1);1;1;1;t + 1;(1, 2, 1)
1|1|1|1|2|1;3|1|2|1;5;1;1;3;3;3;1/2;3;1/2*t^3 + 2*t^2 + 5/2*t + 1;(1, 6, 9, 5, 1);1;1;1;t + 1;(1, 2, 1)
1|1|1|1|2|1;3|1|3;4;0;2;2;2;3;1/2;3;1/2*t^3 + 2*t^2 + 5/2*t + 1;(1, 6, 9, 5, 1);1;1;1;t + 1;(1, 2, 1)
1|1|1|1|2|1;3|2|1|1;4;0;2;2;2;3;1;6;t^3 + 3*t^2 + 3*t + 1;(1, 8, 12, 6, 1);1;1;1;t + 1;(1, 2, 1)
1|1|1|1|2|1;3|2|2;3;0;2;1;2;4;1;24;t^4 + 4*t^3 + 6*t^2 + 4*t + 1;(1, 16, 32, 24, 8, 1);1;1;1;t + 1;(1, 2, 1)
1|1|1|1|2|1;3|3|1;4;0;2;2;2;3;1/2;3;1/2*t^3 + 2*t^2 + 5/2*t + 1;(1, 6, 9, 5, 1);1;1;1;t + 1;(1, 2, 1)
1|1|1|1|2|1;3|4;4;1;2;1;4;4;1/6;4;1/6*t^4 + 7/6*t^3 + 17/6*t^2 + 17/6*t + 1;(1, 8, 16, 14, 6, 1);1;1;1;t + 1;(1, 2, 1)
1|1|1|1|2|1;4|1|1|1;4;0;3;1;3;3;1/2;3;1/2*t^3 + 2*t^2 + 5/2*t + 1;(1, 6, 9, 5, 1);1;1;1;t + 1;(1, 2, 1)
1|1|1|1|2|1;4|1|2;3;0;3;0;3;4;1/2;12;1/2*t^4 + 5/2*t^3 + 9/2*t^2 + 7/2*t + 1;(1, 12, 24, 19, 7, 1);1;1;1;t + 1;(1, 2, 1)
1|1|1|1|2|1;4|2|1;4;1;2;1;4;4;1/4;6;1/4*t^4 + 3/2*t^3 + 13/4*t^2 + 3*t + 1;(1, 9, 18, 15, 6, 1);1;1;1;t + 1;(1, 2, 1)
1|1|1|1|2|1;4|3;3;0;3;0;3;4;1/4;6;1/4*t^4 + 3/2*t^3 + 13/4*t^2 + 3*t + 1;(1, 9, 18, 15, 6, 1);1;1;1;t + 1;(1, 2, 1)
1|1|1|1|2|1;5|1|1;4;0;2;2;2;3;1/2;3;1/2*t^3 + 2*t^2 + 5/2*t + 1;(1, 6, 9, 5, 1);2;1/2;1;1/2*t^2 + 3/2*t + 1;(1, 3, 3, 1)
1|1|1|1|2|1;5|2;3;0;2;1;2;4;1/2;12;1/2*t^4 + 5/2*t^3 + 9/2*t^2 + 7/2*t + 1;(1, 12, 24, 19, 7, 1);3;1/6;1;1/6*t^3 + t^2 + 11/6*t + 1;(1, 4, 6, 4, 1)
1|1|1|1|2|1;6|1;3;0;2;1;2;4;1/8;3;1/8*t^4 + 11/12*t^3 + 19/8*t^2 + 31/12*t + 1;(1, 7, 15, 14, 6, 1);1;1;1;t + 1;(1, 2, 1)
1|1|1|1|2|1;7;3;0;2;1;2;4;1/12;2;1/12*t^4 + 2/3*t^3 + 23/12*t^2 + 7/3*t + 1;(1, 6, 13, 13, 6, 1);1;1;1;t + 1;(1, 2, 1)
1|1|1|1|3;1|1|1|1|3;6;1;0;5;2;2;1/2;1;1/2*t^2 + 3/2*t + 1;(1, 3, 3, 1);0;1;1;1;(1, 1)
1|1|1|1|3;1|1|1|2|1|1;5;0;1;4;1;2;1;2;t^2 + 2*t + 1;(1, 4, 4, 1);0;1;1;1;(1, 1)
1|1|1|1|3;1|1|1|2|2;4;0;1;3;1;3;1/2;3;1/2*t^3 + 2*t^2 + 5/2*t + 1;(1, 6, 9, 5, 1);0;1;1;1;(1, 1)
1|1|1|1|3;1|1|1|3|1;5;0;2;3;2;2;1/2;1;1/2*t^2 + 3/2*t + 1;(1, 3, 3, 1);0;1;1;1;(1, 1)
1|1|1|1|3;1|1|1|4;4;0;1;3;1;3;1/6;1;1/6*t^3 + t^2 + 11/6*t + 1;(1, 4, 6, 4, 1);0;1;1;1;(1, 1)
1|1|1|1|3;1|1|2|1|1|1;5;0;2;3;2;2;1;2;t^2 + 2*t + 1;(1, 4, 4, 1);0;1;1;1;(1, 1)
1|1|1|1|3;1|1|2|1|2;4;0;2;2;2;3;1/2;3;1/2*t^3 + 2*t^2 + 5/2*t + 1;(1, 6, 9, 5, 1);0;1;1;1;(1, 1)
1|1|1|1|3;1|1|2|2|1;4;0;2;2;2;3;1/2;3;1/2*t^3 + 2*t^2 + 5/2*t + 1;(1, 6, 9, 5, 1);0;1;1;1;(1, 1)
1|1|1|1|3;1|1|2|3;5;1;1;3;3;3;1/2;3;1/2*t^3 + 2*t^2 + 5/2*t + 1;(1, 6, 9, 5, 1);0;1;1;1;(1, 1)
1|1|1|1|3;1|1|3|1|1;5;0;1;4;1;2;1;2;t^2 + 2*t + 1;(1, 4, 4, 1);0;1;1;1;(1, 1)
1|1|1|1|3;1|1|3|2;4;0;1;3;1;3;1/2;3;1/2*t^3 + 2*t^2 + 5/2*t + 1;(1, 6, 9, 5, 1);0;1;1;1;(1, 1)
1|1|1|1|3;1|1|4|1;4;0;2;2;2;3;1/3;2;1/3*t^3 + 3/2*t^2 + 13/6*t + 1;(1, 5, 8, 5, 1);0;1;1;1;(1, 1)
1|1|1|1|3;1|1|5;4;0;2;2;2;3;1/6;1;1/6*t^3 + t^2 + 11/6*t + 1;(1, 4, 6, 4, 1);0;1;1;1;(1, 1)
1|1|1|1|3;1|2|1|1|1|1;5;0;2;3;2;2;1;2;t^2 + 2*t + 1;(1, 4, 4, 1);0;1;1;1;(1, 1)
1|1|1|1|3;1|2|1|1|2;4;0;2;2;2;3;1/2;3;1/2*t^3 + 2*t^2 + 5/2*t + 1;(1, 6, 9, 5, 1);0;1;1;1;(1, 1)
1|1|1|1|3;1|2|1|2|1;4;0;2;2;2;3;1/2;3;1/2*t^3 + 2*t^2 + 5/2*t + 1;(1, 6, 9, 5, 1);0;1;1;1;(1, 1)
1|1|1|1|3;1|2|1|3;5;1;1;3;3;3;1/2;3;1/2*t^3 + 2*t^2 + 5/2*t + 1;(1, 6, 9, 5, 1);0;1;1;1;(1, 1)
1|1|1|1|3;1|2|2|1|1;4;0;2;2;2;3;1;6;t^3 + 3*t^2 + 3*t + 1;(1, 8, 12, 6, 1);0;1;1;1;(1, 1)
1|1|1|1|3;1|2|2|2;3;0;2;1;2;4;1/2;12;1/2*t^4 + 5/2*t^3 + 9/2*t^2 + 7/2*t + 1;(1, 12, 24, 19, 7, 1);0;1;1;1;(1, 1)
1|1|1|1|3;1|2|3|1;4;0;3;1;3;3;1/2;3;1/2*t^3 + 2*t^2 + 5/2*t + 1;(1, 6, 9, 5, 1);0;1;1;1;(1, 1)
1|1|1|1|3;1|2|4;3;0;2;1;2;4;1/6;4;1/6*t^4 + 7/6*t^3 + 17/6*t^2 + 17/6*t + 1;(1, 8, 16, 14, 6, 1);0;1;1;1;(1, 1)
1|1|1|1|3;1|3|1|1|1;5;0;2;3;2;2;1;2;t^2 + 2*t + 1;(1, 4, 4, 1);0;1;1;1;(1, 1)
1|1|1|1|3;1|3|1|2;4;0;2;2;2;3;1/2;3;1/2*t^3 + 2*t^2 + 5/2*t + 1;(1, 6, 9, 5, 1);0;1;1;1;(1, 1)
1|1|1|1|3;1|3|2|1;4;0;2;2;2;3;1/2;3;1/2*t^3 + 2*t^2 + 5/2*t + 1;(1, 6, 9, 5, 1);0;1;1;1;(1, 1)
1|1|1|1|3;1|3|3;5;1;1;3;3;3;1/2;3;1/2*t^3 + 2*t^2 + 5/2*t + 1;(1, 6, 9, 5, 1);0;1;1;1;(1, 1)
1|1|1|1|3;1|4|1|1;4;0;2;2;2;3;1/2;3;1/2*t^3 + 2*t^2 + 5/2*t + 1;(1, 6, 9, 5, 1);0;1;1;1;(1, 1)
1|1|1|1|3;1|4|2;3;0;2;1;2;4;1/4;6;1/4*t^4 + 3/2*t^3 + 13/4*t^2 + 3*t + 1;(1, 9, 18, 15, 6, 1);0;1;1;1;(1, 1)
1|1|1|1|3;1|5|1;4;0;2;2;2;3;1/3;2;1/3*t^3 + 3/2*t^2 + 13/6*t + 1;(1, 5, 8, 5, 1);0;1;1;1;(1, 1)
1|1|1|1|3;1|6;3;0;2;1;2;4;1/12;2;1/12*t^4 + 2/3*t^3 + 23/12*t^2 + 7/3*t + 1;(1, 6, 13, 13, 6, 1);0;1;1;1;(1, 1)
1|1|1|1|3;2|1|1|1|1|1;5;0;2;3;2;2;1;2;t^2 + 2*t + 1;(1, 4, 4, 1);1;1;1;t + 1;(1, 2, 1)
1|1|1|1|3;2|1|1|1|2;4;0;2;2;2;3;1/2;3;1/2*t^3 + 2*t^2 + 5/2*t + 1;(1, 6, 9, 5, 1);1;1;1;t + 1;(1, 2, 1)
1|1|1|1|3;2|1|1|2|1;4;0;2;2;2;3;1/2;3;1/2*t^3 + 2*t^2 + 5/2*t + 1;(1, 6, 9, 5, 1);1;1;1;t + 1;(1, 2, 1)
1|1|1|1|3;2|1|1|3;5;1;1;3;3;3;1/2;3;1/2*t^3 + 2*t^2 + 5/2*t + 1;(1, 6, 9, 5, 1);1;1;1;t + 1;(1, 2, 1)
1|1|1|1|3;2|1|2|1|1;4;0;2;2;2;3;1;6;t^3 + 3*t^2 + 3*t + 1;(1, 8, 12, 6, 1);1;1;1;t + 1;(1, 2, 1)
1|1|1|1|3;2|1|2|2;3;0;2;1;2;4;1/2;12;1/2*t^4 + 5/2*t^3 + 9/2*t^2 + 7/2*t + 1;(1, 12, 24, 19, 7, 1);1;1;1;t + 1;(1, 2, 1)
1|1|1|1|3;2|1|3|1;4;0;3;1;3;3;1/2;3;1/2*t^3 + 2*t^2 + 5/2*t + 1;(1, 6, 9, 5, 1);1;1;1;t + 1;(1, 2, 1)
1|1|1|1|3;2|1|4;3;0;2;1;2;4;1/6;4;1/6*t^4 + 7/6*t^3 + 17/6*t^2 + 17/6*t + 1;(1, 8, 16, 14, 6, 1);1;1;1;t + 1;(1, 2, 1)
1|1|1|1|3;2|2|1|1|1;4;0;3;1;3;3;1;6;t^3 + 3*t^2 + 3*t + 1;(1, 8, 12, 6, 1);1;1;1;t + 1;(1, 2, 1)
1|1|1|1|3;2|2|1|2;3;0;3;0;3;4;1/2;12;1/2*t^4 + 5/2*t^3 + 9/2*t^2 + 7/2*t + 1;(1, 12, 24, 19, 7, 1);1;1;1;t + 1;(1, 2, 1)
1|1|1|1|3;2|2|2|1;3;0;3;0;3;4;1/2;12;1/2*t^4 + 5/2*t^3 + 9/2*t^2 + 7/2*t + 1;(1, 12, 24, 19, 7, 1);1;1;1;t + 1;(1, 2, 1)
1|1|1|1|3;2|2|3;4;1;2;1;4;4;1/2;12;1/2*t^4 + 5/2*t^3 + 9/2*t^2 + 7/2*t + 1;(1, 12, 24, 19, 7, 1);1;1;1;t + 1;(1, 2, 1)
1|1|1|1|3;2|3|1|1;4;0;2;2;2;3;1;6;t^3 + 3*t^2 + 3*t + 1;(1, 8, 12, 6, 1);1;1;1;t + 1;(1, 2, 1)
1|1|1|1|3;2|3|2;3;0;2;1;2;4;1/2;12;1/2*t^4 + 5/2*t^3 + 9/2*t^2 + 7/2*t + 1;(1, 12, 24, 19, 7, 1);1;1;1;t + 1;(1, 2, 1)
1|1|1|1|3;2|4|1;3;0;3;0;3;4;1/3;8;1/3*t^4 + 11/6*t^3 + 11/3*t^2 + 19/6*t + 1;(1, 10, 21, 18, 7, 1);1;1;1;t + 1;(1, 2, 1)
1|1|1|1|3;2|5;3;0;3;0;3;4;1/6;4;1/6*t^4 + 7/6*t^3 + 17/6*t^2 + 17/6*t + 1;(1, 8, 16, 14, 6, 1);1;1;1;t + 1;(1, 2, 1)
1|1|1|1|3;3|1|1|1|1;5;0;2;3;2;2;1;2;t^2 + 2*t + 1;(1, 4, 4, 1);1;1;1;t + 1;(1, 2, 1)
1|1|1|1|3;3|1|1|2;4;0;2;2;2;3;1/2;3;1/2*t^3 + 2*t^2 + 5/2*t + 1;(1, 6, 9, 5, 1);1;1;1;t + 1;(1, 2, 1)
1|1|1|1|3;3|1|2|1;4;0;2;2;2;3;1/2;3;1/2*t^3 + 2*t^2 + 5/2*t + 1;(1, 6, 9, 5, 1);1;1;1;t + 1;(1, 2, 1)
1|1|1|1|3;3|1|3;5;1;1;3;3;3;1/2;3;1/2*t^3 + 2*t^2 + 5/2*t + 1;(1, 6, 9, 5, 1);1;1;1;t + 1;(1, 2, 1)
1|1|1|1|3;3|2|1|1;4;0;2;2;2;3;1;6;t^3 + 3*t^2 + 3*t + 1;(1, 8, 12, 6, 1);1;1;1;t + 1;(1, 2, 1)
1|1|1|1|3;3|2|2;3;0;2;1;2;4;1/2;12;1/2*t^4 + 5/2*t^3 + 9/2*t^2 + 7/2*t + 1;(1, 12, 24, 19, 7, 1);1;1;1;t + 1;(1, 2, 1)
1|1|1|1|3;3|3|1;4;0;3;1;3;3;1/2;3;1/2*t^3 + 2*t^2 + 5/2*t + 1;(1, 6, 9, 5, 1);1;1;1;t + 1;(1, 2, 1)
1|1|1|1|3;3|4;3;0;2;1;2;4;1/6;4;1/6*t^4 + 7/6*t^3 + 17/6*t^2 + 17/6*t + 1;(1, 8, 16, 14, 6, 1);1;1;1;t + 1;(1, 2, 1)
1|1|1|1|3;4|1|1|1;4;0;3;1;3;3;1/2;3;1/2*t^3 + 2*t^2 + 5/2*t + 1;(1, 6, 9, 5, 1);1;1;1;t + 1;(1, 2, 1)
1|1|1|1|3;4|1|2;3;0;3;0;3;4;1/4;6;1/4*t^4 + 3/2*t^3 + 13/4*t^2 + 3*t + 1;(1, 9, 18, 15, 6, 1);1;1;1;t + 1;(1, 2, 1)
1|1|1|1|3;4|2|1;3;0;3;0;3;4;1/4;6;1/4*t^4 + 3/2*t^3 + 13/4*t^2 + 3*t + 1;(1, 9, 18, 15, 6, 1);1;1;1;t + 1;(1, 2, 1)
1|1|1|1|3;4|3;4;1;2;1;4;4;1/4;6;1/4*t^4 + 3/2*t^3 + 13/4*t^2 + 3*t + 1;(1, 9, 18, 15, 6, 1);1;1;1;t + 1;(1, 2, 1)
1|1|1|1|3;5|1|1;4;0;2;2;2;3;1/2;3;1/2*t^3 + 2*t^2 + 5/2*t + 1;(1, 6, 9, 5, 1);2;1/2;1;1/2*t^2 + 3/2*t + 1;(1, 3, 3, 1)
1|1|1|1|3;5|2;3;0;2;1;2;4;1/4;6;1/4*t^4 + 3/2*t^3 + 13/4*t^2 + 3*t + 1;(1, 9, 18, 15, 6, 1);2;1/2;1;1/2*t^2 + 3/2*t + 1;(1, 3, 3, 1)
1|1|1|1|3;6|1;3;0;3;0;3;4;1/8;3;1/8*t^4 + 11/12*t^3 + 19/8*t^2 + 31/12*t + 1;(1, 7, 15, 14, 6, 1);1;1;1;t + 1;(1, 2, 1)
1|1|1|1|3;7;3;0;2;1;2;4;1/12;2;1/12*t^4 + 2/3*t^3 + 23/12*t^2 + 7/3*t + 1;(1, 6, 13, 13, 6, 1);1;1;1;t + 1;(1, 2, 1)
1|1|1|2|1|1;1|1|1|2|1|1;6;1;0;5;2;2;1/2;1;1/2*t^2 + 3/2*t + 1;(1, 3, 3, 1);0;1;1;1;(1, 1)
1|1|1|2|1|1;1|1|1|2|2;5;1;1;3;3;3;1/2;3;1/2*t^3 + 2*t^2 + 5/2*t + 1;(1, 6, 9, 5, 1);0;1;1;1;(1, 1)
1|1|1|2|1|1;1|1|1|3|1;5;0;1;4;1;2;1/2;1;1/2*t^2 + 3/2*t + 1;(1, 3, 3, 1);0;1;1;1;(1, 1)
1|1|1|2|1|1;1|1|1|4;4;0;1;3;1;3;1/3;2;1/3*t^3 + 3/2*t^2 + 13/6*t + 1;(1, 5, 8, 5, 1);0;1;1;1;(1, 1)
1|1|1|2|1|1;1|1|2|1|1|1;5;0;1;4;1;2;1;2;t^2 + 2*t + 1;(1, 4, 4, 1);0;1;1;1;(1, 1)
1|1|1|2|1|1;1|1|2|1|2;4;0;2;2;2;3;1;6;t^3 + 3*t^2 + 3*t + 1;(1, 8, 12, 6, 1);0;1;1;1;(1, 1)
1|1|1|2|1|1;1|1|2|2|1;4;0;1;3;1;3;1;6;t^3 + 3*t^2 + 3*t + 1;(1, 8, 12, 6, 1);0;1;1;1;(1, 1)
1|1|1|2|1|1;1|1|2|3;4;0;1;3;1;3;1;6;t^3 + 3*t^2 + 3*t + 1;(1, 8, 12, 6, 1);0;1;1;1;(1, 1)
1|1|1|2|1|1;1|1|3|1|1;5;0;1;4;1;2;1/2;1;1/2*t^2 + 3/2*t + 1;(1, 3, 3, 1);0;1;1;1;(1, 1)
1|1|1|2|1|1;1|1|3|2;4;0;2;2;2;3;1/2;3;1/2*t^3 + 2*t^2 + 5/2*t + 1;(1, 6, 9, 5, 1);0;1;1;1;(1, 1)
1|1|1|2|1|1;1|1|4|1;5;1;1;3;3;3;1/6;1;1/6*t^3 + t^2 + 11/6*t + 1;(1, 4, 6, 4, 1);0;1;1;1;(1, 1)
1|1|1|2|1|1;1|1|5;4;0;2;2;2;3;1/6;1;1/6*t^3 + t^2 + 11/6*t + 1;(1, 4, 6, 4, 1);0;1;1;1;(1, 1)
1|1|1|2|1|1;1|2|1|1|1|1;5;0;2;3;2;2;1;2;t^2 + 2*t + 1;(1, 4, 4, 1);0;1;1;1;(1, 1)
1|1|1|2|1|1;1|2|1|1|2;4;0;3;1;3;3;1;6;t^3 + 3*t^2 + 3*t + 1;(1, 8, 12, 6, 1);0;1;1;1;(1, 1)
1|1|1|2|1|1;1|2|1|2|1;4;0;2;2;2;3;1;6;t^3 + 3*t^2 + 3*t + 1;(1, 8, 12, 6, 1);0;1;1;1;(1, 1)
1|1|1|2|1|1;1|2|1|3;4;0;2;2;2;3;1;6;t^3 + 3*t^2 + 3*t + 1;(1, 8, 12, 6, 1);0;1;1;1;(1, 1)
1|1|1|2|1|1;1|2|2|1|1;5;1;1;3;3;3;1/2;3;1/2*t^3 + 2*t^2 + 5/2*t + 1;(1, 6, 9, 5, 1);0;1;1;1;(1, 1)
1|1|1|2|1|1;1|2|2|2;4;1;2;1;4;4;1/2;12;1/2*t^4 + 5/2*t^3 + 9/2*t^2 + 7/2*t + 1;(1, 12, 24, 19, 7, 1);0;1;1;1;(1, 1)
1|1|1|2|1|1;1|2|3|1;4;0;2;2;2;3;1/2;3;1/2*t^3 + 2*t^2 + 5/2*t + 1;(1, 6, 9, 5, 1);0;1;1;1;(1, 1)
1|1|1|2|1|1;1|2|4;3;0;2;1;2;4;1/3;8;1/3*t^4 + 11/6*t^3 + 11/3*t^2 + 19/6*t + 1;(1, 10, 21, 18, 7, 1);0;1;1;1;(1, 1)
1|1|1|2|1|1;1|3|1|1|1;5;0;1;4;1;2;1;2;t^2 + 2*t + 1;(1, 4, 4, 1);0;1;1;1;(1, 1)
1|1|1|2|1|1;1|3|1|2;4;0;2;2;2;3;1;6;t^3 + 3*t^2 + 3*t + 1;(1, 8, 12, 6, 1);0;1;1;1;(1, 1)
1|1|1|2|1|1;1|3|2|1;4;0;1;3;1;3;1;6;t^3 + 3*t^2 + 3*t + 1;(1, 8, 12, 6, 1);0;1;1;1;(1, 1)
1|1|1|2|1|1;1|3|3;4;0;1;3;1;3;1;6;t^3 + 3*t^2 + 3*t + 1;(1, 8, 12, 6, 1);0;1;1;1;(1, 1)
1|1|1|2|1|1;1|4|1|1;4;0;1;3;1;3;1/3;2;1/3*t^3 + 3/2*t^2 + 13/6*t + 1;(1, 5, 8, 5, 1);0;1;1;1;(1, 1)
1|1|1|2|1|1;1|4|2;3;0;2;1;2;4;1/3;8;1/3*t^4 + 11/6*t^3 + 11/3*t^2 + 19/6*t + 1;(1, 10, 21, 18, 7, 1);0;1;1;1;(1, 1)
1|1|1|2|1|1;1|5|1;4;0;2;2;2;3;1/6;1;1/6*t^3 + t^2 + 11/6*t + 1;(1, 4, 6, 4, 1);0;1;1;1;(1, 1)
1|1|1|2|1|1;1|6;4;1;2;1;4;4;1/24;1;1/24*t^4 + 5/12*t^3 + 35/24*t^2 + 25/12*t + 1;(1, 5, 10, 10, 5, 1);0;1;1;1;(1, 1)
1|1|1|2|1|1;2|1|1|1|1|1;5;0;2;3;2;2;1;2;t^2 + 2*t + 1;(1, 4, 4, 1);1;1;1;t + 1;(1, 2, 1)
1|1|1|2|1|1;2|1|1|1|2;4;0;3;1;3;3;1;6;t^3 + 3*t^2 + 3*t + 1;(1, 8, 12, 6, 1);1;1;1;t + 1;(1, 2, 1)
1|1|1|2|1|1;2|1|1|2|1;4;0;2;2;2;3;1;6;t^3 + 3*t^2 + 3*t + 1;(1, 8, 12, 6, 1);1;1;1;t + 1;(1, 2, 1)
1|1|1|2|1|1;2|1|1|3;4;0;2;2;2;3;1;6;t^3 + 3*t^2 + 3*t + 1;(1, 8, 12, 6, 1);1;1;1;t + 1;(1, 2, 1)
1|1|1|2|1|1;2|1|2|1|1;5;1;1;3;3;3;1/2;3;1/2*t^3 + 2*t^2 + 5/2*t + 1;(1, 6, 9, 5, 1);1;1;1;t + 1;(1, 2, 1)
1|1|1|2|1|1;2|1|2|2;4;1;2;1;4;4;1/2;12;1/2*t^4 + 5/2*t^3 + 9/2*t^2 + 7/2*t + 1;(1, 12, 24, 19, 7, 1);1;1;1;t + 1;(1, 2, 1)
1|1|1|2|1|1;2|1|3|1;4;0;2;2;2;3;1/2;3;1/2*t^3 + 2*t^2 + 5/2*t + 1;(1, 6, 9, 5, 1);1;1;1;t + 1;(1, 2, 1)
1|1|1|2|1|1;2|1|4;3;0;2;1;2;4;1/3;8;1/3*t^4 + 11/6*t^3 + 11/3*t^2 + 19/6*t + 1;(1, 10, 21, 18, 7, 1);1;1;1;t + 1;(1, 2, 1)
1|1|1|2|1|1;2|2|1|1|1;4;0;2;2;2;3;1;6;t^3 + 3*t^2 + 3*t + 1;(1, 8, 12, 6, 1);1;1;1;t + 1;(1, 2, 1)
1|1|1|2|1|1;2|2|1|2;3;0;3;0;3;4;1;24;t^4 + 4*t^3 + 6*t^2 + 4*t + 1;(1, 16, 32, 24, 8, 1);1;1;1;t + 1;(1, 2, 1)
1|1|1|2|1|1;2|2|2|1;3;0;2;1;2;4;1;24;t^4 + 4*t^3 + 6*t^2 + 4*t + 1;(1, 16, 32, 24, 8, 1);1;1;1;t + 1;(1, 2, 1)
1|1|1|2|1|1;2|2|3;3;0;2;1;2;4;1;24;t^4 + 4*t^3 + 6*t^2 + 4*t + 1;(1, 16, 32, 24, 8, 1);1;1;1;t + 1;(1, 2, 1)
1|1|1|2|1|1;2|3|1|1;4;0;2;2;2;3;1/2;3;1/2*t^3 + 2*t^2 + 5/2*t + 1;(1, 6, 9, 5, 1);1;1;1;t + 1;(1, 2, 1)
1|1|1|2|1|1;2|3|2;3;0;3;0;3;4;1/2;12;1/2*t^4 + 5/2*t^3 + 9/2*t^2 + 7/2*t + 1;(1, 12, 24, 19, 7, 1);1;1;1;t + 1;(1, 2, 1)
1|1|1|2|1|1;2|4|1;4;1;2;1;4;4;1/6;4;1/6*t^4 + 7/6*t^3 + 17/6*t^2 + 17/6*t + 1;(1, 8, 16, 14, 6, 1);1;1;1;t + 1;(1, 2, 1)
1|1|1|2|1|1;2|5;3;0;3;0;3;4;1/6;4;1/6*t^4 + 7/6*t^3 + 17/6*t^2 + 17/6*t + 1;(1, 8, 16, 14, 6, 1);1;1;1;t + 1;(1, 2, 1)
1|1|1|2|1|1;3|1|1|1|1;5;0;2;3;2;2;1;2;t^2 + 2*t + 1;(1, 4, 4, 1);1;1;1;t + 1;(1, 2, 1)
1|1|1|2|1|1;3|1|1|2;4;0;3;1;3;3;1;6;t^3 + 3*t^2 + 3*t + 1;(1, 8, 12, 6, 1);1;1;1;t + 1;(1, 2, 1)
1|1|1|2|1|1;3|1|2|1;4;0;2;2;2;3;1;6;t^3 + 3*t^2 + 3*t + 1;(1, 8, 12, 6, 1);1;1;1;t + 1;(1, 2, 1)
1|1|1|2|1|1;3|1|3;4;0;2;2;2;3;1;6;t^3 + 3*t^2 + 3*t + 1;(1, 8, 12, 6, 1);1;1;1;t + 1;(1, 2, 1)
1|1|1|2|1|1;3|2|1|1;5;1;1;3;3;3;1/2;3;1/2*t^3 + 2*t^2 + 5/2*t + 1;(1, 6, 9, 5, 1);1;1;1;t + 1;(1, 2, 1)
1|1|1|2|1|1;3|2|2;4;1;2;1;4;4;1/2;12;1/2*t^4 + 5/2*t^3 + 9/2*t^2 + 7/2*t + 1;(1, 12, 24, 19, 7, 1);1;1;1;t + 1;(1, 2, 1)
1|1|1|2|1|1;3|3|1;4;0;2;2;2;3;1/2;3;1/2*t^3 + 2*t^2 + 5/2*t + 1;(1, 6, 9, 5, 1);1;1;1;t + 1;(1, 2, 1)
1|1|1|2|1|1;3|4;3;0;2;1;2;4;1/3;8;1/3*t^4 + 11/6*t^3 + 11/3*t^2 + 19/6*t + 1;(1, 10, 21, 18, 7, 1);1;1;1;t + 1;(1, 2, 1)
1|1|1|2|1|1;4|1|1|1;4;0;2;2;2;3;1/2;3;1/2*t^3 + 2*t^2 + 5/2*t + 1;(1, 6, 9, 5, 1);2;1/2;1;1/2*t^2 + 3/2*t + 1;(1, 3, 3, 1)
1|1|1|2|1|1;4|1|2;3;0;3;0;3;4;1/2;12;1/2*t^4 + 5/2*t^3 + 9/2*t^2 + 7/2*t + 1;(1, 12, 24, 19, 7, 1);2;1/2;1;1/2*t^2 + 3/2*t + 1;(1, 3, 3, 1)
1|1|1|2|1|1;4|2|1;3;0;2;1;2;4;1/2;12;1/2*t^4 + 5/2*t^3 + 9/2*t^2 + 7/2*t + 1;(1, 12, 24, 19, 7, 1);3;1/6;1;1/6*t^3 + t^2 + 11/6*t + 1;(1, 4, 6, 4, 1)
1|1|1|2|1|1;4|3;3;0;2;1;2;4;1/2;12;1/2*t^4 + 5/2*t^3 + 9/2*t^2 + 7/2*t + 1;(1, 12, 24, 19, 7, 1);3;1/6;1;1/6*t^3 + t^2 + 11/6*t + 1;(1, 4, 6, 4, 1)
1|1|1|2|1|1;5|1|1;4;0;1;3;1;3;1/3;2;1/3*t^3 + 3/2*t^2 + 13/6*t + 1;(1, 5, 8, 5, 1);1;1;1;t + 1;(1, 2, 1)
1|1|1|2|1|1;5|2;3;0;2;1;2;4;1/3;8;1/3*t^4 + 11/6*t^3 + 11/3*t^2 + 19/6*t + 1;(1, 10, 21, 18, 7, 1);1;1;1;t + 1;(1, 2, 1)
1|1|1|2|1|1;6|1;3;0;2;1;2;4;1/12;2;1/12*t^4 + 2/3*t^3 + 23/12*t^2 + 7/3*t + 1;(1, 6, 13, 13, 6, 1);1;1;1;t + 1;(1, 2, 1)
1|1|1|2|1|1;7;3;0;3;0;3;4;1/24;1;1/24*t^4 + 5/12*t^3 + 35/24*t^2 + 25/12*t + 1;(1, 5, 10, 10, 5, 1);1;1;1;t + 1;(1, 2, 1)
1|1|1|2|2;1|1|1|2|2;5;2;0;3;4;4;1/4;6;1/4*t^4 + 3/2*t^3 + 13/4*t^2 + 3*t + 1;(1, 9, 18, 15, 6, 1);0;1;1;1;(1, 1)
1|1|1|2|2;1|1|1|3|1;4;0;1;3;1;3;1/2;3;1/2*t^3 + 2*t^2 + 5/2*t + 1;(1, 6, 9, 5, 1);0;1;1;1;(1, 1)
1|1|1|2|2;1|1|1|4;4;1;0;3;2;4;1/4;6;1/4*t^4 + 3/2*t^3 + 13/4*t^2 + 3*t + 1;(1, 9, 20, 18, 7, 1);0;1;1;1;(1, 1)
1|1|1|2|2;1|1|2|1|1|1;4;0;2;2;2;3;1;6;t^3 + 3*t^2 + 3*t + 1;(1, 8, 12, 6, 1);0;1;1;1;(1, 1)
1|1|1|2|2;1|1|2|1|2;4;1;1;2;3;4;1/2;12;1/2*t^4 + 5/2*t^3 + 9/2*t^2 + 7/2*t + 1;(1, 12, 24, 19, 7, 1);0;1;1;1;(1, 1)
1|1|1|2|2;1|1|2|2|1;3;0;1;2;1;4;1;24;t^4 + 4*t^3 + 6*t^2 + 4*t + 1;(1, 16, 32, 24, 8, 1);0;1;1;1;(1, 1)
1|1|1|2|2;1|1|2|3;3;0;1;2;1;4;1/2;12;1/2*t^4 + 5/2*t^3 + 9/2*t^2 + 7/2*t + 1;(1, 12, 24, 19, 7, 1);0;1;1;1;(1, 1)
1|1|1|2|2;1|1|3|1|1;4;0;2;2;2;3;1/2;3;1/2*t^3 + 2*t^2 + 5/2*t + 1;(1, 6, 9, 5, 1);0;1;1;1;(1, 1)
1|1|1|2|2;1|1|3|2;4;1;1;2;3;4;1/4;6;1/4*t^4 + 3/2*t^3 + 13/4*t^2 + 3*t + 1;(1, 9, 18, 15, 6, 1);0;1;1;1;(1, 1)
1|1|1|2|2;1|1|4|1;4;1;1;2;3;4;1/6;4;1/6*t^4 + 7/6*t^3 + 17/6*t^2 + 17/6*t + 1;(1, 8, 16, 14, 6, 1);0;1;1;1;(1, 1)
1|1|1|2|2;1|1|5;3;0;1;2;1;4;1/8;3;1/8*t^4 + 11/12*t^3 + 19/8*t^2 + 31/12*t + 1;(1, 7, 15, 14, 6, 1);0;1;1;1;(1, 1)
1|1|1|2|2;1|2|1|1|1|1;4;0;3;1;3;3;1;6;t^3 + 3*t^2 + 3*t + 1;(1, 8, 12, 6, 1);0;1;1;1;(1, 1)
1|1|1|2|2;1|2|1|1|2;4;1;2;1;4;4;1/2;12;1/2*t^4 + 5/2*t^3 + 9/2*t^2 + 7/2*t + 1;(1, 12, 24, 19, 7, 1);0;1;1;1;(1, 1)
1|1|1|2|2;1|2|1|2|1;3;0;2;1;2;4;1;24;t^4 + 4*t^3 + 6*t^2 + 4*t + 1;(1, 16, 32, 24, 8, 1);0;1;1;1;(1, 1)
1|1|1|2|2;1|2|1|3;3;0;2;1;2;4;1/2;12;1/2*t^4 + 5/2*t^3 + 9/2*t^2 + 7/2*t + 1;(1, 12, 24, 19, 7, 1);0;1;1;1;(1, 1)
1|1|1|2|2;1|2|2|1|1;4;1;2;1;4;4;1/2;12;1/2*t^4 + 5/2*t^3 + 9/2*t^2 + 7/2*t + 1;(1, 12, 24, 19, 7, 1);0;1;1;1;(1, 1)
1|1|1|2|2;1|2|2|2;4;2;1;1;5;5;1/4;30;1/4*t^5 + 7/4*t^4 + 19/4*t^3 + 25/4*t^2 + 4*t + 1;(1, 18, 45, 48, 27, 8, 1);0;1;1;1;(1, 1)
1|1|1|2|2;1|2|3|1;3;0;2;1;2;4;1/2;12;1/2*t^4 + 5/2*t^3 + 9/2*t^2 + 7/2*t + 1;(1, 12, 24, 19, 7, 1);0;1;1;1;(1, 1)
1|1|1|2|2;1|2|4;3;1;1;1;3;5;1/4;30;1/4*t^5 + 7/4*t^4 + 19/4*t^3 + 25/4*t^2 + 4*t + 1;(1, 18, 49, 56, 32, 9, 1);0;1;1;1;(1, 1)
1|1|1|2|2;1|3|1|1|1;4;0;2;2;2;3;1;6;t^3 + 3*t^2 + 3*t + 1;(1, 8, 12, 6, 1);0;1;1;1;(1, 1)
1|1|1|2|2;1|3|1|2;4;1;1;2;3;4;1/2;12;1/2*t^4 + 5/2*t^3 + 9/2*t^2 + 7/2*t + 1;(1, 12, 24, 19, 7, 1);0;1;1;1;(1, 1)
1|1|1|2|2;1|3|2|1;3;0;1;2;1;4;1;24;t^4 + 4*t^3 + 6*t^2 + 4*t + 1;(1, 16, 32, 24, 8, 1);0;1;1;1;(1, 1)
1|1|1|2|2;1|3|3;3;0;1;2;1;4;1/2;12;1/2*t^4 + 5/2*t^3 + 9/2*t^2 + 7/2*t + 1;(1, 12, 24, 19, 7, 1);0;1;1;1;(1, 1)
1|1|1|2|2;1|4|1|1;3;0;2;1;2;4;1/3;8;1/3*t^4 + 11/6*t^3 + 11/3*t^2 + 19/6*t + 1;(1, 10, 21, 18, 7, 1);0;1;1;1;(1, 1)
1|1|1|2|2;1|4|2;3;1;1;1;3;5;1/6;20;1/6*t^5 + 5/4*t^4 + 11/3*t^3 + 21/4*t^2 + 11/3*t + 1;(1, 15, 39, 44, 26, 8, 1);0;1;1;1;(1, 1)
1|1|1|2|2;1|5|1;3;0;2;1;2;4;1/6;4;1/6*t^4 + 7/6*t^3 + 17/6*t^2 + 17/6*t + 1;(1, 8, 16, 14, 6, 1);0;1;1;1;(1, 1)
1|1|1|2|2;1|6;3;1;1;1;3;5;1/30;4;1/30*t^5 + 3/8*t^4 + 19/12*t^3 + 25/8*t^2 + 173/60*t + 1;(1, 9, 24, 30, 20, 7, 1);0;1;1;1;(1, 1)
1|1|1|2|2;2|1|1|1|1|1;4;0;3;1;3;3;1;6;t^3 + 3*t^2 + 3*t + 1;(1, 8, 12, 6, 1);1;1;1;t + 1;(1, 2, 1)
1|1|1|2|2;2|1|1|1|2;4;1;2;1;4;4;1/2;12;1/2*t^4 + 5/2*t^3 + 9/2*t^2 + 7/2*t + 1;(1, 12, 24, 19, 7, 1);1;1;1;t + 1;(1, 2, 1)
1|1|1|2|2;2|1|1|2|1;3;0;2;1;2;4;1;24;t^4 + 4*t^3 + 6*t^2 + 4*t + 1;(1, 16, 32, 24, 8, 1);1;1;1;t + 1;(1, 2, 1)
1|1|1|2|2;2|1|1|3;3;0;2;1;2;4;1/2;12;1/2*t^4 + 5/2*t^3 + 9/2*t^2 + 7/2*t + 1;(1, 12, 24, 19, 7, 1);1;1;1;t + 1;(1, 2, 1)
1|1|1|2|2;2|1|2|1|1;4;1;2;1;4;4;1/2;12;1/2*t^4 + 5/2*t^3 + 9/2*t^2 + 7/2*t + 1;(1, 12, 24, 19, 7, 1);1;1;1;t + 1;(1, 2, 1)
1|1|1|2|2;2|1|2|2;4;2;1;1;5;5;1/4;30;1/4*t^5 + 7/4*t^4 + 19/4*t^3 + 25/4*t^2 + 4*t + 1;(1, 18, 45, 48, 27, 8, 1);1;1;1;t + 1;(1, 2, 1)
1|1|1|2|2;2|1|3|1;3;0;2;1;2;4;1/2;12;1/2*t^4 + 5/2*t^3 + 9/2*t^2 + 7/2*t + 1;(1, 12, 24, 19, 7, 1);1;1;1;t + 1;(1, 2, 1)
1|1|1|2|2;2|1|4;3;1;1;1;3;5;1/4;30;1/4*t^5 + 7/4*t^4 + 19/4*t^3 + 25/4*t^2 + 4*t + 1;(1, 18, 49, 56, 32, 9, 1);1;1;1;t + 1;(1, 2, 1)
1|1|1|2|2;2|2|1|1|1;3;0;3;0;3;4;1;24;t^4 + 4*t^3 + 6*t^2 + 4*t + 1;(1, 16, 32, 24, 8, 1);1;1;1;t + 1;(1, 2, 1)
1|1|1|2|2;2|2|1|2;3;1;2;0;4;5;1/2;60;1/2*t^5 + 3*t^4 + 7*t^3 + 8*t^2 + 9/2*t + 1;(1, 24, 60, 62, 33, 9, 1);1;1;1;t + 1;(1, 2, 1)
1|1|1|2|2;2|2|2|1;2;0;2;0;2;5;1;120;t^5 + 5*t^4 + 10*t^3 + 10*t^2 + 5*t + 1;(1, 32, 80, 80, 40, 10, 1);1;1;1;t + 1;(1, 2, 1)
1|1|1|2|2;2|2|3;2;0;2;0;2;5;1/2;60;1/2*t^5 + 3*t^4 + 7*t^3 + 8*t^2 + 9/2*t + 1;(1, 24, 60, 62, 33, 9, 1);1;1;1;t + 1;(1, 2, 1)
1|1|1|2|2;2|3|1|1;3;0;3;0;3;4;1/2;12;1/2*t^4 + 5/2*t^3 + 9/2*t^2 + 7/2*t + 1;(1, 12, 24, 19, 7, 1);1;1;1;t + 1;(1, 2, 1)
1|1|1|2|2;2|3|2;3;1;2;0;4;5;1/4;30;1/4*t^5 + 7/4*t^4 + 19/4*t^3 + 25/4*t^2 + 4*t + 1;(1, 18, 45, 48, 27, 8, 1);1;1;1;t + 1;(1, 2, 1)
1|1|1|2|2;2|4|1;3;1;2;0;4;5;1/6;20;1/6*t^5 + 4/3*t^4 + 4*t^3 + 17/3*t^2 + 23/6*t + 1;(1, 16, 40, 44, 26, 8, 1);1;1;1;t + 1;(1, 2, 1)
1|1|1|2|2;2|5;2;0;2;0;2;5;1/8;15;1/8*t^5 + 25/24*t^4 + 79/24*t^3 + 119/24*t^2 + 43/12*t + 1;(1, 14, 37, 43, 26, 8, 1);1;1;1;t + 1;(1, 2, 1)
1|1|1|2|2;3|1|1|1|1;4;0;3;1;3;3;1;6;t^3 + 3*t^2 + 3*t + 1;(1, 8, 12, 6, 1);1;1;1;t + 1;(1, 2, 1)
1|1|1|2|2;3|1|1|2;4;1;2;1;4;4;1/2;12;1/2*t^4 + 5/2*t^3 + 9/2*t^2 + 7/2*t + 1;(1, 12, 24, 19, 7, 1);1;1;1;t + 1;(1, 2, 1)
1|1|1|2|2;3|1|2|1;3;0;2;1;2;4;1;24;t^4 + 4*t^3 + 6*t^2 + 4*t + 1;(1, 16, 32, 24, 8, 1);1;1;1;t + 1;(1, 2, 1)
1|1|1|2|2;3|1|3;3;0;2;1;2;4;1/2;12;1/2*t^4 + 5/2*t^3 + 9/2*t^2 + 7/2*t + 1;(1, 12, 24, 19, 7, 1);1;1;1;t + 1;(1, 2, 1)
1|1|1|2|2;3|2|1|1;4;1;2;1;4;4;1/2;12;1/2*t^4 + 5/2*t^3 + 9/2*t^2 + 7/2*t + 1;(1, 12, 24, 19, 7, 1);1;1;1;t + 1;(1, 2, 1)
1|1|1|2|2;3|2|2;4;2;1;1;5;5;1/4;30;1/4*t^5 + 7/4*t^4 + 19/4*t^3 + 25/4*t^2 + 4*t + 1;(1, 18, 45, 48, 27, 8, 1);1;1;1;t + 1;(1, 2, 1)
1|1|1|2|2;3|3|1;3;0;2;1;2;4;1/2;12;1/2*t^4 + 5/2*t^3 + 9/2*t^2 + 7/2*t + 1;(1, 12, 24, 19, 7, 1);1;1;1;t + 1;(1, 2, 1)
1|1|1|2|2;3|4;3;1;1;1;3;5;1/4;30;1/4*t^5 + 7/4*t^4 + 19/4*t^3 + 25/4*t^2 + 4*t + 1;(1, 18, 49, 56, 32, 9, 1);1;1;1;t + 1;(1, 2, 1)
1|1|1|2|2;4|1|1|1;3;0;3;0;3;4;1/2;12;1/2*t^4 + 5/2*t^3 + 9/2*t^2 + 7/2*t + 1;(1, 12, 24, 19, 7, 1);2;1/2;1;1/2*t^2 + 3/2*t + 1;(1, 3, 3, 1)
1|1|1|2|2;4|1|2;3;1;2;0;4;5;1/4;30;1/4*t^5 + 7/4*t^4 + 19/4*t^3 + 25/4*t^2 + 4*t + 1;(1, 18, 45, 48, 27, 8, 1);2;1/2;1;1/2*t^2 + 3/2*t + 1;(1, 3, 3, 1)
1|1|1|2|2;4|2|1;2;0;2;0;2;5;1/2;60;1/2*t^5 + 3*t^4 + 7*t^3 + 8*t^2 + 9/2*t + 1;(1, 24, 60, 62, 33, 9, 1);4;1/24;1;1/24*t^4 + 5/12*t^3 + 35/24*t^2 + 25/12*t + 1;(1, 5, 10, 10, 5, 1)
1|1|1|2|2;4|3;2;0;2;0;2;5;1/4;30;1/4*t^5 + 7/4*t^4 + 19/4*t^3 + 25/4*t^2 + 4*t + 1;(1, 18, 45, 48, 27, 8, 1);3;1/6;1;1/6*t^3 + t^2 + 11/6*t + 1;(1, 4, 6, 4, 1)
1|1|1|2|2;5|1|1;3;0;2;1;2;4;1/3;8;1/3*t^4 + 11/6*t^3 + 11/3*t^2 + 19/6*t + 1;(1, 10, 21, 18, 7, 1);1;1;1;t + 1;(1, 2, 1)
1|1|1|2|2;5|2;3;1;1;1;3;5;1/6;20;1/6*t^5 + 5/4*t^4 + 11/3*t^3 + 21/4*t^2 + 11/3*t + 1;(1, 15, 39, 44, 26, 8, 1);1;1;1;t + 1;(1, 2, 1)
1|1|1|2|2;6|1;2;0;2;0;2;5;1/12;10;1/12*t^5 + 3/4*t^4 + 31/12*t^3 + 17/4*t^2 + 10/3*t + 1;(1, 12, 32, 39, 25, 8, 1);2;1/2;1;1/2*t^2 + 3/2*t + 1;(1, 3, 3, 1)
1|1|1|2|2;7;2;0;2;0;2;5;1/30;4;1/30*t^5 + 3/8*t^4 + 19/12*t^3 + 25/8*t^2 + 173/60*t + 1;(1, 9, 24, 30, 20, 7, 1);1;1;1;t + 1;(1, 2, 1)
1|1|1|3|1;1|1|1|3|1;6;1;0;5;2;2;1/2;1;1/2*t^2 + 3/2*t + 1;(1, 3, 3, 1);0;1;1;1;(1, 1)
1|1|1|3|1;1|1|1|4;4;0;1;3;1;3;1/6;1;1/6*t^3 + t^2 + 11/6*t + 1;(1, 4, 6, 4, 1);0;1;1;1;(1, 1)
1|1|1|3|1;1|1|2|1|1|1;5;0;1;4;1;2;1;2;t^2 + 2*t + 1;(1, 4, 4, 1);0;1;1;1;(1, 1)
1|1|1|3|1;1|1|2|1|2;4;0;1;3;1;3;1;6;t^3 + 3*t^2 + 3*t + 1;(1, 8, 12, 6, 1);0;1;1;1;(1, 1)
1|1|1|3|1;1|1|2|2|1;4;0;1;3;1;3;1/2;3;1/2*t^3 + 2*t^2 + 5/2*t + 1;(1, 6, 9, 5, 1);0;1;1;1;(1, 1)
1|1|1|3|1;1|1|2|3;4;0;2;2;2;3;1/2;3;1/2*t^3 + 2*t^2 + 5/2*t + 1;(1, 6, 9, 5, 1);0;1;1;1;(1, 1)
1|1|1|3|1;1|1|3|1|1;5;0;2;3;2;2;1/2;1;1/2*t^2 + 3/2*t + 1;(1, 3, 3, 1);0;1;1;1;(1, 1)
1|1|1|3|1;1|1|3|2;4;0;2;2;2;3;1/2;3;1/2*t^3 + 2*t^2 + 5/2*t + 1;(1, 6, 9, 5, 1);0;1;1;1;(1, 1)
1|1|1|3|1;1|1|4|1;4;0;1;3;1;3;1/6;1;1/6*t^3 + t^2 + 11/6*t + 1;(1, 4, 6, 4, 1);0;1;1;1;(1, 1)
1|1|1|3|1;1|1|5;5;1;1;3;3;3;1/6;1;1/6*t^3 + t^2 + 11/6*t + 1;(1, 4, 6, 4, 1);0;1;1;1;(1, 1)
1|1|1|3|1;1|2|1|1|1|1;5;0;2;3;2;2;1;2;t^2 + 2*t + 1;(1, 4, 4, 1);0;1;1;1;(1, 1)
1|1|1|3|1;1|2|1|1|2;4;0;2;2;2;3;1;6;t^3 + 3*t^2 + 3*t + 1;(1, 8, 12, 6, 1);0;1;1;1;(1, 1)
1|1|1|3|1;1|2|1|2|1;4;0;2;2;2;3;1/2;3;1/2*t^3 + 2*t^2 + 5/2*t + 1;(1, 6, 9, 5, 1);0;1;1;1;(1, 1)
1|1|1|3|1;1|2|1|3;4;0;3;1;3;3;1/2;3;1/2*t^3 + 2*t^2 + 5/2*t + 1;(1, 6, 9, 5, 1);0;1;1;1;(1, 1)
1|1|1|3|1;1|2|2|1|1;4;0;2;2;2;3;1/2;3;1/2*t^3 + 2*t^2 + 5/2*t + 1;(1, 6, 9, 5, 1);0;1;1;1;(1, 1)
1|1|1|3|1;1|2|2|2;3;0;2;1;2;4;1/2;12;1/2*t^4 + 5/2*t^3 + 9/2*t^2 + 7/2*t + 1;(1, 12, 24, 19, 7, 1);0;1;1;1;(1, 1)
1|1|1|3|1;1|2|3|1;5;1;1;3;3;3;1/2;3;1/2*t^3 + 2*t^2 + 5/2*t + 1;(1, 6, 9, 5, 1);0;1;1;1;(1, 1)
1|1|1|3|1;1|2|4;3;0;2;1;2;4;1/6;4;1/6*t^4 + 7/6*t^3 + 17/6*t^2 + 17/6*t + 1;(1, 8, 16, 14, 6, 1);0;1;1;1;(1, 1)
1|1|1|3|1;1|3|1|1|1;5;0;1;4;1;2;1;2;t^2 + 2*t + 1;(1, 4, 4, 1);0;1;1;1;(1, 1)
1|1|1|3|1;1|3|1|2;4;0;1;3;1;3;1;6;t^3 + 3*t^2 + 3*t + 1;(1, 8, 12, 6, 1);0;1;1;1;(1, 1)
1|1|1|3|1;1|3|2|1;4;0;1;3;1;3;1/2;3;1/2*t^3 + 2*t^2 + 5/2*t + 1;(1, 6, 9, 5, 1);0;1;1;1;(1, 1)
1|1|1|3|1;1|3|3;4;0;2;2;2;3;1/2;3;1/2*t^3 + 2*t^2 + 5/2*t + 1;(1, 6, 9, 5, 1);0;1;1;1;(1, 1)
1|1|1|3|1;1|4|1|1;4;0;2;2;2;3;1/3;2;1/3*t^3 + 3/2*t^2 + 13/6*t + 1;(1, 5, 8, 5, 1);0;1;1;1;(1, 1)
1|1|1|3|1;1|4|2;3;0;2;1;2;4;1/3;8;1/3*t^4 + 11/6*t^3 + 11/3*t^2 + 19/6*t + 1;(1, 10, 21, 18, 7, 1);0;1;1;1;(1, 1)
1|1|1|3|1;1|5|1;4;0;2;2;2;3;1/6;1;1/6*t^3 + t^2 + 11/6*t + 1;(1, 4, 6, 4, 1);0;1;1;1;(1, 1)
1|1|1|3|1;1|6;3;0;2;1;2;4;1/24;1;1/24*t^4 + 5/12*t^3 + 35/24*t^2 + 25/12*t + 1;(1, 5, 10, 10, 5, 1);0;1;1;1;(1, 1)
1|1|1|3|1;2|1|1|1|1|1;5;0;2;3;2;2;1;2;t^2 + 2*t + 1;(1, 4, 4, 1);1;1;1;t + 1;(1, 2, 1)
1|1|1|3|1;2|1|1|1|2;4;0;2;2;2;3;1;6;t^3 + 3*t^2 + 3*t + 1;(1, 8, 12, 6, 1);1;1;1;t + 1;(1, 2, 1)
1|1|1|3|1;2|1|1|2|1;4;0;2;2;2;3;1/2;3;1/2*t^3 + 2*t^2 + 5/2*t + 1;(1, 6, 9, 5, 1);1;1;1;t + 1;(1, 2, 1)
1|1|1|3|1;2|1|1|3;4;0;3;1;3;3;1/2;3;1/2*t^3 + 2*t^2 + 5/2*t + 1;(1, 6, 9, 5, 1);1;1;1;t + 1;(1, 2, 1)
1|1|1|3|1;2|1|2|1|1;4;0;2;2;2;3;1/2;3;1/2*t^3 + 2*t^2 + 5/2*t + 1;(1, 6, 9, 5, 1);1;1;1;t + 1;(1, 2, 1)
1|1|1|3|1;2|1|2|2;3;0;2;1;2;4;1/2;12;1/2*t^4 + 5/2*t^3 + 9/2*t^2 + 7/2*t + 1;(1, 12, 24, 19, 7, 1);1;1;1;t + 1;(1, 2, 1)
1|1|1|3|1;2|1|3|1;5;1;1;3;3;3;1/2;3;1/2*t^3 + 2*t^2 + 5/2*t + 1;(1, 6, 9, 5, 1);1;1;1;t + 1;(1, 2, 1)
1|1|1|3|1;2|1|4;3;0;2;1;2;4;1/6;4;1/6*t^4 + 7/6*t^3 + 17/6*t^2 + 17/6*t + 1;(1, 8, 16, 14, 6, 1);1;1;1;t + 1;(1, 2, 1)
1|1|1|3|1;2|2|1|1|1;4;0;2;2;2;3;1;6;t^3 + 3*t^2 + 3*t + 1;(1, 8, 12, 6, 1);1;1;1;t + 1;(1, 2, 1)
1|1|1|3|1;2|2|1|2;3;0;2;1;2;4;1;24;t^4 + 4*t^3 + 6*t^2 + 4*t + 1;(1, 16, 32, 24, 8, 1);1;1;1;t + 1;(1, 2, 1)
1|1|1|3|1;2|2|2|1;3;0;2;1;2;4;1/2;12;1/2*t^4 + 5/2*t^3 + 9/2*t^2 + 7/2*t + 1;(1, 12, 24, 19, 7, 1);1;1;1;t + 1;(1, 2, 1)
1|1|1|3|1;2|2|3;3;0;3;0;3;4;1/2;12;1/2*t^4 + 5/2*t^3 + 9/2*t^2 + 7/2*t + 1;(1, 12, 24, 19, 7, 1);1;1;1;t + 1;(1, 2, 1)
1|1|1|3|1;2|3|1|1;4;0;3;1;3;3;1/2;3;1/2*t^3 + 2*t^2 + 5/2*t + 1;(1, 6, 9, 5, 1);1;1;1;t + 1;(1, 2, 1)
1|1|1|3|1;2|3|2;3;0;3;0;3;4;1/2;12;1/2*t^4 + 5/2*t^3 + 9/2*t^2 + 7/2*t + 1;(1, 12, 24, 19, 7, 1);1;1;1;t + 1;(1, 2, 1)
1|1|1|3|1;2|4|1;3;0;2;1;2;4;1/6;4;1/6*t^4 + 7/6*t^3 + 17/6*t^2 + 17/6*t + 1;(1, 8, 16, 14, 6, 1);1;1;1;t + 1;(1, 2, 1)
1|1|1|3|1;2|5;4;1;2;1;4;4;1/6;4;1/6*t^4 + 7/6*t^3 + 17/6*t^2 + 17/6*t + 1;(1, 8, 16, 14, 6, 1);1;1;1;t + 1;(1, 2, 1)
1|1|1|3|1;3|1|1|1|1;5;0;2;3;2;2;1;2;t^2 + 2*t + 1;(1, 4, 4, 1);1;1;1;t + 1;(1, 2, 1)
1|1|1|3|1;3|1|1|2;4;0;2;2;2;3;1;6;t^3 + 3*t^2 + 3*t + 1;(1, 8, 12, 6, 1);1;1;1;t + 1;(1, 2, 1)
1|1|1|3|1;3|1|2|1;4;0;2;2;2;3;1/2;3;1/2*t^3 + 2*t^2 + 5/2*t + 1;(1, 6, 9, 5, 1);1;1;1;t + 1;(1, 2, 1)
1|1|1|3|1;3|1|3;4;0;3;1;3;3;1/2;3;1/2*t^3 + 2*t^2 + 5/2*t + 1;(1, 6, 9, 5, 1);1;1;1;t + 1;(1, 2, 1)
1|1|1|3|1;3|2|1|1;4;0;2;2;2;3;1/2;3;1/2*t^3 + 2*t^2 + 5/2*t + 1;(1, 6, 9, 5, 1);1;1;1;t + 1;(1, 2, 1)
1|1|1|3|1;3|2|2;3;0;2;1;2;4;1/2;12;1/2*t^4 + 5/2*t^3 + 9/2*t^2 + 7/2*t + 1;(1, 12, 24, 19, 7, 1);1;1;1;t + 1;(1, 2, 1)
1|1|1|3|1;3|3|1;5;1;1;3;3;3;1/2;3;1/2*t^3 + 2*t^2 + 5/2*t + 1;(1, 6, 9, 5, 1);1;1;1;t + 1;(1, 2, 1)
1|1|1|3|1;3|4;3;0;2;1;2;4;1/6;4;1/6*t^4 + 7/6*t^3 + 17/6*t^2 + 17/6*t + 1;(1, 8, 16, 14, 6, 1);1;1;1;t + 1;(1, 2, 1)
1|1|1|3|1;4|1|1|1;4;0;2;2;2;3;1/2;3;1/2*t^3 + 2*t^2 + 5/2*t + 1;(1, 6, 9, 5, 1);2;1/2;1;1/2*t^2 + 3/2*t + 1;(1, 3, 3, 1)
1|1|1|3|1;4|1|2;3;0;2;1;2;4;1/2;12;1/2*t^4 + 5/2*t^3 + 9/2*t^2 + 7/2*t + 1;(1, 12, 24, 19, 7, 1);3;1/6;1;1/6*t^3 + t^2 + 11/6*t + 1;(1, 4, 6, 4, 1)
1|1|1|3|1;4|2|1;3;0;2;1;2;4;1/4;6;1/4*t^4 + 3/2*t^3 + 13/4*t^2 + 3*t + 1;(1, 9, 18, 15, 6, 1);2;1/2;1;1/2*t^2 + 3/2*t + 1;(1, 3, 3, 1)
1|1|1|3|1;4|3;3;0;3;0;3;4;1/4;6;1/4*t^4 + 3/2*t^3 + 13/4*t^2 + 3*t + 1;(1, 9, 18, 15, 6, 1);2;1/2;1;1/2*t^2 + 3/2*t + 1;(1, 3, 3, 1)
1|1|1|3|1;5|1|1;4;0;2;2;2;3;1/3;2;1/3*t^3 + 3/2*t^2 + 13/6*t + 1;(1, 5, 8, 5, 1);1;1;1;t + 1;(1, 2, 1)
1|1|1|3|1;5|2;3;0;2;1;2;4;1/3;8;1/3*t^4 + 11/6*t^3 + 11/3*t^2 + 19/6*t + 1;(1, 10, 21, 18, 7, 1);1;1;1;t + 1;(1, 2, 1)
1|1|1|3|1;6|1;3;0;2;1;2;4;1/12;2;1/12*t^4 + 2/3*t^3 + 23/12*t^2 + 7/3*t + 1;(1, 6, 13, 13, 6, 1);1;1;1;t + 1;(1, 2, 1)
1|1|1|3|1;7;3;0;3;0;3;4;1/24;1;1/24*t^4 + 5/12*t^3 + 35/24*t^2 + 25/12*t + 1;(1, 5, 10, 10, 5, 1);1;1;1;t + 1;(1, 2, 1)
1|1|1|4;1|1|1|4;5;2;0;3;4;4;1/24;1;1/24*t^4 + 5/12*t^3 + 35/24*t^2 + 25/12*t + 1;(1, 5, 10, 10, 5, 1);0;1;1;1;(1, 1)
1|1|1|4;1|1|2|1|1|1;4;0;2;2;2;3;1/2;3;1/2*t^3 + 2*t^2 + 5/2*t + 1;(1, 6, 9, 5, 1);0;1;1;1;(1, 1)
1|1|1|4;1|1|2|1|2;3;0;1;2;1;4;1/3;8;1/3*t^4 + 11/6*t^3 + 11/3*t^2 + 19/6*t + 1;(1, 10, 21, 18, 7, 1);0;1;1;1;(1, 1)
1|1|1|4;1|1|2|2|1;4;1;1;2;3;4;1/6;4;1/6*t^4 + 7/6*t^3 + 17/6*t^2 + 17/6*t + 1;(1, 8, 16, 14, 6, 1);0;1;1;1;(1, 1)
1|1|1|4;1|1|2|3;3;0;1;2;1;4;1/6;4;1/6*t^4 + 7/6*t^3 + 17/6*t^2 + 17/6*t + 1;(1, 8, 16, 14, 6, 1);0;1;1;1;(1, 1)
1|1|1|4;1|1|3|1|1;4;0;2;2;2;3;1/3;2;1/3*t^3 + 3/2*t^2 + 13/6*t + 1;(1, 5, 8, 5, 1);0;1;1;1;(1, 1)
1|1|1|4;1|1|3|2;3;0;1;2;1;4;1/4;6;1/4*t^4 + 3/2*t^3 + 13/4*t^2 + 3*t + 1;(1, 9, 20, 18, 7, 1);0;1;1;1;(1, 1)
1|1|1|4;1|1|4|1;3;0;1;2;1;4;1/12;2;1/12*t^4 + 2/3*t^3 + 23/12*t^2 + 7/3*t + 1;(1, 6, 13, 13, 6, 1);0;1;1;1;(1, 1)
1|1|1|4;1|1|5;3;0;1;2;1;4;1/24;1;1/24*t^4 + 5/12*t^3 + 35/24*t^2 + 25/12*t + 1;(1, 5, 10, 10, 5, 1);0;1;1;1;(1, 1)
1|1|1|4;1|2|1|1|1|1;4;0;3;1;3;3;1/2;3;1/2*t^3 + 2*t^2 + 5/2*t + 1;(1, 6, 9, 5, 1);0;1;1;1;(1, 1)
1|1|1|4;1|2|1|1|2;3;0;2;1;2;4;1/3;8;1/3*t^4 + 11/6*t^3 + 11/3*t^2 + 19/6*t + 1;(1, 10, 21, 18, 7, 1);0;1;1;1;(1, 1)
1|1|1|4;1|2|1|2|1;4;1;2;1;4;4;1/6;4;1/6*t^4 + 7/6*t^3 + 17/6*t^2 + 17/6*t + 1;(1, 8, 16, 14, 6, 1);0;1;1;1;(1, 1)
1|1|1|4;1|2|1|3;3;0;2;1;2;4;1/6;4;1/6*t^4 + 7/6*t^3 + 17/6*t^2 + 17/6*t + 1;(1, 8, 16, 14, 6, 1);0;1;1;1;(1, 1)
1|1|1|4;1|2|2|1|1;3;0;2;1;2;4;1/3;8;1/3*t^4 + 11/6*t^3 + 11/3*t^2 + 19/6*t + 1;(1, 10, 21, 18, 7, 1);0;1;1;1;(1, 1)
1|1|1|4;1|2|2|2;3;1;1;1;3;5;1/4;30;1/4*t^5 + 7/4*t^4 + 19/4*t^3 + 25/4*t^2 + 4*t + 1;(1, 18, 49, 56, 32, 9, 1);0;1;1;1;(1, 1)
1|1|1|4;1|2|3|1;3;0;2;1;2;4;1/6;4;1/6*t^4 + 7/6*t^3 + 17/6*t^2 + 17/6*t + 1;(1, 8, 16, 14, 6, 1);0;1;1;1;(1, 1)
1|1|1|4;1|2|4;4;2;1;1;5;5;1/24;5;1/24*t^5 + 11/24*t^4 + 15/8*t^3 + 85/24*t^2 + 37/12*t + 1;(1, 10, 25, 30, 20, 7, 1);0;1;1;1;(1, 1)
1|1|1|4;1|3|1|1|1;4;0;2;2;2;3;1/2;3;1/2*t^3 + 2*t^2 + 5/2*t + 1;(1, 6, 9, 5, 1);0;1;1;1;(1, 1)
1|1|1|4;1|3|1|2;3;0;1;2;1;4;1/3;8;1/3*t^4 + 11/6*t^3 + 11/3*t^2 + 19/6*t + 1;(1, 10, 21, 18, 7, 1);0;1;1;1;(1, 1)
1|1|1|4;1|3|2|1;4;1;1;2;3;4;1/6;4;1/6*t^4 + 7/6*t^3 + 17/6*t^2 + 17/6*t + 1;(1, 8, 16, 14, 6, 1);0;1;1;1;(1, 1)
1|1|1|4;1|3|3;3;0;1;2;1;4;1/6;4;1/6*t^4 + 7/6*t^3 + 17/6*t^2 + 17/6*t + 1;(1, 8, 16, 14, 6, 1);0;1;1;1;(1, 1)
1|1|1|4;1|4|1|1;3;0;2;1;2;4;5/24;5;5/24*t^4 + 5/4*t^3 + 67/24*t^2 + 11/4*t + 1;(1, 8, 18, 17, 7, 1);0;1;1;1;(1, 1)
1|1|1|4;1|4|2;2;0;1;1;1;5;3/20;18;3/20*t^5 + 9/8*t^4 + 10/3*t^3 + 39/8*t^2 + 211/60*t + 1;(1, 14, 41, 51, 31, 9, 1);0;1;1;1;(1, 1)
1|1|1|4;1|5|1;3;0;2;1;2;4;1/12;2;1/12*t^4 + 2/3*t^3 + 23/12*t^2 + 7/3*t + 1;(1, 6, 13, 13, 6, 1);0;1;1;1;(1, 1)
1|1|1|4;1|6;2;0;1;1;1;5;1/60;2;1/60*t^5 + 5/24*t^4 + t^3 + 55/24*t^2 + 149/60*t + 1;(1, 7, 19, 26, 19, 7, 1);0;1;1;1;(1, 1)
1|1|1|4;2|1|1|1|1|1;4;0;3;1;3;3;1/2;3;1/2*t^3 + 2*t^2 + 5/2*t + 1;(1, 6, 9, 5, 1);1;1;1;t + 1;(1, 2, 1)
1|1|1|4;2|1|1|1|2;3;0;2;1;2;4;1/3;8;1/3*t^4 + 11/6*t^3 + 11/3*t^2 + 19/6*t + 1;(1, 10, 21, 18, 7, 1);1;1;1;t + 1;(1, 2, 1)
1|1|1|4;2|1|1|2|1;4;1;2;1;4;4;1/6;4;1/6*t^4 + 7/6*t^3 + 17/6*t^2 + 17/6*t + 1;(1, 8, 16, 14, 6, 1);1;1;1;t + 1;(1, 2, 1)
1|1|1|4;2|1|1|3;3;0;2;1;2;4;1/6;4;1/6*t^4 + 7/6*t^3 + 17/6*t^2 + 17/6*t + 1;(1, 8, 16, 14, 6, 1);1;1;1;t + 1;(1, 2, 1)
1|1|1|4;2|1|2|1|1;3;0;2;1;2;4;1/3;8;1/3*t^4 + 11/6*t^3 + 11/3*t^2 + 19/6*t + 1;(1, 10, 21, 18, 7, 1);1;1;1;t + 1;(1, 2, 1)
1|1|1|4;2|1|2|2;3;1;1;1;3;5;1/4;30;1/4*t^5 + 7/4*t^4 + 19/4*t^3 + 25/4*t^2 + 4*t + 1;(1, 18, 49, 56, 32, 9, 1);1;1;1;t + 1;(1, 2, 1)
1|1|1|4;2|1|3|1;3;0;2;1;2;4;1/6;4;1/6*t^4 + 7/6*t^3 + 17/6*t^2 + 17/6*t + 1;(1, 8, 16, 14, 6, 1);1;1;1;t + 1;(1, 2, 1)
1|1|1|4;2|1|4;4;2;1;1;5;5;1/24;5;1/24*t^5 + 11/24*t^4 + 15/8*t^3 + 85/24*t^2 + 37/12*t + 1;(1, 10, 25, 30, 20, 7, 1);1;1;1;t + 1;(1, 2, 1)
1|1|1|4;2|2|1|1|1;3;0;3;0;3;4;1/2;12;1/2*t^4 + 5/2*t^3 + 9/2*t^2 + 7/2*t + 1;(1, 12, 24, 19, 7, 1);1;1;1;t + 1;(1, 2, 1)
1|1|1|4;2|2|1|2;2;0;2;0;2;5;1/3;40;1/3*t^5 + 13/6*t^4 + 11/2*t^3 + 41/6*t^2 + 25/6*t + 1;(1, 20, 52, 57, 32, 9, 1);1;1;1;t + 1;(1, 2, 1)
1|1|1|4;2|2|2|1;3;1;2;0;4;5;1/6;20;1/6*t^5 + 4/3*t^4 + 4*t^3 + 17/3*t^2 + 23/6*t + 1;(1, 16, 40, 44, 26, 8, 1);1;1;1;t + 1;(1, 2, 1)
1|1|1|4;2|2|3;2;0;2;0;2;5;1/6;20;1/6*t^5 + 4/3*t^4 + 4*t^3 + 17/3*t^2 + 23/6*t + 1;(1, 16, 40, 44, 26, 8, 1);1;1;1;t + 1;(1, 2, 1)
1|1|1|4;2|3|1|1;3;0;3;0;3;4;1/3;8;1/3*t^4 + 11/6*t^3 + 11/3*t^2 + 19/6*t + 1;(1, 10, 21, 18, 7, 1);1;1;1;t + 1;(1, 2, 1)
1|1|1|4;2|3|2;2;0;2;0;2;5;1/4;30;1/4*t^5 + 7/4*t^4 + 19/4*t^3 + 25/4*t^2 + 4*t + 1;(1, 18, 49, 56, 32, 9, 1);1;1;1;t + 1;(1, 2, 1)
1|1|1|4;2|4|1;2;0;2;0;2;5;1/12;10;1/12*t^5 + 3/4*t^4 + 31/12*t^3 + 17/4*t^2 + 10/3*t + 1;(1, 12, 32, 39, 25, 8, 1);1;1;1;t + 1;(1, 2, 1)
1|1|1|4;2|5;2;0;2;0;2;5;1/24;5;1/24*t^5 + 11/24*t^4 + 15/8*t^3 + 85/24*t^2 + 37/12*t + 1;(1, 10, 25, 30, 20, 7, 1);1;1;1;t + 1;(1, 2, 1)
1|1|1|4;3|1|1|1|1;4;0;3;1;3;3;1/2;3;1/2*t^3 + 2*t^2 + 5/2*t + 1;(1, 6, 9, 5, 1);1;1;1;t + 1;(1, 2, 1)
1|1|1|4;3|1|1|2;3;0;2;1;2;4;1/3;8;1/3*t^4 + 11/6*t^3 + 11/3*t^2 + 19/6*t + 1;(1, 10, 21, 18, 7, 1);1;1;1;t + 1;(1, 2, 1)
1|1|1|4;3|1|2|1;4;1;2;1;4;4;1/6;4;1/6*t^4 + 7/6*t^3 + 17/6*t^2 + 17/6*t + 1;(1, 8, 16, 14, 6, 1);1;1;1;t + 1;(1, 2, 1)
1|1|1|4;3|1|3;3;0;2;1;2;4;1/6;4;1/6*t^4 + 7/6*t^3 + 17/6*t^2 + 17/6*t + 1;(1, 8, 16, 14, 6, 1);1;1;1;t + 1;(1, 2, 1)
1|1|1|4;3|2|1|1;3;0;2;1;2;4;1/3;8;1/3*t^4 + 11/6*t^3 + 11/3*t^2 + 19/6*t + 1;(1, 10, 21, 18, 7, 1);1;1;1;t + 1;(1, 2, 1)
1|1|1|4;3|2|2;3;1;1;1;3;5;1/4;30;1/4*t^5 + 7/4*t^4 + 19/4*t^3 + 25/4*t^2 + 4*t + 1;(1, 18, 49, 56, 32, 9, 1);1;1;1;t + 1;(1, 2, 1)
1|1|1|4;3|3|1;3;0;2;1;2;4;1/6;4;1/6*t^4 + 7/6*t^3 + 17/6*t^2 + 17/6*t + 1;(1, 8, 16, 14, 6, 1);1;1;1;t + 1;(1, 2, 1)
1|1|1|4;3|4;4;2;1;1;5;5;1/24;5;1/24*t^5 + 11/24*t^4 + 15/8*t^3 + 85/24*t^2 + 37/12*t + 1;(1, 10, 25, 30, 20, 7, 1);1;1;1;t + 1;(1, 2, 1)
1|1|1|4;4|1|1|1;3;0;3;0;3;4;1/4;6;1/4*t^4 + 3/2*t^3 + 13/4*t^2 + 3*t + 1;(1, 9, 18, 15, 6, 1);2;1/2;1;1/2*t^2 + 3/2*t + 1;(1, 3, 3, 1)
1|1|1|4;4|1|2;2;0;2;0;2;5;1/6;20;1/6*t^5 + 5/4*t^4 + 11/3*t^3 + 21/4*t^2 + 11/3*t + 1;(1, 15, 39, 44, 26, 8, 1);2;1/2;1;1/2*t^2 + 3/2*t + 1;(1, 3, 3, 1)
1|1|1|4;4|2|1;3;1;2;0;4;5;1/12;10;1/12*t^5 + 3/4*t^4 + 31/12*t^3 + 17/4*t^2 + 10/3*t + 1;(1, 12, 30, 34, 21, 7, 1);2;1/2;1;1/2*t^2 + 3/2*t + 1;(1, 3, 3, 1)
1|1|1|4;4|3;2;0;2;0;2;5;1/12;10;1/12*t^5 + 3/4*t^4 + 31/12*t^3 + 17/4*t^2 + 10/3*t + 1;(1, 12, 30, 34, 21, 7, 1);2;1/2;1;1/2*t^2 + 3/2*t + 1;(1, 3, 3, 1)
1|1|1|4;5|1|1;3;0;2;1;2;4;5/24;5;5/24*t^4 + 5/4*t^3 + 67/24*t^2 + 11/4*t + 1;(1, 8, 18, 17, 7, 1);2;1/2;1;1/2*t^2 + 3/2*t + 1;(1, 3, 3, 1)
1|1|1|4;5|2;2;0;1;1;1;5;3/20;18;3/20*t^5 + 9/8*t^4 + 10/3*t^3 + 39/8*t^2 + 211/60*t + 1;(1, 14, 41, 51, 31, 9, 1);3;1/6;1;1/6*t^3 + t^2 + 11/6*t + 1;(1, 4, 6, 4, 1)
1|1|1|4;6|1;2;0;2;0;2;5;1/24;5;1/24*t^5 + 5/12*t^4 + 13/8*t^3 + 37/12*t^2 + 17/6*t + 1;(1, 9, 26, 35, 24, 8, 1);1;1;1;t + 1;(1, 2, 1)
1|1|1|4;7;2;0;2;0;2;5;1/60;2;1/60*t^5 + 5/24*t^4 + t^3 + 55/24*t^2 + 149/60*t + 1;(1, 7, 19, 26, 19, 7, 1);1;1;1;t + 1;(1, 2, 1)
1|1|2|1|1|1;1|1|2|1|1|1;6;1;0;5;2;2;1/2;1;1/2*t^2 + 3/2*t + 1;(1, 3, 3, 1);0;1;1;1;(1, 1)
1|1|2|1|1|1;1|1|2|1|2;5;1;1;3;3;3;1/2;3;1/2*t^3 + 2*t^2 + 5/2*t + 1;(1, 6, 9, 5, 1);0;1;1;1;(1, 1)
1|1|2|1|1|1;1|1|2|2|1;5;1;1;3;3;3;1/2;3;1/2*t^3 + 2*t^2 + 5/2*t + 1;(1, 6, 9, 5, 1);0;1;1;1;(1, 1)
1|1|2|1|1|1;1|1|2|3;5;1;1;3;3;3;1/2;3;1/2*t^3 + 2*t^2 + 5/2*t + 1;(1, 6, 9, 5, 1);0;1;1;1;(1, 1)
1|1|2|1|1|1;1|1|3|1|1;5;0;1;4;1;2;1/2;1;1/2*t^2 + 3/2*t + 1;(1, 3, 3, 1);0;1;1;1;(1, 1)
1|1|2|1|1|1;1|1|3|2;4;0;2;2;2;3;1/2;3;1/2*t^3 + 2*t^2 + 5/2*t + 1;(1, 6, 9, 5, 1);0;1;1;1;(1, 1)
1|1|2|1|1|1;1|1|4|1;4;0;1;3;1;3;1/3;2;1/3*t^3 + 3/2*t^2 + 13/6*t + 1;(1, 5, 8, 5, 1);0;1;1;1;(1, 1)
1|1|2|1|1|1;1|1|5;4;0;1;3;1;3;1/3;2;1/3*t^3 + 3/2*t^2 + 13/6*t + 1;(1, 5, 8, 5, 1);0;1;1;1;(1, 1)
1|1|2|1|1|1;1|2|1|1|1|1;5;0;1;4;1;2;1;2;t^2 + 2*t + 1;(1, 4, 4, 1);0;1;1;1;(1, 1)
1|1|2|1|1|1;1|2|1|1|2;4;0;2;2;2;3;1;6;t^3 + 3*t^2 + 3*t + 1;(1, 8, 12, 6, 1);0;1;1;1;(1, 1)
1|1|2|1|1|1;1|2|1|2|1;4;0;2;2;2;3;1;6;t^3 + 3*t^2 + 3*t + 1;(1, 8, 12, 6, 1);0;1;1;1;(1, 1)
1|1|2|1|1|1;1|2|1|3;4;0;2;2;2;3;1;6;t^3 + 3*t^2 + 3*t + 1;(1, 8, 12, 6, 1);0;1;1;1;(1, 1)
1|1|2|1|1|1;1|2|2|1|1;4;0;1;3;1;3;1;6;t^3 + 3*t^2 + 3*t + 1;(1, 8, 12, 6, 1);0;1;1;1;(1, 1)
1|1|2|1|1|1;1|2|2|2;3;0;2;1;2;4;1;24;t^4 + 4*t^3 + 6*t^2 + 4*t + 1;(1, 16, 32, 24, 8, 1);0;1;1;1;(1, 1)
1|1|2|1|1|1;1|2|3|1;4;0;1;3;1;3;1;6;t^3 + 3*t^2 + 3*t + 1;(1, 8, 12, 6, 1);0;1;1;1;(1, 1)
1|1|2|1|1|1;1|2|4;3;0;2;1;2;4;1/2;12;1/2*t^4 + 5/2*t^3 + 9/2*t^2 + 7/2*t + 1;(1, 12, 24, 19, 7, 1);0;1;1;1;(1, 1)
1|1|2|1|1|1;1|3|1|1|1;5;0;1;4;1;2;1/2;1;1/2*t^2 + 3/2*t + 1;(1, 3, 3, 1);0;1;1;1;(1, 1)
1|1|2|1|1|1;1|3|1|2;4;0;2;2;2;3;1/2;3;1/2*t^3 + 2*t^2 + 5/2*t + 1;(1, 6, 9, 5, 1);0;1;1;1;(1, 1)
1|1|2|1|1|1;1|3|2|1;4;0;2;2;2;3;1/2;3;1/2*t^3 + 2*t^2 + 5/2*t + 1;(1, 6, 9, 5, 1);0;1;1;1;(1, 1)
1|1|2|1|1|1;1|3|3;4;0;2;2;2;3;1/2;3;1/2*t^3 + 2*t^2 + 5/2*t + 1;(1, 6, 9, 5, 1);0;1;1;1;(1, 1)
1|1|2|1|1|1;1|4|1|1;5;1;1;3;3;3;1/6;1;1/6*t^3 + t^2 + 11/6*t + 1;(1, 4, 6, 4, 1);0;1;1;1;(1, 1)
1|1|2|1|1|1;1|4|2;4;1;2;1;4;4;1/6;4;1/6*t^4 + 7/6*t^3 + 17/6*t^2 + 17/6*t + 1;(1, 8, 16, 14, 6, 1);0;1;1;1;(1, 1)
1|1|2|1|1|1;1|5|1;4;0;2;2;2;3;1/6;1;1/6*t^3 + t^2 + 11/6*t + 1;(1, 4, 6, 4, 1);0;1;1;1;(1, 1)
1|1|2|1|1|1;1|6;3;0;2;1;2;4;1/12;2;1/12*t^4 + 2/3*t^3 + 23/12*t^2 + 7/3*t + 1;(1, 6, 13, 13, 6, 1);0;1;1;1;(1, 1)
1|1|2|1|1|1;2|1|1|1|1|1;5;0;2;3;2;2;1;2;t^2 + 2*t + 1;(1, 4, 4, 1);1;1;1;t + 1;(1, 2, 1)
1|1|2|1|1|1;2|1|1|1|2;4;0;3;1;3;3;1;6;t^3 + 3*t^2 + 3*t + 1;(1, 8, 12, 6, 1);1;1;1;t + 1;(1, 2, 1)
1|1|2|1|1|1;2|1|1|2|1;4;0;3;1;3;3;1;6;t^3 + 3*t^2 + 3*t + 1;(1, 8, 12, 6, 1);1;1;1;t + 1;(1, 2, 1)
1|1|2|1|1|1;2|1|1|3;4;0;3;1;3;3;1;6;t^3 + 3*t^2 + 3*t + 1;(1, 8, 12, 6, 1);1;1;1;t + 1;(1, 2, 1)
1|1|2|1|1|1;2|1|2|1|1;4;0;2;2;2;3;1;6;t^3 + 3*t^2 + 3*t + 1;(1, 8, 12, 6, 1);1;1;1;t + 1;(1, 2, 1)
1|1|2|1|1|1;2|1|2|2;3;0;3;0;3;4;1;24;t^4 + 4*t^3 + 6*t^2 + 4*t + 1;(1, 16, 32, 24, 8, 1);1;1;1;t + 1;(1, 2, 1)
1|1|2|1|1|1;2|1|3|1;4;0;2;2;2;3;1;6;t^3 + 3*t^2 + 3*t + 1;(1, 8, 12, 6, 1);1;1;1;t + 1;(1, 2, 1)
1|1|2|1|1|1;2|1|4;3;0;3;0;3;4;1/2;12;1/2*t^4 + 5/2*t^3 + 9/2*t^2 + 7/2*t + 1;(1, 12, 24, 19, 7, 1);1;1;1;t + 1;(1, 2, 1)
1|1|2|1|1|1;2|2|1|1|1;5;1;1;3;3;3;1/2;3;1/2*t^3 + 2*t^2 + 5/2*t + 1;(1, 6, 9, 5, 1);1;1;1;t + 1;(1, 2, 1)
1|1|2|1|1|1;2|2|1|2;4;1;2;1;4;4;1/2;12;1/2*t^4 + 5/2*t^3 + 9/2*t^2 + 7/2*t + 1;(1, 12, 24, 19, 7, 1);1;1;1;t + 1;(1, 2, 1)
1|1|2|1|1|1;2|2|2|1;4;1;2;1;4;4;1/2;12;1/2*t^4 + 5/2*t^3 + 9/2*t^2 + 7/2*t + 1;(1, 12, 24, 19, 7, 1);1;1;1;t + 1;(1, 2, 1)
1|1|2|1|1|1;2|2|3;4;1;2;1;4;4;1/2;12;1/2*t^4 + 5/2*t^3 + 9/2*t^2 + 7/2*t + 1;(1, 12, 24, 19, 7, 1);1;1;1;t + 1;(1, 2, 1)
1|1|2|1|1|1;2|3|1|1;4;0;2;2;2;3;1/2;3;1/2*t^3 + 2*t^2 + 5/2*t + 1;(1, 6, 9, 5, 1);1;1;1;t + 1;(1, 2, 1)
1|1|2|1|1|1;2|3|2;3;0;3;0;3;4;1/2;12;1/2*t^4 + 5/2*t^3 + 9/2*t^2 + 7/2*t + 1;(1, 12, 24, 19, 7, 1);1;1;1;t + 1;(1, 2, 1)
1|1|2|1|1|1;2|4|1;3;0;2;1;2;4;1/3;8;1/3*t^4 + 11/6*t^3 + 11/3*t^2 + 19/6*t + 1;(1, 10, 21, 18, 7, 1);1;1;1;t + 1;(1, 2, 1)
1|1|2|1|1|1;2|5;3;0;2;1;2;4;1/3;8;1/3*t^4 + 11/6*t^3 + 11/3*t^2 + 19/6*t + 1;(1, 10, 21, 18, 7, 1);1;1;1;t + 1;(1, 2, 1)
1|1|2|1|1|1;3|1|1|1|1;5;0;1;4;1;2;1;2;t^2 + 2*t + 1;(1, 4, 4, 1);2;1/2;1;1/2*t^2 + 3/2*t + 1;(1, 3, 3, 1)
1|1|2|1|1|1;3|1|1|2;4;0;2;2;2;3;1;6;t^3 + 3*t^2 + 3*t + 1;(1, 8, 12, 6, 1);2;1/2;1;1/2*t^2 + 3/2*t + 1;(1, 3, 3, 1)
1|1|2|1|1|1;3|1|2|1;4;0;2;2;2;3;1;6;t^3 + 3*t^2 + 3*t + 1;(1, 8, 12, 6, 1);2;1/2;1;1/2*t^2 + 3/2*t + 1;(1, 3, 3, 1)
1|1|2|1|1|1;3|1|3;4;0;2;2;2;3;1;6;t^3 + 3*t^2 + 3*t + 1;(1, 8, 12, 6, 1);2;1/2;1;1/2*t^2 + 3/2*t + 1;(1, 3, 3, 1)
1|1|2|1|1|1;3|2|1|1;4;0;1;3;1;3;1;6;t^3 + 3*t^2 + 3*t + 1;(1, 8, 12, 6, 1);3;1/6;1;1/6*t^3 + t^2 + 11/6*t + 1;(1, 4, 6, 4, 1)
1|1|2|1|1|1;3|2|2;3;0;2;1;2;4;1;24;t^4 + 4*t^3 + 6*t^2 + 4*t + 1;(1, 16, 32, 24, 8, 1);3;1/6;1;1/6*t^3 + t^2 + 11/6*t + 1;(1, 4, 6, 4, 1)
1|1|2|1|1|1;3|3|1;4;0;1;3;1;3;1;6;t^3 + 3*t^2 + 3*t + 1;(1, 8, 12, 6, 1);3;1/6;1;1/6*t^3 + t^2 + 11/6*t + 1;(1, 4, 6, 4, 1)
1|1|2|1|1|1;3|4;3;0;2;1;2;4;1/2;12;1/2*t^4 + 5/2*t^3 + 9/2*t^2 + 7/2*t + 1;(1, 12, 24, 19, 7, 1);3;1/6;1;1/6*t^3 + t^2 + 11/6*t + 1;(1, 4, 6, 4, 1)
1|1|2|1|1|1;4|1|1|1;4;0;1;3;1;3;1/3;2;1/3*t^3 + 3/2*t^2 + 13/6*t + 1;(1, 5, 8, 5, 1);1;1;1;t + 1;(1, 2, 1)
1|1|2|1|1|1;4|1|2;3;0;2;1;2;4;1/3;8;1/3*t^4 + 11/6*t^3 + 11/3*t^2 + 19/6*t + 1;(1, 10, 21, 18, 7, 1);1;1;1;t + 1;(1, 2, 1)
1|1|2|1|1|1;4|2|1;3;0;2;1;2;4;1/3;8;1/3*t^4 + 11/6*t^3 + 11/3*t^2 + 19/6*t + 1;(1, 10, 21, 18, 7, 1);1;1;1;t + 1;(1, 2, 1)
1|1|2|1|1|1;4|3;3;0;2;1;2;4;1/3;8;1/3*t^4 + 11/6*t^3 + 11/3*t^2 + 19/6*t + 1;(1, 10, 21, 18, 7, 1);1;1;1;t + 1;(1, 2, 1)
1|1|2|1|1|1;5|1|1;4;0;2;2;2;3;1/6;1;1/6*t^3 + t^2 + 11/6*t + 1;(1, 4, 6, 4, 1);1;1;1;t + 1;(1, 2, 1)
1|1|2|1|1|1;5|2;3;0;3;0;3;4;1/6;4;1/6*t^4 + 7/6*t^3 + 17/6*t^2 + 17/6*t + 1;(1, 8, 16, 14, 6, 1);1;1;1;t + 1;(1, 2, 1)
1|1|2|1|1|1;6|1;4;1;2;1;4;4;1/24;1;1/24*t^4 + 5/12*t^3 + 35/24*t^2 + 25/12*t + 1;(1, 5, 10, 10, 5, 1);1;1;1;t + 1;(1, 2, 1)
1|1|2|1|1|1;7;3;0;3;0;3;4;1/24;1;1/24*t^4 + 5/12*t^3 + 35/24*t^2 + 25/12*t + 1;(1, 5, 10, 10, 5, 1);1;1;1;t + 1;(1, 2, 1)
1|1|2|1|2;1|1|2|1|2;5;2;0;3;4;4;1/4;6;1/4*t^4 + 3/2*t^3 + 13/4*t^2 + 3*t + 1;(1, 9, 18, 15, 6, 1);0;1;1;1;(1, 1)
1|1|2|1|2;1|1|2|2|1;4;1;1;2;3;4;1/2;12;1/2*t^4 + 5/2*t^3 + 9/2*t^2 + 7/2*t + 1;(1, 12, 24, 19, 7, 1);0;1;1;1;(1, 1)
1|1|2|1|2;1|1|2|3;4;1;1;2;3;4;1/4;6;1/4*t^4 + 3/2*t^3 + 13/4*t^2 + 3*t + 1;(1, 9, 18, 15, 6, 1);0;1;1;1;(1, 1)
1|1|2|1|2;1|1|3|1|1;4;0;2;2;2;3;1/2;3;1/2*t^3 + 2*t^2 + 5/2*t + 1;(1, 6, 9, 5, 1);0;1;1;1;(1, 1)
1|1|2|1|2;1|1|3|2;4;1;1;2;3;4;1/4;6;1/4*t^4 + 3/2*t^3 + 13/4*t^2 + 3*t + 1;(1, 9, 18, 15, 6, 1);0;1;1;1;(1, 1)
1|1|2|1|2;1|1|4|1;3;0;1;2;1;4;1/3;8;1/3*t^4 + 11/6*t^3 + 11/3*t^2 + 19/6*t + 1;(1, 10, 21, 18, 7, 1);0;1;1;1;(1, 1)
1|1|2|1|2;1|1|5;4;1;0;3;2;4;1/4;6;1/4*t^4 + 3/2*t^3 + 13/4*t^2 + 3*t + 1;(1, 9, 20, 18, 7, 1);0;1;1;1;(1, 1)
1|1|2|1|2;1|2|1|1|1|1;4;0;2;2;2;3;1;6;t^3 + 3*t^2 + 3*t + 1;(1, 8, 12, 6, 1);0;1;1;1;(1, 1)
1|1|2|1|2;1|2|1|1|2;4;1;1;2;3;4;1/2;12;1/2*t^4 + 5/2*t^3 + 9/2*t^2 + 7/2*t + 1;(1, 12, 24, 19, 7, 1);0;1;1;1;(1, 1)
1|1|2|1|2;1|2|1|2|1;3;0;2;1;2;4;1;24;t^4 + 4*t^3 + 6*t^2 + 4*t + 1;(1, 16, 32, 24, 8, 1);0;1;1;1;(1, 1)
1|1|2|1|2;1|2|1|3;3;0;2;1;2;4;1/2;12;1/2*t^4 + 5/2*t^3 + 9/2*t^2 + 7/2*t + 1;(1, 12, 24, 19, 7, 1);0;1;1;1;(1, 1)
1|1|2|1|2;1|2|2|1|1;3;0;2;1;2;4;1;24;t^4 + 4*t^3 + 6*t^2 + 4*t + 1;(1, 16, 32, 24, 8, 1);0;1;1;1;(1, 1)
1|1|2|1|2;1|2|2|2;3;1;1;1;3;5;1/2;60;1/2*t^5 + 3*t^4 + 7*t^3 + 8*t^2 + 9/2*t + 1;(1, 24, 60, 62, 33, 9, 1);0;1;1;1;(1, 1)
1|1|2|1|2;1|2|3|1;3;0;1;2;1;4;1;24;t^4 + 4*t^3 + 6*t^2 + 4*t + 1;(1, 16, 32, 24, 8, 1);0;1;1;1;(1, 1)
1|1|2|1|2;1|2|4;2;0;1;1;1;5;1/3;40;1/3*t^5 + 13/6*t^4 + 11/2*t^3 + 41/6*t^2 + 25/6*t + 1;(1, 20, 52, 57, 32, 9, 1);0;1;1;1;(1, 1)
1|1|2|1|2;1|3|1|1|1;4;0;2;2;2;3;1/2;3;1/2*t^3 + 2*t^2 + 5/2*t + 1;(1, 6, 9, 5, 1);0;1;1;1;(1, 1)
1|1|2|1|2;1|3|1|2;4;1;1;2;3;4;1/4;6;1/4*t^4 + 3/2*t^3 + 13/4*t^2 + 3*t + 1;(1, 9, 18, 15, 6, 1);0;1;1;1;(1, 1)
1|1|2|1|2;1|3|2|1;3;0;2;1;2;4;1/2;12;1/2*t^4 + 5/2*t^3 + 9/2*t^2 + 7/2*t + 1;(1, 12, 24, 19, 7, 1);0;1;1;1;(1, 1)
1|1|2|1|2;1|3|3;3;0;2;1;2;4;1/4;6;1/4*t^4 + 3/2*t^3 + 13/4*t^2 + 3*t + 1;(1, 9, 18, 15, 6, 1);0;1;1;1;(1, 1)
1|1|2|1|2;1|4|1|1;4;1;2;1;4;4;1/6;4;1/6*t^4 + 7/6*t^3 + 17/6*t^2 + 17/6*t + 1;(1, 8, 16, 14, 6, 1);0;1;1;1;(1, 1)
1|1|2|1|2;1|4|2;4;2;1;1;5;5;1/12;10;1/12*t^5 + 3/4*t^4 + 31/12*t^3 + 17/4*t^2 + 10/3*t + 1;(1, 12, 30, 34, 21, 7, 1);0;1;1;1;(1, 1)
1|1|2|1|2;1|5|1;3;0;2;1;2;4;1/6;4;1/6*t^4 + 7/6*t^3 + 17/6*t^2 + 17/6*t + 1;(1, 8, 16, 14, 6, 1);0;1;1;1;(1, 1)
1|1|2|1|2;1|6;2;0;1;1;1;5;1/15;8;1/15*t^5 + 5/8*t^4 + 9/4*t^3 + 31/8*t^2 + 191/60*t + 1;(1, 11, 31, 39, 25, 8, 1);0;1;1;1;(1, 1)
1|1|2|1|2;2|1|1|1|1|1;4;0;3;1;3;3;1;6;t^3 + 3*t^2 + 3*t + 1;(1, 8, 12, 6, 1);1;1;1;t + 1;(1, 2, 1)
1|1|2|1|2;2|1|1|1|2;4;1;2;1;4;4;1/2;12;1/2*t^4 + 5/2*t^3 + 9/2*t^2 + 7/2*t + 1;(1, 12, 24, 19, 7, 1);1;1;1;t + 1;(1, 2, 1)
1|1|2|1|2;2|1|1|2|1;3;0;3;0;3;4;1;24;t^4 + 4*t^3 + 6*t^2 + 4*t + 1;(1, 16, 32, 24, 8, 1);1;1;1;t + 1;(1, 2, 1)
1|1|2|1|2;2|1|1|3;3;0;3;0;3;4;1/2;12;1/2*t^4 + 5/2*t^3 + 9/2*t^2 + 7/2*t + 1;(1, 12, 24, 19, 7, 1);1;1;1;t + 1;(1, 2, 1)
1|1|2|1|2;2|1|2|1|1;3;0;3;0;3;4;1;24;t^4 + 4*t^3 + 6*t^2 + 4*t + 1;(1, 16, 32, 24, 8, 1);1;1;1;t + 1;(1, 2, 1)
1|1|2|1|2;2|1|2|2;3;1;2;0;4;5;1/2;60;1/2*t^5 + 3*t^4 + 7*t^3 + 8*t^2 + 9/2*t + 1;(1, 24, 60, 62, 33, 9, 1);1;1;1;t + 1;(1, 2, 1)
1|1|2|1|2;2|1|3|1;3;0;2;1;2;4;1;24;t^4 + 4*t^3 + 6*t^2 + 4*t + 1;(1, 16, 32, 24, 8, 1);1;1;1;t + 1;(1, 2, 1)
1|1|2|1|2;2|1|4;2;0;2;0;2;5;1/3;40;1/3*t^5 + 13/6*t^4 + 11/2*t^3 + 41/6*t^2 + 25/6*t + 1;(1, 20, 52, 57, 32, 9, 1);1;1;1;t + 1;(1, 2, 1)
1|1|2|1|2;2|2|1|1|1;4;1;2;1;4;4;1/2;12;1/2*t^4 + 5/2*t^3 + 9/2*t^2 + 7/2*t + 1;(1, 12, 24, 19, 7, 1);1;1;1;t + 1;(1, 2, 1)
1|1|2|1|2;2|2|1|2;4;2;1;1;5;5;1/4;30;1/4*t^5 + 7/4*t^4 + 19/4*t^3 + 25/4*t^2 + 4*t + 1;(1, 18, 45, 48, 27, 8, 1);1;1;1;t + 1;(1, 2, 1)
1|1|2|1|2;2|2|2|1;3;1;2;0;4;5;1/2;60;1/2*t^5 + 3*t^4 + 7*t^3 + 8*t^2 + 9/2*t + 1;(1, 24, 60, 62, 33, 9, 1);1;1;1;t + 1;(1, 2, 1)
1|1|2|1|2;2|2|3;3;1;2;0;4;5;1/4;30;1/4*t^5 + 7/4*t^4 + 19/4*t^3 + 25/4*t^2 + 4*t + 1;(1, 18, 45, 48, 27, 8, 1);1;1;1;t + 1;(1, 2, 1)
1|1|2|1|2;2|3|1|1;3;0;3;0;3;4;1/2;12;1/2*t^4 + 5/2*t^3 + 9/2*t^2 + 7/2*t + 1;(1, 12, 24, 19, 7, 1);1;1;1;t + 1;(1, 2, 1)
1|1|2|1|2;2|3|2;3;1;2;0;4;5;1/4;30;1/4*t^5 + 7/4*t^4 + 19/4*t^3 + 25/4*t^2 + 4*t + 1;(1, 18, 45, 48, 27, 8, 1);1;1;1;t + 1;(1, 2, 1)
1|1|2|1|2;2|4|1;2;0;2;0;2;5;1/3;40;1/3*t^5 + 13/6*t^4 + 11/2*t^3 + 41/6*t^2 + 25/6*t + 1;(1, 20, 52, 57, 32, 9, 1);1;1;1;t + 1;(1, 2, 1)
1|1|2|1|2;2|5;3;1;1;1;3;5;1/4;30;1/4*t^5 + 7/4*t^4 + 19/4*t^3 + 25/4*t^2 + 4*t + 1;(1, 18, 49, 56, 32, 9, 1);1;1;1;t + 1;(1, 2, 1)
1|1|2|1|2;3|1|1|1|1;4;0;2;2;2;3;1;6;t^3 + 3*t^2 + 3*t + 1;(1, 8, 12, 6, 1);2;1/2;1;1/2*t^2 + 3/2*t + 1;(1, 3, 3, 1)
1|1|2|1|2;3|1|1|2;4;1;1;2;3;4;1/2;12;1/2*t^4 + 5/2*t^3 + 9/2*t^2 + 7/2*t + 1;(1, 12, 24, 19, 7, 1);2;1/2;1;1/2*t^2 + 3/2*t + 1;(1, 3, 3, 1)
1|1|2|1|2;3|1|2|1;3;0;2;1;2;4;1;24;t^4 + 4*t^3 + 6*t^2 + 4*t + 1;(1, 16, 32, 24, 8, 1);2;1/2;1;1/2*t^2 + 3/2*t + 1;(1, 3, 3, 1)
1|1|2|1|2;3|1|3;3;0;2;1;2;4;1/2;12;1/2*t^4 + 5/2*t^3 + 9/2*t^2 + 7/2*t + 1;(1, 12, 24, 19, 7, 1);2;1/2;1;1/2*t^2 + 3/2*t + 1;(1, 3, 3, 1)
1|1|2|1|2;3|2|1|1;3;0;2;1;2;4;1;24;t^4 + 4*t^3 + 6*t^2 + 4*t + 1;(1, 16, 32, 24, 8, 1);3;1/6;1;1/6*t^3 + t^2 + 11/6*t + 1;(1, 4, 6, 4, 1)
1|1|2|1|2;3|2|2;3;1;1;1;3;5;1/2;60;1/2*t^5 + 3*t^4 + 7*t^3 + 8*t^2 + 9/2*t + 1;(1, 24, 60, 62, 33, 9, 1);3;1/6;1;1/6*t^3 + t^2 + 11/6*t + 1;(1, 4, 6, 4, 1)
1|1|2|1|2;3|3|1;3;0;1;2;1;4;1;24;t^4 + 4*t^3 + 6*t^2 + 4*t + 1;(1, 16, 32, 24, 8, 1);4;1/24;1;1/24*t^4 + 5/12*t^3 + 35/24*t^2 + 25/12*t + 1;(1, 5, 10, 10, 5, 1)
1|1|2|1|2;3|4;2;0;1;1;1;5;1/3;40;1/3*t^5 + 13/6*t^4 + 11/2*t^3 + 41/6*t^2 + 25/6*t + 1;(1, 20, 52, 57, 32, 9, 1);3;1/6;1;1/6*t^3 + t^2 + 11/6*t + 1;(1, 4, 6, 4, 1)
1|1|2|1|2;4|1|1|1;3;0;2;1;2;4;1/3;8;1/3*t^4 + 11/6*t^3 + 11/3*t^2 + 19/6*t + 1;(1, 10, 21, 18, 7, 1);1;1;1;t + 1;(1, 2, 1)
1|1|2|1|2;4|1|2;3;1;1;1;3;5;1/6;20;1/6*t^5 + 5/4*t^4 + 11/3*t^3 + 21/4*t^2 + 11/3*t + 1;(1, 15, 39, 44, 26, 8, 1);1;1;1;t + 1;(1, 2, 1)
1|1|2|1|2;4|2|1;2;0;2;0;2;5;1/3;40;1/3*t^5 + 13/6*t^4 + 11/2*t^3 + 41/6*t^2 + 25/6*t + 1;(1, 20, 52, 57, 32, 9, 1);1;1;1;t + 1;(1, 2, 1)
1|1|2|1|2;4|3;2;0;2;0;2;5;1/6;20;1/6*t^5 + 5/4*t^4 + 11/3*t^3 + 21/4*t^2 + 11/3*t + 1;(1, 15, 39, 44, 26, 8, 1);1;1;1;t + 1;(1, 2, 1)
1|1|2|1|2;5|1|1;3;0;3;0;3;4;1/6;4;1/6*t^4 + 7/6*t^3 + 17/6*t^2 + 17/6*t + 1;(1, 8, 16, 14, 6, 1);1;1;1;t + 1;(1, 2, 1)
1|1|2|1|2;5|2;3;1;2;0;4;5;1/12;10;1/12*t^5 + 3/4*t^4 + 31/12*t^3 + 17/4*t^2 + 10/3*t + 1;(1, 12, 30, 34, 21, 7, 1);1;1;1;t + 1;(1, 2, 1)
1|1|2|1|2;6|1;3;1;2;0;4;5;1/24;5;1/24*t^5 + 11/24*t^4 + 15/8*t^3 + 85/24*t^2 + 37/12*t + 1;(1, 10, 25, 30, 20, 7, 1);2;1/2;1;1/2*t^2 + 3/2*t + 1;(1, 3, 3, 1)
1|1|2|1|2;7;2;0;2;0;2;5;1/30;4;1/30*t^5 + 3/8*t^4 + 19/12*t^3 + 25/8*t^2 + 173/60*t + 1;(1, 9, 24, 30, 20, 7, 1);1;1;1;t + 1;(1, 2, 1)
1|1|2|2|1;1|1|2|2|1;5;2;0;3;4;4;1/4;6;1/4*t^4 + 3/2*t^3 + 13/4*t^2 + 3*t + 1;(1, 9, 18, 15, 6, 1);0;1;1;1;(1, 1)
1|1|2|2|1;1|1|2|3;4;1;1;2;3;4;1/4;6;1/4*t^4 + 3/2*t^3 + 13/4*t^2 + 3*t + 1;(1, 9, 18, 15, 6, 1);0;1;1;1;(1, 1)
1|1|2|2|1;1|1|3|1|1;4;0;1;3;1;3;1/2;3;1/2*t^3 + 2*t^2 + 5/2*t + 1;(1, 6, 9, 5, 1);0;1;1;1;(1, 1)
1|1|2|2|1;1|1|3|2;3;0;1;2;1;4;1/2;12;1/2*t^4 + 5/2*t^3 + 9/2*t^2 + 7/2*t + 1;(1, 12, 24, 19, 7, 1);0;1;1;1;(1, 1)
1|1|2|2|1;1|1|4|1;4;1;0;3;2;4;1/4;6;1/4*t^4 + 3/2*t^3 + 13/4*t^2 + 3*t + 1;(1, 9, 20, 18, 7, 1);0;1;1;1;(1, 1)
1|1|2|2|1;1|1|5;3;0;1;2;1;4;1/8;3;1/8*t^4 + 11/12*t^3 + 19/8*t^2 + 31/12*t + 1;(1, 7, 15, 14, 6, 1);0;1;1;1;(1, 1)
1|1|2|2|1;1|2|1|1|1|1;4;0;2;2;2;3;1;6;t^3 + 3*t^2 + 3*t + 1;(1, 8, 12, 6, 1);0;1;1;1;(1, 1)
1|1|2|2|1;1|2|1|1|2;3;0;2;1;2;4;1;24;t^4 + 4*t^3 + 6*t^2 + 4*t + 1;(1, 16, 32, 24, 8, 1);0;1;1;1;(1, 1)
1|1|2|2|1;1|2|1|2|1;4;1;1;2;3;4;1/2;12;1/2*t^4 + 5/2*t^3 + 9/2*t^2 + 7/2*t + 1;(1, 12, 24, 19, 7, 1);0;1;1;1;(1, 1)
1|1|2|2|1;1|2|1|3;3;0;2;1;2;4;1/2;12;1/2*t^4 + 5/2*t^3 + 9/2*t^2 + 7/2*t + 1;(1, 12, 24, 19, 7, 1);0;1;1;1;(1, 1)
1|1|2|2|1;1|2|2|1|1;3;0;1;2;1;4;1;24;t^4 + 4*t^3 + 6*t^2 + 4*t + 1;(1, 16, 32, 24, 8, 1);0;1;1;1;(1, 1)
1|1|2|2|1;1|2|2|2;2;0;1;1;1;5;1;120;t^5 + 5*t^4 + 10*t^3 + 10*t^2 + 5*t + 1;(1, 32, 80, 80, 40, 10, 1);0;1;1;1;(1, 1)
1|1|2|2|1;1|2|3|1;3;0;1;2;1;4;1/2;12;1/2*t^4 + 5/2*t^3 + 9/2*t^2 + 7/2*t + 1;(1, 12, 24, 19, 7, 1);0;1;1;1;(1, 1)
1|1|2|2|1;1|2|4;3;1;1;1;3;5;1/6;20;1/6*t^5 + 4/3*t^4 + 4*t^3 + 17/3*t^2 + 23/6*t + 1;(1, 16, 40, 44, 26, 8, 1);0;1;1;1;(1, 1)
1|1|2|2|1;1|3|1|1|1;4;0;2;2;2;3;1/2;3;1/2*t^3 + 2*t^2 + 5/2*t + 1;(1, 6, 9, 5, 1);0;1;1;1;(1, 1)
1|1|2|2|1;1|3|1|2;3;0;2;1;2;4;1/2;12;1/2*t^4 + 5/2*t^3 + 9/2*t^2 + 7/2*t + 1;(1, 12, 24, 19, 7, 1);0;1;1;1;(1, 1)
1|1|2|2|1;1|3|2|1;4;1;1;2;3;4;1/4;6;1/4*t^4 + 3/2*t^3 + 13/4*t^2 + 3*t + 1;(1, 9, 18, 15, 6, 1);0;1;1;1;(1, 1)
1|1|2|2|1;1|3|3;3;0;2;1;2;4;1/4;6;1/4*t^4 + 3/2*t^3 + 13/4*t^2 + 3*t + 1;(1, 9, 18, 15, 6, 1);0;1;1;1;(1, 1)
1|1|2|2|1;1|4|1|1;4;1;1;2;3;4;1/6;4;1/6*t^4 + 7/6*t^3 + 17/6*t^2 + 17/6*t + 1;(1, 8, 16, 14, 6, 1);0;1;1;1;(1, 1)
1|1|2|2|1;1|4|2;3;1;1;1;3;5;1/6;20;1/6*t^5 + 4/3*t^4 + 4*t^3 + 17/3*t^2 + 23/6*t + 1;(1, 16, 40, 44, 26, 8, 1);0;1;1;1;(1, 1)
1|1|2|2|1;1|5|1;3;0;1;2;1;4;1/8;3;1/8*t^4 + 11/12*t^3 + 19/8*t^2 + 31/12*t + 1;(1, 7, 15, 14, 6, 1);0;1;1;1;(1, 1)
1|1|2|2|1;1|6;3;1;1;1;3;5;1/20;6;1/20*t^5 + 1/2*t^4 + 23/12*t^3 + 7/2*t^2 + 91/30*t + 1;(1, 10, 29, 38, 25, 8, 1);0;1;1;1;(1, 1)
1|1|2|2|1;2|1|1|1|1|1;4;0;3;1;3;3;1;6;t^3 + 3*t^2 + 3*t + 1;(1, 8, 12, 6, 1);1;1;1;t + 1;(1, 2, 1)
1|1|2|2|1;2|1|1|1|2;3;0;3;0;3;4;1;24;t^4 + 4*t^3 + 6*t^2 + 4*t + 1;(1, 16, 32, 24, 8, 1);1;1;1;t + 1;(1, 2, 1)
1|1|2|2|1;2|1|1|2|1;4;1;2;1;4;4;1/2;12;1/2*t^4 + 5/2*t^3 + 9/2*t^2 + 7/2*t + 1;(1, 12, 24, 19, 7, 1);1;1;1;t + 1;(1, 2, 1)
1|1|2|2|1;2|1|1|3;3;0;3;0;3;4;1/2;12;1/2*t^4 + 5/2*t^3 + 9/2*t^2 + 7/2*t + 1;(1, 12, 24, 19, 7, 1);1;1;1;t + 1;(1, 2, 1)
1|1|2|2|1;2|1|2|1|1;3;0;2;1;2;4;1;24;t^4 + 4*t^3 + 6*t^2 + 4*t + 1;(1, 16, 32, 24, 8, 1);1;1;1;t + 1;(1, 2, 1)
1|1|2|2|1;2|1|2|2;2;0;2;0;2;5;1;120;t^5 + 5*t^4 + 10*t^3 + 10*t^2 + 5*t + 1;(1, 32, 80, 80, 40, 10, 1);1;1;1;t + 1;(1, 2, 1)
1|1|2|2|1;2|1|3|1;3;0;2;1;2;4;1/2;12;1/2*t^4 + 5/2*t^3 + 9/2*t^2 + 7/2*t + 1;(1, 12, 24, 19, 7, 1);1;1;1;t + 1;(1, 2, 1)
1|1|2|2|1;2|1|4;3;1;2;0;4;5;1/6;20;1/6*t^5 + 4/3*t^4 + 4*t^3 + 17/3*t^2 + 23/6*t + 1;(1, 16, 40, 44, 26, 8, 1);1;1;1;t + 1;(1, 2, 1)
1|1|2|2|1;2|2|1|1|1;4;1;2;1;4;4;1/2;12;1/2*t^4 + 5/2*t^3 + 9/2*t^2 + 7/2*t + 1;(1, 12, 24, 19, 7, 1);1;1;1;t + 1;(1, 2, 1)
1|1|2|2|1;2|2|1|2;3;1;2;0;4;5;1/2;60;1/2*t^5 + 3*t^4 + 7*t^3 + 8*t^2 + 9/2*t + 1;(1, 24, 60, 62, 33, 9, 1);1;1;1;t + 1;(1, 2, 1)
1|1|2|2|1;2|2|2|1;4;2;1;1;5;5;1/4;30;1/4*t^5 + 7/4*t^4 + 19/4*t^3 + 25/4*t^2 + 4*t + 1;(1, 18, 45, 48, 27, 8, 1);1;1;1;t + 1;(1, 2, 1)
1|1|2|2|1;2|2|3;3;1;2;0;4;5;1/4;30;1/4*t^5 + 7/4*t^4 + 19/4*t^3 + 25/4*t^2 + 4*t + 1;(1, 18, 45, 48, 27, 8, 1);1;1;1;t + 1;(1, 2, 1)
1|1|2|2|1;2|3|1|1;3;0;2;1;2;4;1/2;12;1/2*t^4 + 5/2*t^3 + 9/2*t^2 + 7/2*t + 1;(1, 12, 24, 19, 7, 1);1;1;1;t + 1;(1, 2, 1)
1|1|2|2|1;2|3|2;2;0;2;0;2;5;1/2;60;1/2*t^5 + 3*t^4 + 7*t^3 + 8*t^2 + 9/2*t + 1;(1, 24, 60, 62, 33, 9, 1);1;1;1;t + 1;(1, 2, 1)
1|1|2|2|1;2|4|1;3;1;1;1;3;5;1/4;30;1/4*t^5 + 7/4*t^4 + 19/4*t^3 + 25/4*t^2 + 4*t + 1;(1, 18, 49, 56, 32, 9, 1);1;1;1;t + 1;(1, 2, 1)
1|1|2|2|1;2|5;2;0;2;0;2;5;1/8;15;1/8*t^5 + 25/24*t^4 + 79/24*t^3 + 119/24*t^2 + 43/12*t + 1;(1, 14, 37, 43, 26, 8, 1);1;1;1;t + 1;(1, 2, 1)
1|1|2|2|1;3|1|1|1|1;4;0;2;2;2;3;1;6;t^3 + 3*t^2 + 3*t + 1;(1, 8, 12, 6, 1);2;1/2;1;1/2*t^2 + 3/2*t + 1;(1, 3, 3, 1)
1|1|2|2|1;3|1|1|2;3;0;2;1;2;4;1;24;t^4 + 4*t^3 + 6*t^2 + 4*t + 1;(1, 16, 32, 24, 8, 1);2;1/2;1;1/2*t^2 + 3/2*t + 1;(1, 3, 3, 1)
1|1|2|2|1;3|1|2|1;4;1;1;2;3;4;1/2;12;1/2*t^4 + 5/2*t^3 + 9/2*t^2 + 7/2*t + 1;(1, 12, 24, 19, 7, 1);2;1/2;1;1/2*t^2 + 3/2*t + 1;(1, 3, 3, 1)
1|1|2|2|1;3|1|3;3;0;2;1;2;4;1/2;12;1/2*t^4 + 5/2*t^3 + 9/2*t^2 + 7/2*t + 1;(1, 12, 24, 19, 7, 1);2;1/2;1;1/2*t^2 + 3/2*t + 1;(1, 3, 3, 1)
1|1|2|2|1;3|2|1|1;3;0;1;2;1;4;1;24;t^4 + 4*t^3 + 6*t^2 + 4*t + 1;(1, 16, 32, 24, 8, 1);4;1/24;1;1/24*t^4 + 5/12*t^3 + 35/24*t^2 + 25/12*t + 1;(1, 5, 10, 10, 5, 1)
1|1|2|2|1;3|2|2;2;0;1;1;1;5;1;120;t^5 + 5*t^4 + 10*t^3 + 10*t^2 + 5*t + 1;(1, 32, 80, 80, 40, 10, 1);5;1/120;1;1/120*t^5 + 1/8*t^4 + 17/24*t^3 + 15/8*t^2 + 137/60*t + 1;(1, 6, 15, 20, 15, 6, 1)
1|1|2|2|1;3|3|1;3;0;1;2;1;4;1/2;12;1/2*t^4 + 5/2*t^3 + 9/2*t^2 + 7/2*t + 1;(1, 12, 24, 19, 7, 1);3;1/6;1;1/6*t^3 + t^2 + 11/6*t + 1;(1, 4, 6, 4, 1)
1|1|2|2|1;3|4;3;1;1;1;3;5;1/6;20;1/6*t^5 + 4/3*t^4 + 4*t^3 + 17/3*t^2 + 23/6*t + 1;(1, 16, 40, 44, 26, 8, 1);3;1/6;1;1/6*t^3 + t^2 + 11/6*t + 1;(1, 4, 6, 4, 1)
1|1|2|2|1;4|1|1|1;3;0;2;1;2;4;1/3;8;1/3*t^4 + 11/6*t^3 + 11/3*t^2 + 19/6*t + 1;(1, 10, 21, 18, 7, 1);1;1;1;t + 1;(1, 2, 1)
1|1|2|2|1;4|1|2;2;0;2;0;2;5;1/3;40;1/3*t^5 + 13/6*t^4 + 11/2*t^3 + 41/6*t^2 + 25/6*t + 1;(1, 20, 52, 57, 32, 9, 1);1;1;1;t + 1;(1, 2, 1)
1|1|2|2|1;4|2|1;3;1;1;1;3;5;1/6;20;1/6*t^5 + 5/4*t^4 + 11/3*t^3 + 21/4*t^2 + 11/3*t + 1;(1, 15, 39, 44, 26, 8, 1);1;1;1;t + 1;(1, 2, 1)
1|1|2|2|1;4|3;2;0;2;0;2;5;1/6;20;1/6*t^5 + 5/4*t^4 + 11/3*t^3 + 21/4*t^2 + 11/3*t + 1;(1, 15, 39, 44, 26, 8, 1);1;1;1;t + 1;(1, 2, 1)
1|1|2|2|1;5|1|1;3;0;2;1;2;4;1/6;4;1/6*t^4 + 7/6*t^3 + 17/6*t^2 + 17/6*t + 1;(1, 8, 16, 14, 6, 1);2;1/2;1;1/2*t^2 + 3/2*t + 1;(1, 3, 3, 1)
1|1|2|2|1;5|2;2;0;2;0;2;5;1/6;20;1/6*t^5 + 4/3*t^4 + 4*t^3 + 17/3*t^2 + 23/6*t + 1;(1, 16, 40, 44, 26, 8, 1);3;1/6;1;1/6*t^3 + t^2 + 11/6*t + 1;(1, 4, 6, 4, 1)
1|1|2|2|1;6|1;3;1;1;1;3;5;1/30;4;1/30*t^5 + 3/8*t^4 + 19/12*t^3 + 25/8*t^2 + 173/60*t + 1;(1, 9, 24, 30, 20, 7, 1);1;1;1;t + 1;(1, 2, 1)
1|1|2|2|1;7;2;0;2;0;2;5;1/40;3;1/40*t^5 + 7/24*t^4 + 31/24*t^3 + 65/24*t^2 + 161/60*t + 1;(1, 8, 22, 29, 20, 7, 1);1;1;1;t + 1;(1, 2, 1)
1|1|2|3;1|1|2|3;5;2;0;3;4;4;1/4;6;1/4*t^4 + 3/2*t^3 + 13/4*t^2 + 3*t + 1;(1, 9, 18, 15, 6, 1);0;1;1;1;(1, 1)
1|1|2|3;1|1|3|1|1;4;0;1;3;1;3;1/2;3;1/2*t^3 + 2*t^2 + 5/2*t + 1;(1, 6, 9, 5, 1);0;1;1;1;(1, 1)
1|1|2|3;1|1|3|2;3;0;1;2;1;4;1/4;6;1/4*t^4 + 3/2*t^3 + 13/4*t^2 + 3*t + 1;(1, 9, 18, 15, 6, 1);0;1;1;1;(1, 1)
1|1|2|3;1|1|4|1;3;0;1;2;1;4;1/4;6;1/4*t^4 + 3/2*t^3 + 13/4*t^2 + 3*t + 1;(1, 9, 20, 18, 7, 1);0;1;1;1;(1, 1)
1|1|2|3;1|1|5;3;0;1;2;1;4;1/8;3;1/8*t^4 + 11/12*t^3 + 19/8*t^2 + 31/12*t + 1;(1, 7, 15, 14, 6, 1);0;1;1;1;(1, 1)
1|1|2|3;1|2|1|1|1|1;4;0;2;2;2;3;1;6;t^3 + 3*t^2 + 3*t + 1;(1, 8, 12, 6, 1);0;1;1;1;(1, 1)
1|1|2|3;1|2|1|1|2;3;0;2;1;2;4;1/2;12;1/2*t^4 + 5/2*t^3 + 9/2*t^2 + 7/2*t + 1;(1, 12, 24, 19, 7, 1);0;1;1;1;(1, 1)
1|1|2|3;1|2|1|2|1;3;0;2;1;2;4;1/2;12;1/2*t^4 + 5/2*t^3 + 9/2*t^2 + 7/2*t + 1;(1, 12, 24, 19, 7, 1);0;1;1;1;(1, 1)
1|1|2|3;1|2|1|3;4;1;1;2;3;4;1/2;12;1/2*t^4 + 5/2*t^3 + 9/2*t^2 + 7/2*t + 1;(1, 12, 24, 19, 7, 1);0;1;1;1;(1, 1)
1|1|2|3;1|2|2|1|1;3;0;1;2;1;4;1;24;t^4 + 4*t^3 + 6*t^2 + 4*t + 1;(1, 16, 32, 24, 8, 1);0;1;1;1;(1, 1)
1|1|2|3;1|2|2|2;2;0;1;1;1;5;1/2;60;1/2*t^5 + 3*t^4 + 7*t^3 + 8*t^2 + 9/2*t + 1;(1, 24, 60, 62, 33, 9, 1);0;1;1;1;(1, 1)
1|1|2|3;1|2|3|1;3;0;2;1;2;4;1/2;12;1/2*t^4 + 5/2*t^3 + 9/2*t^2 + 7/2*t + 1;(1, 12, 24, 19, 7, 1);0;1;1;1;(1, 1)
1|1|2|3;1|2|4;2;0;1;1;1;5;1/6;20;1/6*t^5 + 4/3*t^4 + 4*t^3 + 17/3*t^2 + 23/6*t + 1;(1, 16, 40, 44, 26, 8, 1);0;1;1;1;(1, 1)
1|1|2|3;1|3|1|1|1;4;0;2;2;2;3;1/2;3;1/2*t^3 + 2*t^2 + 5/2*t + 1;(1, 6, 9, 5, 1);0;1;1;1;(1, 1)
1|1|2|3;1|3|1|2;3;0;2;1;2;4;1/4;6;1/4*t^4 + 3/2*t^3 + 13/4*t^2 + 3*t + 1;(1, 9, 18, 15, 6, 1);0;1;1;1;(1, 1)
1|1|2|3;1|3|2|1;3;0;2;1;2;4;1/4;6;1/4*t^4 + 3/2*t^3 + 13/4*t^2 + 3*t + 1;(1, 9, 18, 15, 6, 1);0;1;1;1;(1, 1)
1|1|2|3;1|3|3;4;1;1;2;3;4;1/4;6;1/4*t^4 + 3/2*t^3 + 13/4*t^2 + 3*t + 1;(1, 9, 18, 15, 6, 1);0;1;1;1;(1, 1)
1|1|2|3;1|4|1|1;4;1;1;2;3;4;1/6;4;1/6*t^4 + 7/6*t^3 + 17/6*t^2 + 17/6*t + 1;(1, 8, 16, 14, 6, 1);0;1;1;1;(1, 1)
1|1|2|3;1|4|2;3;1;1;1;3;5;1/12;10;1/12*t^5 + 3/4*t^4 + 31/12*t^3 + 17/4*t^2 + 10/3*t + 1;(1, 12, 30, 34, 21, 7, 1);0;1;1;1;(1, 1)
1|1|2|3;1|5|1;3;0;2;1;2;4;1/8;3;1/8*t^4 + 11/12*t^3 + 19/8*t^2 + 31/12*t + 1;(1, 7, 15, 14, 6, 1);0;1;1;1;(1, 1)
1|1|2|3;1|6;2;0;1;1;1;5;1/20;6;1/20*t^5 + 1/2*t^4 + 23/12*t^3 + 7/2*t^2 + 91/30*t + 1;(1, 10, 29, 38, 25, 8, 1);0;1;1;1;(1, 1)
1|1|2|3;2|1|1|1|1|1;4;0;3;1;3;3;1;6;t^3 + 3*t^2 + 3*t + 1;(1, 8, 12, 6, 1);1;1;1;t + 1;(1, 2, 1)
1|1|2|3;2|1|1|1|2;3;0;3;0;3;4;1/2;12;1/2*t^4 + 5/2*t^3 + 9/2*t^2 + 7/2*t + 1;(1, 12, 24, 19, 7, 1);1;1;1;t + 1;(1, 2, 1)
1|1|2|3;2|1|1|2|1;3;0;3;0;3;4;1/2;12;1/2*t^4 + 5/2*t^3 + 9/2*t^2 + 7/2*t + 1;(1, 12, 24, 19, 7, 1);1;1;1;t + 1;(1, 2, 1)
1|1|2|3;2|1|1|3;4;1;2;1;4;4;1/2;12;1/2*t^4 + 5/2*t^3 + 9/2*t^2 + 7/2*t + 1;(1, 12, 24, 19, 7, 1);1;1;1;t + 1;(1, 2, 1)
1|1|2|3;2|1|2|1|1;3;0;2;1;2;4;1;24;t^4 + 4*t^3 + 6*t^2 + 4*t + 1;(1, 16, 32, 24, 8, 1);1;1;1;t + 1;(1, 2, 1)
1|1|2|3;2|1|2|2;2;0;2;0;2;5;1/2;60;1/2*t^5 + 3*t^4 + 7*t^3 + 8*t^2 + 9/2*t + 1;(1, 24, 60, 62, 33, 9, 1);1;1;1;t + 1;(1, 2, 1)
1|1|2|3;2|1|3|1;3;0;3;0;3;4;1/2;12;1/2*t^4 + 5/2*t^3 + 9/2*t^2 + 7/2*t + 1;(1, 12, 24, 19, 7, 1);1;1;1;t + 1;(1, 2, 1)
1|1|2|3;2|1|4;2;0;2;0;2;5;1/6;20;1/6*t^5 + 4/3*t^4 + 4*t^3 + 17/3*t^2 + 23/6*t + 1;(1, 16, 40, 44, 26, 8, 1);1;1;1;t + 1;(1, 2, 1)
1|1|2|3;2|2|1|1|1;4;1;2;1;4;4;1/2;12;1/2*t^4 + 5/2*t^3 + 9/2*t^2 + 7/2*t + 1;(1, 12, 24, 19, 7, 1);1;1;1;t + 1;(1, 2, 1)
1|1|2|3;2|2|1|2;3;1;2;0;4;5;1/4;30;1/4*t^5 + 7/4*t^4 + 19/4*t^3 + 25/4*t^2 + 4*t + 1;(1, 18, 45, 48, 27, 8, 1);1;1;1;t + 1;(1, 2, 1)
1|1|2|3;2|2|2|1;3;1;2;0;4;5;1/4;30;1/4*t^5 + 7/4*t^4 + 19/4*t^3 + 25/4*t^2 + 4*t + 1;(1, 18, 45, 48, 27, 8, 1);1;1;1;t + 1;(1, 2, 1)
1|1|2|3;2|2|3;4;2;1;1;5;5;1/4;30;1/4*t^5 + 7/4*t^4 + 19/4*t^3 + 25/4*t^2 + 4*t + 1;(1, 18, 45, 48, 27, 8, 1);1;1;1;t + 1;(1, 2, 1)
1|1|2|3;2|3|1|1;3;0;2;1;2;4;1/2;12;1/2*t^4 + 5/2*t^3 + 9/2*t^2 + 7/2*t + 1;(1, 12, 24, 19, 7, 1);1;1;1;t + 1;(1, 2, 1)
1|1|2|3;2|3|2;2;0;2;0;2;5;1/4;30;1/4*t^5 + 7/4*t^4 + 19/4*t^3 + 25/4*t^2 + 4*t + 1;(1, 18, 45, 48, 27, 8, 1);1;1;1;t + 1;(1, 2, 1)
1|1|2|3;2|4|1;2;0;2;0;2;5;1/4;30;1/4*t^5 + 7/4*t^4 + 19/4*t^3 + 25/4*t^2 + 4*t + 1;(1, 18, 49, 56, 32, 9, 1);1;1;1;t + 1;(1, 2, 1)
1|1|2|3;2|5;2;0;2;0;2;5;1/8;15;1/8*t^5 + 25/24*t^4 + 79/24*t^3 + 119/24*t^2 + 43/12*t + 1;(1, 14, 37, 43, 26, 8, 1);1;1;1;t + 1;(1, 2, 1)
1|1|2|3;3|1|1|1|1;4;0;2;2;2;3;1;6;t^3 + 3*t^2 + 3*t + 1;(1, 8, 12, 6, 1);2;1/2;1;1/2*t^2 + 3/2*t + 1;(1, 3, 3, 1)
1|1|2|3;3|1|1|2;3;0;2;1;2;4;1/2;12;1/2*t^4 + 5/2*t^3 + 9/2*t^2 + 7/2*t + 1;(1, 12, 24, 19, 7, 1);2;1/2;1;1/2*t^2 + 3/2*t + 1;(1, 3, 3, 1)
1|1|2|3;3|1|2|1;3;0;2;1;2;4;1/2;12;1/2*t^4 + 5/2*t^3 + 9/2*t^2 + 7/2*t + 1;(1, 12, 24, 19, 7, 1);2;1/2;1;1/2*t^2 + 3/2*t + 1;(1, 3, 3, 1)
1|1|2|3;3|1|3;4;1;1;2;3;4;1/2;12;1/2*t^4 + 5/2*t^3 + 9/2*t^2 + 7/2*t + 1;(1, 12, 24, 19, 7, 1);2;1/2;1;1/2*t^2 + 3/2*t + 1;(1, 3, 3, 1)
1|1|2|3;3|2|1|1;3;0;1;2;1;4;1;24;t^4 + 4*t^3 + 6*t^2 + 4*t + 1;(1, 16, 32, 24, 8, 1);4;1/24;1;1/24*t^4 + 5/12*t^3 + 35/24*t^2 + 25/12*t + 1;(1, 5, 10, 10, 5, 1)
1|1|2|3;3|2|2;2;0;1;1;1;5;1/2;60;1/2*t^5 + 3*t^4 + 7*t^3 + 8*t^2 + 9/2*t + 1;(1, 24, 60, 62, 33, 9, 1);4;1/24;1;1/24*t^4 + 5/12*t^3 + 35/24*t^2 + 25/12*t + 1;(1, 5, 10, 10, 5, 1)
1|1|2|3;3|3|1;3;0;2;1;2;4;1/2;12;1/2*t^4 + 5/2*t^3 + 9/2*t^2 + 7/2*t + 1;(1, 12, 24, 19, 7, 1);3;1/6;1;1/6*t^3 + t^2 + 11/6*t + 1;(1, 4, 6, 4, 1)
1|1|2|3;3|4;2;0;1;1;1;5;1/6;20;1/6*t^5 + 4/3*t^4 + 4*t^3 + 17/3*t^2 + 23/6*t + 1;(1, 16, 40, 44, 26, 8, 1);3;1/6;1;1/6*t^3 + t^2 + 11/6*t + 1;(1, 4, 6, 4, 1)
1|1|2|3;4|1|1|1;3;0;2;1;2;4;1/3;8;1/3*t^4 + 11/6*t^3 + 11/3*t^2 + 19/6*t + 1;(1, 10, 21, 18, 7, 1);1;1;1;t + 1;(1, 2, 1)
1|1|2|3;4|1|2;2;0;2;0;2;5;1/6;20;1/6*t^5 + 5/4*t^4 + 11/3*t^3 + 21/4*t^2 + 11/3*t + 1;(1, 15, 39, 44, 26, 8, 1);1;1;1;t + 1;(1, 2, 1)
1|1|2|3;4|2|1;2;0;2;0;2;5;1/6;20;1/6*t^5 + 5/4*t^4 + 11/3*t^3 + 21/4*t^2 + 11/3*t + 1;(1, 15, 39, 44, 26, 8, 1);1;1;1;t + 1;(1, 2, 1)
1|1|2|3;4|3;3;1;1;1;3;5;1/6;20;1/6*t^5 + 5/4*t^4 + 11/3*t^3 + 21/4*t^2 + 11/3*t + 1;(1, 15, 39, 44, 26, 8, 1);1;1;1;t + 1;(1, 2, 1)
1|1|2|3;5|1|1;3;0;2;1;2;4;1/6;4;1/6*t^4 + 7/6*t^3 + 17/6*t^2 + 17/6*t + 1;(1, 8, 16, 14, 6, 1);2;1/2;1;1/2*t^2 + 3/2*t + 1;(1, 3, 3, 1)
1|1|2|3;5|2;2;0;2;0;2;5;1/12;10;1/12*t^5 + 3/4*t^4 + 31/12*t^3 + 17/4*t^2 + 10/3*t + 1;(1, 12, 30, 34, 21, 7, 1);2;1/2;1;1/2*t^2 + 3/2*t + 1;(1, 3, 3, 1)
1|1|2|3;6|1;3;1;2;0;4;5;1/30;4;1/30*t^5 + 3/8*t^4 + 19/12*t^3 + 25/8*t^2 + 173/60*t + 1;(1, 9, 24, 30, 20, 7, 1);1;1;1;t + 1;(1, 2, 1)
1|1|2|3;7;2;0;2;0;2;5;1/40;3;1/40*t^5 + 7/24*t^4 + 31/24*t^3 + 65/24*t^2 + 161/60*t + 1;(1, 8, 22, 29, 20, 7, 1);1;1;1;t + 1;(1, 2, 1)
1|1|3|1|1;1|1|3|1|1;6;1;0;5;2;2;1/2;1;1/2*t^2 + 3/2*t + 1;(1, 3, 3, 1);0;1;1;1;(1, 1)
1|1|3|1|1;1|1|3|2;5;1;1;3;3;3;1/2;3;1/2*t^3 + 2*t^2 + 5/2*t + 1;(1, 6, 9, 5, 1);0;1;1;1;(1, 1)
1|1|3|1|1;1|1|4|1;4;0;1;3;1;3;1/6;1;1/6*t^3 + t^2 + 11/6*t + 1;(1, 4, 6, 4, 1);0;1;1;1;(1, 1)
1|1|3|1|1;1|1|5;4;0;2;2;2;3;1/6;1;1/6*t^3 + t^2 + 11/6*t + 1;(1, 4, 6, 4, 1);0;1;1;1;(1, 1)
1|1|3|1|1;1|2|1|1|1|1;5;0;1;4;1;2;1;2;t^2 + 2*t + 1;(1, 4, 4, 1);0;1;1;1;(1, 1)
1|1|3|1|1;1|2|1|1|2;4;0;2;2;2;3;1;6;t^3 + 3*t^2 + 3*t + 1;(1, 8, 12, 6, 1);0;1;1;1;(1, 1)
1|1|3|1|1;1|2|1|2|1;4;0;1;3;1;3;1;6;t^3 + 3*t^2 + 3*t + 1;(1, 8, 12, 6, 1);0;1;1;1;(1, 1)
1|1|3|1|1;1|2|1|3;4;0;1;3;1;3;1;6;t^3 + 3*t^2 + 3*t + 1;(1, 8, 12, 6, 1);0;1;1;1;(1, 1)
1|1|3|1|1;1|2|2|1|1;4;0;1;3;1;3;1/2;3;1/2*t^3 + 2*t^2 + 5/2*t + 1;(1, 6, 9, 5, 1);0;1;1;1;(1, 1)
1|1|3|1|1;1|2|2|2;3;0;2;1;2;4;1/2;12;1/2*t^4 + 5/2*t^3 + 9/2*t^2 + 7/2*t + 1;(1, 12, 24, 19, 7, 1);0;1;1;1;(1, 1)
1|1|3|1|1;1|2|3|1;4;0;2;2;2;3;1/2;3;1/2*t^3 + 2*t^2 + 5/2*t + 1;(1, 6, 9, 5, 1);0;1;1;1;(1, 1)
1|1|3|1|1;1|2|4;3;0;2;1;2;4;1/3;8;1/3*t^4 + 11/6*t^3 + 11/3*t^2 + 19/6*t + 1;(1, 10, 21, 18, 7, 1);0;1;1;1;(1, 1)
1|1|3|1|1;1|3|1|1|1;5;0;2;3;2;2;1/2;1;1/2*t^2 + 3/2*t + 1;(1, 3, 3, 1);0;1;1;1;(1, 1)
1|1|3|1|1;1|3|1|2;4;0;3;1;3;3;1/2;3;1/2*t^3 + 2*t^2 + 5/2*t + 1;(1, 6, 9, 5, 1);0;1;1;1;(1, 1)
1|1|3|1|1;1|3|2|1;4;0;2;2;2;3;1/2;3;1/2*t^3 + 2*t^2 + 5/2*t + 1;(1, 6, 9, 5, 1);0;1;1;1;(1, 1)
1|1|3|1|1;1|3|3;4;0;2;2;2;3;1/2;3;1/2*t^3 + 2*t^2 + 5/2*t + 1;(1, 6, 9, 5, 1);0;1;1;1;(1, 1)
1|1|3|1|1;1|4|1|1;4;0;1;3;1;3;1/6;1;1/6*t^3 + t^2 + 11/6*t + 1;(1, 4, 6, 4, 1);0;1;1;1;(1, 1)
1|1|3|1|1;1|4|2;3;0;2;1;2;4;1/6;4;1/6*t^4 + 7/6*t^3 + 17/6*t^2 + 17/6*t + 1;(1, 8, 16, 14, 6, 1);0;1;1;1;(1, 1)
1|1|3|1|1;1|5|1;5;1;1;3;3;3;1/6;1;1/6*t^3 + t^2 + 11/6*t + 1;(1, 4, 6, 4, 1);0;1;1;1;(1, 1)
1|1|3|1|1;1|6;3;0;2;1;2;4;1/24;1;1/24*t^4 + 5/12*t^3 + 35/24*t^2 + 25/12*t + 1;(1, 5, 10, 10, 5, 1);0;1;1;1;(1, 1)
1|1|3|1|1;2|1|1|1|1|1;5;0;2;3;2;2;1;2;t^2 + 2*t + 1;(1, 4, 4, 1);1;1;1;t + 1;(1, 2, 1)
1|1|3|1|1;2|1|1|1|2;4;0;3;1;3;3;1;6;t^3 + 3*t^2 + 3*t + 1;(1, 8, 12, 6, 1);1;1;1;t + 1;(1, 2, 1)
1|1|3|1|1;2|1|1|2|1;4;0;2;2;2;3;1;6;t^3 + 3*t^2 + 3*t + 1;(1, 8, 12, 6, 1);1;1;1;t + 1;(1, 2, 1)
1|1|3|1|1;2|1|1|3;4;0;2;2;2;3;1;6;t^3 + 3*t^2 + 3*t + 1;(1, 8, 12, 6, 1);1;1;1;t + 1;(1, 2, 1)
1|1|3|1|1;2|1|2|1|1;4;0;2;2;2;3;1/2;3;1/2*t^3 + 2*t^2 + 5/2*t + 1;(1, 6, 9, 5, 1);1;1;1;t + 1;(1, 2, 1)
1|1|3|1|1;2|1|2|2;3;0;3;0;3;4;1/2;12;1/2*t^4 + 5/2*t^3 + 9/2*t^2 + 7/2*t + 1;(1, 12, 24, 19, 7, 1);1;1;1;t + 1;(1, 2, 1)
1|1|3|1|1;2|1|3|1;4;0;3;1;3;3;1/2;3;1/2*t^3 + 2*t^2 + 5/2*t + 1;(1, 6, 9, 5, 1);1;1;1;t + 1;(1, 2, 1)
1|1|3|1|1;2|1|4;3;0;3;0;3;4;1/3;8;1/3*t^4 + 11/6*t^3 + 11/3*t^2 + 19/6*t + 1;(1, 10, 21, 18, 7, 1);1;1;1;t + 1;(1, 2, 1)
1|1|3|1|1;2|2|1|1|1;4;0;2;2;2;3;1/2;3;1/2*t^3 + 2*t^2 + 5/2*t + 1;(1, 6, 9, 5, 1);1;1;1;t + 1;(1, 2, 1)
1|1|3|1|1;2|2|1|2;3;0;3;0;3;4;1/2;12;1/2*t^4 + 5/2*t^3 + 9/2*t^2 + 7/2*t + 1;(1, 12, 24, 19, 7, 1);1;1;1;t + 1;(1, 2, 1)
1|1|3|1|1;2|2|2|1;3;0;2;1;2;4;1/2;12;1/2*t^4 + 5/2*t^3 + 9/2*t^2 + 7/2*t + 1;(1, 12, 24, 19, 7, 1);1;1;1;t + 1;(1, 2, 1)
1|1|3|1|1;2|2|3;3;0;2;1;2;4;1/2;12;1/2*t^4 + 5/2*t^3 + 9/2*t^2 + 7/2*t + 1;(1, 12, 24, 19, 7, 1);1;1;1;t + 1;(1, 2, 1)
1|1|3|1|1;2|3|1|1;5;1;1;3;3;3;1/2;3;1/2*t^3 + 2*t^2 + 5/2*t + 1;(1, 6, 9, 5, 1);1;1;1;t + 1;(1, 2, 1)
1|1|3|1|1;2|3|2;4;1;2;1;4;4;1/2;12;1/2*t^4 + 5/2*t^3 + 9/2*t^2 + 7/2*t + 1;(1, 12, 24, 19, 7, 1);1;1;1;t + 1;(1, 2, 1)
1|1|3|1|1;2|4|1;3;0;2;1;2;4;1/6;4;1/6*t^4 + 7/6*t^3 + 17/6*t^2 + 17/6*t + 1;(1, 8, 16, 14, 6, 1);1;1;1;t + 1;(1, 2, 1)
1|1|3|1|1;2|5;3;0;3;0;3;4;1/6;4;1/6*t^4 + 7/6*t^3 + 17/6*t^2 + 17/6*t + 1;(1, 8, 16, 14, 6, 1);1;1;1;t + 1;(1, 2, 1)
1|1|3|1|1;3|1|1|1|1;5;0;1;4;1;2;1;2;t^2 + 2*t + 1;(1, 4, 4, 1);2;1/2;1;1/2*t^2 + 3/2*t + 1;(1, 3, 3, 1)
1|1|3|1|1;3|1|1|2;4;0;2;2;2;3;1;6;t^3 + 3*t^2 + 3*t + 1;(1, 8, 12, 6, 1);2;1/2;1;1/2*t^2 + 3/2*t + 1;(1, 3, 3, 1)
1|1|3|1|1;3|1|2|1;4;0;1;3;1;3;1;6;t^3 + 3*t^2 + 3*t + 1;(1, 8, 12, 6, 1);3;1/6;1;1/6*t^3 + t^2 + 11/6*t + 1;(1, 4, 6, 4, 1)
1|1|3|1|1;3|1|3;4;0;1;3;1;3;1;6;t^3 + 3*t^2 + 3*t + 1;(1, 8, 12, 6, 1);3;1/6;1;1/6*t^3 + t^2 + 11/6*t + 1;(1, 4, 6, 4, 1)
1|1|3|1|1;3|2|1|1;4;0;1;3;1;3;1/2;3;1/2*t^3 + 2*t^2 + 5/2*t + 1;(1, 6, 9, 5, 1);2;1/2;1;1/2*t^2 + 3/2*t + 1;(1, 3, 3, 1)
1|1|3|1|1;3|2|2;3;0;2;1;2;4;1/2;12;1/2*t^4 + 5/2*t^3 + 9/2*t^2 + 7/2*t + 1;(1, 12, 24, 19, 7, 1);2;1/2;1;1/2*t^2 + 3/2*t + 1;(1, 3, 3, 1)
1|1|3|1|1;3|3|1;4;0;2;2;2;3;1/2;3;1/2*t^3 + 2*t^2 + 5/2*t + 1;(1, 6, 9, 5, 1);2;1/2;1;1/2*t^2 + 3/2*t + 1;(1, 3, 3, 1)
1|1|3|1|1;3|4;3;0;2;1;2;4;1/3;8;1/3*t^4 + 11/6*t^3 + 11/3*t^2 + 19/6*t + 1;(1, 10, 21, 18, 7, 1);3;1/6;1;1/6*t^3 + t^2 + 11/6*t + 1;(1, 4, 6, 4, 1)
1|1|3|1|1;4|1|1|1;4;0;2;2;2;3;1/3;2;1/3*t^3 + 3/2*t^2 + 13/6*t + 1;(1, 5, 8, 5, 1);1;1;1;t + 1;(1, 2, 1)
1|1|3|1|1;4|1|2;3;0;3;0;3;4;1/3;8;1/3*t^4 + 11/6*t^3 + 11/3*t^2 + 19/6*t + 1;(1, 10, 21, 18, 7, 1);1;1;1;t + 1;(1, 2, 1)
1|1|3|1|1;4|2|1;3;0;2;1;2;4;1/3;8;1/3*t^4 + 11/6*t^3 + 11/3*t^2 + 19/6*t + 1;(1, 10, 21, 18, 7, 1);1;1;1;t + 1;(1, 2, 1)
1|1|3|1|1;4|3;3;0;2;1;2;4;1/3;8;1/3*t^4 + 11/6*t^3 + 11/3*t^2 + 19/6*t + 1;(1, 10, 21, 18, 7, 1);1;1;1;t + 1;(1, 2, 1)
1|1|3|1|1;5|1|1;4;0;2;2;2;3;1/6;1;1/6*t^3 + t^2 + 11/6*t + 1;(1, 4, 6, 4, 1);1;1;1;t + 1;(1, 2, 1)
1|1|3|1|1;5|2;3;0;3;0;3;4;1/6;4;1/6*t^4 + 7/6*t^3 + 17/6*t^2 + 17/6*t + 1;(1, 8, 16, 14, 6, 1);1;1;1;t + 1;(1, 2, 1)
1|1|3|1|1;6|1;3;0;2;1;2;4;1/24;1;1/24*t^4 + 5/12*t^3 + 35/24*t^2 + 25/12*t + 1;(1, 5, 10, 10, 5, 1);1;1;1;t + 1;(1, 2, 1)
1|1|3|1|1;7;4;1;2;1;4;4;1/24;1;1/24*t^4 + 5/12*t^3 + 35/24*t^2 + 25/12*t + 1;(1, 5, 10, 10, 5, 1);1;1;1;t + 1;(1, 2, 1)
1|1|3|2;1|1|3|2;5;2;0;3;4;4;1/4;6;1/4*t^4 + 3/2*t^3 + 13/4*t^2 + 3*t + 1;(1, 9, 18, 15, 6, 1);0;1;1;1;(1, 1)
1|1|3|2;1|1|4|1;3;0;1;2;1;4;1/6;4;1/6*t^4 + 7/6*t^3 + 17/6*t^2 + 17/6*t + 1;(1, 8, 16, 14, 6, 1);0;1;1;1;(1, 1)
1|1|3|2;1|1|5;3;0;1;2;1;4;1/8;3;1/8*t^4 + 11/12*t^3 + 19/8*t^2 + 31/12*t + 1;(1, 7, 15, 14, 6, 1);0;1;1;1;(1, 1)
1|1|3|2;1|2|1|1|1|1;4;0;2;2;2;3;1;6;t^3 + 3*t^2 + 3*t + 1;(1, 8, 12, 6, 1);0;1;1;1;(1, 1)
1|1|3|2;1|2|1|1|2;4;1;1;2;3;4;1/2;12;1/2*t^4 + 5/2*t^3 + 9/2*t^2 + 7/2*t + 1;(1, 12, 24, 19, 7, 1);0;1;1;1;(1, 1)
1|1|3|2;1|2|1|2|1;3;0;1;2;1;4;1;24;t^4 + 4*t^3 + 6*t^2 + 4*t + 1;(1, 16, 32, 24, 8, 1);0;1;1;1;(1, 1)
1|1|3|2;1|2|1|3;3;0;1;2;1;4;1/2;12;1/2*t^4 + 5/2*t^3 + 9/2*t^2 + 7/2*t + 1;(1, 12, 24, 19, 7, 1);0;1;1;1;(1, 1)
1|1|3|2;1|2|2|1|1;3;0;2;1;2;4;1/2;12;1/2*t^4 + 5/2*t^3 + 9/2*t^2 + 7/2*t + 1;(1, 12, 24, 19, 7, 1);0;1;1;1;(1, 1)
1|1|3|2;1|2|2|2;3;1;1;1;3;5;1/4;30;1/4*t^5 + 7/4*t^4 + 19/4*t^3 + 25/4*t^2 + 4*t + 1;(1, 18, 45, 48, 27, 8, 1);0;1;1;1;(1, 1)
1|1|3|2;1|2|3|1;3;0;2;1;2;4;1/2;12;1/2*t^4 + 5/2*t^3 + 9/2*t^2 + 7/2*t + 1;(1, 12, 24, 19, 7, 1);0;1;1;1;(1, 1)
1|1|3|2;1|2|4;2;0;1;1;1;5;1/4;30;1/4*t^5 + 7/4*t^4 + 19/4*t^3 + 25/4*t^2 + 4*t + 1;(1, 18, 49, 56, 32, 9, 1);0;1;1;1;(1, 1)
1|1|3|2;1|3|1|1|1;4;0;3;1;3;3;1/2;3;1/2*t^3 + 2*t^2 + 5/2*t + 1;(1, 6, 9, 5, 1);0;1;1;1;(1, 1)
1|1|3|2;1|3|1|2;4;1;2;1;4;4;1/4;6;1/4*t^4 + 3/2*t^3 + 13/4*t^2 + 3*t + 1;(1, 9, 18, 15, 6, 1);0;1;1;1;(1, 1)
1|1|3|2;1|3|2|1;3;0;2;1;2;4;1/2;12;1/2*t^4 + 5/2*t^3 + 9/2*t^2 + 7/2*t + 1;(1, 12, 24, 19, 7, 1);0;1;1;1;(1, 1)
1|1|3|2;1|3|3;3;0;2;1;2;4;1/4;6;1/4*t^4 + 3/2*t^3 + 13/4*t^2 + 3*t + 1;(1, 9, 18, 15, 6, 1);0;1;1;1;(1, 1)
1|1|3|2;1|4|1|1;3;0;2;1;2;4;1/6;4;1/6*t^4 + 7/6*t^3 + 17/6*t^2 + 17/6*t + 1;(1, 8, 16, 14, 6, 1);0;1;1;1;(1, 1)
1|1|3|2;1|4|2;3;1;1;1;3;5;1/12;10;1/12*t^5 + 3/4*t^4 + 31/12*t^3 + 17/4*t^2 + 10/3*t + 1;(1, 12, 30, 34, 21, 7, 1);0;1;1;1;(1, 1)
1|1|3|2;1|5|1;4;1;1;2;3;4;1/6;4;1/6*t^4 + 7/6*t^3 + 17/6*t^2 + 17/6*t + 1;(1, 8, 16, 14, 6, 1);0;1;1;1;(1, 1)
1|1|3|2;1|6;2;0;1;1;1;5;1/30;4;1/30*t^5 + 3/8*t^4 + 19/12*t^3 + 25/8*t^2 + 173/60*t + 1;(1, 9, 24, 30, 20, 7, 1);0;1;1;1;(1, 1)
1|1|3|2;2|1|1|1|1|1;4;0;3;1;3;3;1;6;t^3 + 3*t^2 + 3*t + 1;(1, 8, 12, 6, 1);1;1;1;t + 1;(1, 2, 1)
1|1|3|2;2|1|1|1|2;4;1;2;1;4;4;1/2;12;1/2*t^4 + 5/2*t^3 + 9/2*t^2 + 7/2*t + 1;(1, 12, 24, 19, 7, 1);1;1;1;t + 1;(1, 2, 1)
1|1|3|2;2|1|1|2|1;3;0;2;1;2;4;1;24;t^4 + 4*t^3 + 6*t^2 + 4*t + 1;(1, 16, 32, 24, 8, 1);1;1;1;t + 1;(1, 2, 1)
1|1|3|2;2|1|1|3;3;0;2;1;2;4;1/2;12;1/2*t^4 + 5/2*t^3 + 9/2*t^2 + 7/2*t + 1;(1, 12, 24, 19, 7, 1);1;1;1;t + 1;(1, 2, 1)
1|1|3|2;2|1|2|1|1;3;0;3;0;3;4;1/2;12;1/2*t^4 + 5/2*t^3 + 9/2*t^2 + 7/2*t + 1;(1, 12, 24, 19, 7, 1);1;1;1;t + 1;(1, 2, 1)
1|1|3|2;2|1|2|2;3;1;2;0;4;5;1/4;30;1/4*t^5 + 7/4*t^4 + 19/4*t^3 + 25/4*t^2 + 4*t + 1;(1, 18, 45, 48, 27, 8, 1);1;1;1;t + 1;(1, 2, 1)
1|1|3|2;2|1|3|1;3;0;3;0;3;4;1/2;12;1/2*t^4 + 5/2*t^3 + 9/2*t^2 + 7/2*t + 1;(1, 12, 24, 19, 7, 1);1;1;1;t + 1;(1, 2, 1)
1|1|3|2;2|1|4;2;0;2;0;2;5;1/4;30;1/4*t^5 + 7/4*t^4 + 19/4*t^3 + 25/4*t^2 + 4*t + 1;(1, 18, 49, 56, 32, 9, 1);1;1;1;t + 1;(1, 2, 1)
1|1|3|2;2|2|1|1|1;3;0;3;0;3;4;1/2;12;1/2*t^4 + 5/2*t^3 + 9/2*t^2 + 7/2*t + 1;(1, 12, 24, 19, 7, 1);1;1;1;t + 1;(1, 2, 1)
1|1|3|2;2|2|1|2;3;1;2;0;4;5;1/4;30;1/4*t^5 + 7/4*t^4 + 19/4*t^3 + 25/4*t^2 + 4*t + 1;(1, 18, 45, 48, 27, 8, 1);1;1;1;t + 1;(1, 2, 1)
1|1|3|2;2|2|2|1;2;0;2;0;2;5;1/2;60;1/2*t^5 + 3*t^4 + 7*t^3 + 8*t^2 + 9/2*t + 1;(1, 24, 60, 62, 33, 9, 1);1;1;1;t + 1;(1, 2, 1)
1|1|3|2;2|2|3;2;0;2;0;2;5;1/4;30;1/4*t^5 + 7/4*t^4 + 19/4*t^3 + 25/4*t^2 + 4*t + 1;(1, 18, 45, 48, 27, 8, 1);1;1;1;t + 1;(1, 2, 1)
1|1|3|2;2|3|1|1;4;1;2;1;4;4;1/2;12;1/2*t^4 + 5/2*t^3 + 9/2*t^2 + 7/2*t + 1;(1, 12, 24, 19, 7, 1);1;1;1;t + 1;(1, 2, 1)
1|1|3|2;2|3|2;4;2;1;1;5;5;1/4;30;1/4*t^5 + 7/4*t^4 + 19/4*t^3 + 25/4*t^2 + 4*t + 1;(1, 18, 45, 48, 27, 8, 1);1;1;1;t + 1;(1, 2, 1)
1|1|3|2;2|4|1;2;0;2;0;2;5;1/6;20;1/6*t^5 + 4/3*t^4 + 4*t^3 + 17/3*t^2 + 23/6*t + 1;(1, 16, 40, 44, 26, 8, 1);1;1;1;t + 1;(1, 2, 1)
1|1|3|2;2|5;2;0;2;0;2;5;1/8;15;1/8*t^5 + 25/24*t^4 + 79/24*t^3 + 119/24*t^2 + 43/12*t + 1;(1, 14, 37, 43, 26, 8, 1);1;1;1;t + 1;(1, 2, 1)
1|1|3|2;3|1|1|1|1;4;0;2;2;2;3;1;6;t^3 + 3*t^2 + 3*t + 1;(1, 8, 12, 6, 1);2;1/2;1;1/2*t^2 + 3/2*t + 1;(1, 3, 3, 1)
1|1|3|2;3|1|1|2;4;1;1;2;3;4;1/2;12;1/2*t^4 + 5/2*t^3 + 9/2*t^2 + 7/2*t + 1;(1, 12, 24, 19, 7, 1);2;1/2;1;1/2*t^2 + 3/2*t + 1;(1, 3, 3, 1)
1|1|3|2;3|1|2|1;3;0;1;2;1;4;1;24;t^4 + 4*t^3 + 6*t^2 + 4*t + 1;(1, 16, 32, 24, 8, 1);4;1/24;1;1/24*t^4 + 5/12*t^3 + 35/24*t^2 + 25/12*t + 1;(1, 5, 10, 10, 5, 1)
1|1|3|2;3|1|3;3;0;1;2;1;4;1/2;12;1/2*t^4 + 5/2*t^3 + 9/2*t^2 + 7/2*t + 1;(1, 12, 24, 19, 7, 1);3;1/6;1;1/6*t^3 + t^2 + 11/6*t + 1;(1, 4, 6, 4, 1)
1|1|3|2;3|2|1|1;3;0;2;1;2;4;1/2;12;1/2*t^4 + 5/2*t^3 + 9/2*t^2 + 7/2*t + 1;(1, 12, 24, 19, 7, 1);2;1/2;1;1/2*t^2 + 3/2*t + 1;(1, 3, 3, 1)
1|1|3|2;3|2|2;3;1;1;1;3;5;1/4;30;1/4*t^5 + 7/4*t^4 + 19/4*t^3 + 25/4*t^2 + 4*t + 1;(1, 18, 45, 48, 27, 8, 1);2;1/2;1;1/2*t^2 + 3/2*t + 1;(1, 3, 3, 1)
1|1|3|2;3|3|1;3;0;2;1;2;4;1/2;12;1/2*t^4 + 5/2*t^3 + 9/2*t^2 + 7/2*t + 1;(1, 12, 24, 19, 7, 1);2;1/2;1;1/2*t^2 + 3/2*t + 1;(1, 3, 3, 1)
1|1|3|2;3|4;2;0;1;1;1;5;1/4;30;1/4*t^5 + 7/4*t^4 + 19/4*t^3 + 25/4*t^2 + 4*t + 1;(1, 18, 49, 56, 32, 9, 1);4;1/24;1;1/24*t^4 + 5/12*t^3 + 35/24*t^2 + 25/12*t + 1;(1, 5, 10, 10, 5, 1)
1|1|3|2;4|1|1|1;3;0;3;0;3;4;1/3;8;1/3*t^4 + 11/6*t^3 + 11/3*t^2 + 19/6*t + 1;(1, 10, 21, 18, 7, 1);1;1;1;t + 1;(1, 2, 1)
1|1|3|2;4|1|2;3;1;2;0;4;5;1/6;20;1/6*t^5 + 5/4*t^4 + 11/3*t^3 + 21/4*t^2 + 11/3*t + 1;(1, 15, 39, 44, 26, 8, 1);1;1;1;t + 1;(1, 2, 1)
1|1|3|2;4|2|1;2;0;2;0;2;5;1/3;40;1/3*t^5 + 13/6*t^4 + 11/2*t^3 + 41/6*t^2 + 25/6*t + 1;(1, 20, 52, 57, 32, 9, 1);1;1;1;t + 1;(1, 2, 1)
1|1|3|2;4|3;2;0;2;0;2;5;1/6;20;1/6*t^5 + 5/4*t^4 + 11/3*t^3 + 21/4*t^2 + 11/3*t + 1;(1, 15, 39, 44, 26, 8, 1);1;1;1;t + 1;(1, 2, 1)
1|1|3|2;5|1|1;3;0;3;0;3;4;1/6;4;1/6*t^4 + 7/6*t^3 + 17/6*t^2 + 17/6*t + 1;(1, 8, 16, 14, 6, 1);1;1;1;t + 1;(1, 2, 1)
1|1|3|2;5|2;3;1;2;0;4;5;1/12;10;1/12*t^5 + 3/4*t^4 + 31/12*t^3 + 17/4*t^2 + 10/3*t + 1;(1, 12, 30, 34, 21, 7, 1);1;1;1;t + 1;(1, 2, 1)
1|1|3|2;6|1;2;0;2;0;2;5;1/24;5;1/24*t^5 + 11/24*t^4 + 15/8*t^3 + 85/24*t^2 + 37/12*t + 1;(1, 10, 25, 30, 20, 7, 1);2;1/2;1;1/2*t^2 + 3/2*t + 1;(1, 3, 3, 1)
1|1|3|2;7;3;1;1;1;3;5;1/30;4;1/30*t^5 + 3/8*t^4 + 19/12*t^3 + 25/8*t^2 + 173/60*t + 1;(1, 9, 24, 30, 20, 7, 1);1;1;1;t + 1;(1, 2, 1)
1|1|4|1;1|1|4|1;5;2;0;3;4;4;1/24;1;1/24*t^4 + 5/12*t^3 + 35/24*t^2 + 25/12*t + 1;(1, 5, 10, 10, 5, 1);0;1;1;1;(1, 1)
1|1|4|1;1|1|5;3;0;1;2;1;4;1/24;1;1/24*t^4 + 5/12*t^3 + 35/24*t^2 + 25/12*t + 1;(1, 5, 10, 10, 5, 1);0;1;1;1;(1, 1)
1|1|4|1;1|2|1|1|1|1;4;0;2;2;2;3;1/2;3;1/2*t^3 + 2*t^2 + 5/2*t + 1;(1, 6, 9, 5, 1);0;1;1;1;(1, 1)
1|1|4|1;1|2|1|1|2;3;0;2;1;2;4;1/2;12;1/2*t^4 + 5/2*t^3 + 9/2*t^2 + 7/2*t + 1;(1, 12, 24, 19, 7, 1);0;1;1;1;(1, 1)
1|1|4|1;1|2|1|2|1;3;0;1;2;1;4;1/3;8;1/3*t^4 + 11/6*t^3 + 11/3*t^2 + 19/6*t + 1;(1, 10, 21, 18, 7, 1);0;1;1;1;(1, 1)
1|1|4|1;1|2|1|3;3;0;2;1;2;4;1/3;8;1/3*t^4 + 11/6*t^3 + 11/3*t^2 + 19/6*t + 1;(1, 10, 21, 18, 7, 1);0;1;1;1;(1, 1)
1|1|4|1;1|2|2|1|1;4;1;1;2;3;4;1/6;4;1/6*t^4 + 7/6*t^3 + 17/6*t^2 + 17/6*t + 1;(1, 8, 16, 14, 6, 1);0;1;1;1;(1, 1)
1|1|4|1;1|2|2|2;3;1;1;1;3;5;1/6;20;1/6*t^5 + 4/3*t^4 + 4*t^3 + 17/3*t^2 + 23/6*t + 1;(1, 16, 40, 44, 26, 8, 1);0;1;1;1;(1, 1)
1|1|4|1;1|2|3|1;3;0;1;2;1;4;1/6;4;1/6*t^4 + 7/6*t^3 + 17/6*t^2 + 17/6*t + 1;(1, 8, 16, 14, 6, 1);0;1;1;1;(1, 1)
1|1|4|1;1|2|4;2;0;1;1;1;5;1/12;10;1/12*t^5 + 3/4*t^4 + 31/12*t^3 + 17/4*t^2 + 10/3*t + 1;(1, 12, 32, 39, 25, 8, 1);0;1;1;1;(1, 1)
1|1|4|1;1|3|1|1|1;4;0;2;2;2;3;1/3;2;1/3*t^3 + 3/2*t^2 + 13/6*t + 1;(1, 5, 8, 5, 1);0;1;1;1;(1, 1)
1|1|4|1;1|3|1|2;3;0;2;1;2;4;1/3;8;1/3*t^4 + 11/6*t^3 + 11/3*t^2 + 19/6*t + 1;(1, 10, 21, 18, 7, 1);0;1;1;1;(1, 1)
1|1|4|1;1|3|2|1;3;0;1;2;1;4;1/4;6;1/4*t^4 + 3/2*t^3 + 13/4*t^2 + 3*t + 1;(1, 9, 20, 18, 7, 1);0;1;1;1;(1, 1)
1|1|4|1;1|3|3;3;0;2;1;2;4;1/4;6;1/4*t^4 + 3/2*t^3 + 13/4*t^2 + 3*t + 1;(1, 9, 20, 18, 7, 1);0;1;1;1;(1, 1)
1|1|4|1;1|4|1|1;3;0;1;2;1;4;1/12;2;1/12*t^4 + 2/3*t^3 + 23/12*t^2 + 7/3*t + 1;(1, 6, 13, 13, 6, 1);0;1;1;1;(1, 1)
1|1|4|1;1|4|2;2;0;1;1;1;5;1/12;10;1/12*t^5 + 3/4*t^4 + 31/12*t^3 + 17/4*t^2 + 10/3*t + 1;(1, 12, 32, 39, 25, 8, 1);0;1;1;1;(1, 1)
1|1|4|1;1|5|1;3;0;1;2;1;4;1/24;1;1/24*t^4 + 5/12*t^3 + 35/24*t^2 + 25/12*t + 1;(1, 5, 10, 10, 5, 1);0;1;1;1;(1, 1)
1|1|4|1;1|6;4;2;1;1;5;5;1/120;1;1/120*t^5 + 1/8*t^4 + 17/24*t^3 + 15/8*t^2 + 137/60*t + 1;(1, 6, 15, 20, 15, 6, 1);0;1;1;1;(1, 1)
1|1|4|1;2|1|1|1|1|1;4;0;3;1;3;3;1/2;3;1/2*t^3 + 2*t^2 + 5/2*t + 1;(1, 6, 9, 5, 1);1;1;1;t + 1;(1, 2, 1)
1|1|4|1;2|1|1|1|2;3;0;3;0;3;4;1/2;12;1/2*t^4 + 5/2*t^3 + 9/2*t^2 + 7/2*t + 1;(1, 12, 24, 19, 7, 1);1;1;1;t + 1;(1, 2, 1)
1|1|4|1;2|1|1|2|1;3;0;2;1;2;4;1/3;8;1/3*t^4 + 11/6*t^3 + 11/3*t^2 + 19/6*t + 1;(1, 10, 21, 18, 7, 1);1;1;1;t + 1;(1, 2, 1)
1|1|4|1;2|1|1|3;3;0;3;0;3;4;1/3;8;1/3*t^4 + 11/6*t^3 + 11/3*t^2 + 19/6*t + 1;(1, 10, 21, 18, 7, 1);1;1;1;t + 1;(1, 2, 1)
1|1|4|1;2|1|2|1|1;4;1;2;1;4;4;1/6;4;1/6*t^4 + 7/6*t^3 + 17/6*t^2 + 17/6*t + 1;(1, 8, 16, 14, 6, 1);1;1;1;t + 1;(1, 2, 1)
1|1|4|1;2|1|2|2;3;1;2;0;4;5;1/6;20;1/6*t^5 + 4/3*t^4 + 4*t^3 + 17/3*t^2 + 23/6*t + 1;(1, 16, 40, 44, 26, 8, 1);1;1;1;t + 1;(1, 2, 1)
1|1|4|1;2|1|3|1;3;0;2;1;2;4;1/6;4;1/6*t^4 + 7/6*t^3 + 17/6*t^2 + 17/6*t + 1;(1, 8, 16, 14, 6, 1);1;1;1;t + 1;(1, 2, 1)
1|1|4|1;2|1|4;2;0;2;0;2;5;1/12;10;1/12*t^5 + 3/4*t^4 + 31/12*t^3 + 17/4*t^2 + 10/3*t + 1;(1, 12, 32, 39, 25, 8, 1);1;1;1;t + 1;(1, 2, 1)
1|1|4|1;2|2|1|1|1;3;0;2;1;2;4;1/3;8;1/3*t^4 + 11/6*t^3 + 11/3*t^2 + 19/6*t + 1;(1, 10, 21, 18, 7, 1);1;1;1;t + 1;(1, 2, 1)
1|1|4|1;2|2|1|2;2;0;2;0;2;5;1/3;40;1/3*t^5 + 13/6*t^4 + 11/2*t^3 + 41/6*t^2 + 25/6*t + 1;(1, 20, 52, 57, 32, 9, 1);1;1;1;t + 1;(1, 2, 1)
1|1|4|1;2|2|2|1;3;1;1;1;3;5;1/4;30;1/4*t^5 + 7/4*t^4 + 19/4*t^3 + 25/4*t^2 + 4*t + 1;(1, 18, 49, 56, 32, 9, 1);1;1;1;t + 1;(1, 2, 1)
1|1|4|1;2|2|3;2;0;2;0;2;5;1/4;30;1/4*t^5 + 7/4*t^4 + 19/4*t^3 + 25/4*t^2 + 4*t + 1;(1, 18, 49, 56, 32, 9, 1);1;1;1;t + 1;(1, 2, 1)
1|1|4|1;2|3|1|1;3;0;2;1;2;4;1/6;4;1/6*t^4 + 7/6*t^3 + 17/6*t^2 + 17/6*t + 1;(1, 8, 16, 14, 6, 1);1;1;1;t + 1;(1, 2, 1)
1|1|4|1;2|3|2;2;0;2;0;2;5;1/6;20;1/6*t^5 + 4/3*t^4 + 4*t^3 + 17/3*t^2 + 23/6*t + 1;(1, 16, 40, 44, 26, 8, 1);1;1;1;t + 1;(1, 2, 1)
1|1|4|1;2|4|1;4;2;1;1;5;5;1/24;5;1/24*t^5 + 11/24*t^4 + 15/8*t^3 + 85/24*t^2 + 37/12*t + 1;(1, 10, 25, 30, 20, 7, 1);1;1;1;t + 1;(1, 2, 1)
1|1|4|1;2|5;2;0;2;0;2;5;1/24;5;1/24*t^5 + 11/24*t^4 + 15/8*t^3 + 85/24*t^2 + 37/12*t + 1;(1, 10, 25, 30, 20, 7, 1);1;1;1;t + 1;(1, 2, 1)
1|1|4|1;3|1|1|1|1;4;0;2;2;2;3;1/2;3;1/2*t^3 + 2*t^2 + 5/2*t + 1;(1, 6, 9, 5, 1);2;1/2;1;1/2*t^2 + 3/2*t + 1;(1, 3, 3, 1)
1|1|4|1;3|1|1|2;3;0;2;1;2;4;1/2;12;1/2*t^4 + 5/2*t^3 + 9/2*t^2 + 7/2*t + 1;(1, 12, 24, 19, 7, 1);3;1/6;1;1/6*t^3 + t^2 + 11/6*t + 1;(1, 4, 6, 4, 1)
1|1|4|1;3|1|2|1;3;0;1;2;1;4;1/3;8;1/3*t^4 + 11/6*t^3 + 11/3*t^2 + 19/6*t + 1;(1, 10, 21, 18, 7, 1);2;1/2;1;1/2*t^2 + 3/2*t + 1;(1, 3, 3, 1)
1|1|4|1;3|1|3;3;0;2;1;2;4;1/3;8;1/3*t^4 + 11/6*t^3 + 11/3*t^2 + 19/6*t + 1;(1, 10, 21, 18, 7, 1);2;1/2;1;1/2*t^2 + 3/2*t + 1;(1, 3, 3, 1)
1|1|4|1;3|2|1|1;4;1;1;2;3;4;1/6;4;1/6*t^4 + 7/6*t^3 + 17/6*t^2 + 17/6*t + 1;(1, 8, 16, 14, 6, 1);2;1/2;1;1/2*t^2 + 3/2*t + 1;(1, 3, 3, 1)
1|1|4|1;3|2|2;3;1;1;1;3;5;1/6;20;1/6*t^5 + 4/3*t^4 + 4*t^3 + 17/3*t^2 + 23/6*t + 1;(1, 16, 40, 44, 26, 8, 1);3;1/6;1;1/6*t^3 + t^2 + 11/6*t + 1;(1, 4, 6, 4, 1)
1|1|4|1;3|3|1;3;0;1;2;1;4;1/6;4;1/6*t^4 + 7/6*t^3 + 17/6*t^2 + 17/6*t + 1;(1, 8, 16, 14, 6, 1);2;1/2;1;1/2*t^2 + 3/2*t + 1;(1, 3, 3, 1)
1|1|4|1;3|4;2;0;1;1;1;5;1/12;10;1/12*t^5 + 3/4*t^4 + 31/12*t^3 + 17/4*t^2 + 10/3*t + 1;(1, 12, 32, 39, 25, 8, 1);2;1/2;1;1/2*t^2 + 3/2*t + 1;(1, 3, 3, 1)
1|1|4|1;4|1|1|1;3;0;2;1;2;4;5/24;5;5/24*t^4 + 5/4*t^3 + 67/24*t^2 + 11/4*t + 1;(1, 8, 18, 17, 7, 1);2;1/2;1;1/2*t^2 + 3/2*t + 1;(1, 3, 3, 1)
1|1|4|1;4|1|2;2;0;2;0;2;5;5/24;25;5/24*t^5 + 35/24*t^4 + 97/24*t^3 + 133/24*t^2 + 15/4*t + 1;(1, 16, 44, 52, 31, 9, 1);2;1/2;1;1/2*t^2 + 3/2*t + 1;(1, 3, 3, 1)
1|1|4|1;4|2|1;2;0;1;1;1;5;3/20;18;3/20*t^5 + 9/8*t^4 + 10/3*t^3 + 39/8*t^2 + 211/60*t + 1;(1, 14, 41, 51, 31, 9, 1);3;1/6;1;1/6*t^3 + t^2 + 11/6*t + 1;(1, 4, 6, 4, 1)
1|1|4|1;4|3;2;0;2;0;2;5;3/20;18;3/20*t^5 + 9/8*t^4 + 10/3*t^3 + 39/8*t^2 + 211/60*t + 1;(1, 14, 41, 51, 31, 9, 1);3;1/6;1;1/6*t^3 + t^2 + 11/6*t + 1;(1, 4, 6, 4, 1)
1|1|4|1;5|1|1;3;0;2;1;2;4;1/12;2;1/12*t^4 + 2/3*t^3 + 23/12*t^2 + 7/3*t + 1;(1, 6, 13, 13, 6, 1);1;1;1;t + 1;(1, 2, 1)
1|1|4|1;5|2;2;0;2;0;2;5;1/12;10;1/12*t^5 + 3/4*t^4 + 31/12*t^3 + 17/4*t^2 + 10/3*t + 1;(1, 12, 32, 39, 25, 8, 1);1;1;1;t + 1;(1, 2, 1)
1|1|4|1;6|1;2;0;1;1;1;5;1/60;2;1/60*t^5 + 5/24*t^4 + t^3 + 55/24*t^2 + 149/60*t + 1;(1, 7, 19, 26, 19, 7, 1);1;1;1;t + 1;(1, 2, 1)
1|1|4|1;7;2;0;2;0;2;5;1/120;1;1/120*t^5 + 1/8*t^4 + 17/24*t^3 + 15/8*t^2 + 137/60*t + 1;(1, 6, 15, 20, 15, 6, 1);1;1;1;t + 1;(1, 2, 1)
1|1|5;1|1|5;5;2;0;3;4;4;1/24;1;1/24*t^4 + 5/12*t^3 + 35/24*t^2 + 25/12*t + 1;(1, 5, 10, 10, 5, 1);0;1;1;1;(1, 1)
1|1|5;1|2|1|1|1|1;4;0;2;2;2;3;1/2;3;1/2*t^3 + 2*t^2 + 5/2*t + 1;(1, 6, 9, 5, 1);0;1;1;1;(1, 1)
1|1|5;1|2|1|1|2;3;0;1;2;1;4;1/3;8;1/3*t^4 + 11/6*t^3 + 11/3*t^2 + 19/6*t + 1;(1, 10, 21, 18, 7, 1);0;1;1;1;(1, 1)
1|1|5;1|2|1|2|1;3;0;2;1;2;4;1/6;4;1/6*t^4 + 7/6*t^3 + 17/6*t^2 + 17/6*t + 1;(1, 8, 16, 14, 6, 1);0;1;1;1;(1, 1)
1|1|5;1|2|1|3;3;0;2;1;2;4;1/6;4;1/6*t^4 + 7/6*t^3 + 17/6*t^2 + 17/6*t + 1;(1, 8, 16, 14, 6, 1);0;1;1;1;(1, 1)
1|1|5;1|2|2|1|1;3;0;2;1;2;4;1/6;4;1/6*t^4 + 7/6*t^3 + 17/6*t^2 + 17/6*t + 1;(1, 8, 16, 14, 6, 1);0;1;1;1;(1, 1)
1|1|5;1|2|2|2;2;0;1;1;1;5;1/8;15;1/8*t^5 + 25/24*t^4 + 79/24*t^3 + 119/24*t^2 + 43/12*t + 1;(1, 14, 37, 43, 26, 8, 1);0;1;1;1;(1, 1)
1|1|5;1|2|3|1;4;1;1;2;3;4;1/6;4;1/6*t^4 + 7/6*t^3 + 17/6*t^2 + 17/6*t + 1;(1, 8, 16, 14, 6, 1);0;1;1;1;(1, 1)
1|1|5;1|2|4;2;0;1;1;1;5;1/24;5;1/24*t^5 + 11/24*t^4 + 15/8*t^3 + 85/24*t^2 + 37/12*t + 1;(1, 10, 25, 30, 20, 7, 1);0;1;1;1;(1, 1)
1|1|5;1|3|1|1|1;4;0;2;2;2;3;1/3;2;1/3*t^3 + 3/2*t^2 + 13/6*t + 1;(1, 5, 8, 5, 1);0;1;1;1;(1, 1)
1|1|5;1|3|1|2;3;0;1;2;1;4;1/4;6;1/4*t^4 + 3/2*t^3 + 13/4*t^2 + 3*t + 1;(1, 9, 20, 18, 7, 1);0;1;1;1;(1, 1)
1|1|5;1|3|2|1;3;0;2;1;2;4;1/8;3;1/8*t^4 + 11/12*t^3 + 19/8*t^2 + 31/12*t + 1;(1, 7, 15, 14, 6, 1);0;1;1;1;(1, 1)
1|1|5;1|3|3;3;0;2;1;2;4;1/8;3;1/8*t^4 + 11/12*t^3 + 19/8*t^2 + 31/12*t + 1;(1, 7, 15, 14, 6, 1);0;1;1;1;(1, 1)
1|1|5;1|4|1|1;3;0;2;1;2;4;1/12;2;1/12*t^4 + 2/3*t^3 + 23/12*t^2 + 7/3*t + 1;(1, 6, 13, 13, 6, 1);0;1;1;1;(1, 1)
1|1|5;1|4|2;3;1;1;1;3;5;1/15;8;1/15*t^5 + 5/8*t^4 + 9/4*t^3 + 31/8*t^2 + 191/60*t + 1;(1, 11, 31, 39, 25, 8, 1);0;1;1;1;(1, 1)
1|1|5;1|5|1;3;0;2;1;2;4;1/24;1;1/24*t^4 + 5/12*t^3 + 35/24*t^2 + 25/12*t + 1;(1, 5, 10, 10, 5, 1);0;1;1;1;(1, 1)
1|1|5;1|6;2;0;1;1;1;5;1/120;1;1/120*t^5 + 1/8*t^4 + 17/24*t^3 + 15/8*t^2 + 137/60*t + 1;(1, 6, 15, 20, 15, 6, 1);0;1;1;1;(1, 1)
1|1|5;2|1|1|1|1|1;4;0;3;1;3;3;1/2;3;1/2*t^3 + 2*t^2 + 5/2*t + 1;(1, 6, 9, 5, 1);1;1;1;t + 1;(1, 2, 1)
1|1|5;2|1|1|1|2;3;0;2;1;2;4;1/3;8;1/3*t^4 + 11/6*t^3 + 11/3*t^2 + 19/6*t + 1;(1, 10, 21, 18, 7, 1);1;1;1;t + 1;(1, 2, 1)
1|1|5;2|1|1|2|1;3;0;3;0;3;4;1/6;4;1/6*t^4 + 7/6*t^3 + 17/6*t^2 + 17/6*t + 1;(1, 8, 16, 14, 6, 1);1;1;1;t + 1;(1, 2, 1)
1|1|5;2|1|1|3;3;0;3;0;3;4;1/6;4;1/6*t^4 + 7/6*t^3 + 17/6*t^2 + 17/6*t + 1;(1, 8, 16, 14, 6, 1);1;1;1;t + 1;(1, 2, 1)
1|1|5;2|1|2|1|1;3;0;3;0;3;4;1/6;4;1/6*t^4 + 7/6*t^3 + 17/6*t^2 + 17/6*t + 1;(1, 8, 16, 14, 6, 1);1;1;1;t + 1;(1, 2, 1)
1|1|5;2|1|2|2;2;0;2;0;2;5;1/8;15;1/8*t^5 + 25/24*t^4 + 79/24*t^3 + 119/24*t^2 + 43/12*t + 1;(1, 14, 37, 43, 26, 8, 1);1;1;1;t + 1;(1, 2, 1)
1|1|5;2|1|3|1;4;1;2;1;4;4;1/6;4;1/6*t^4 + 7/6*t^3 + 17/6*t^2 + 17/6*t + 1;(1, 8, 16, 14, 6, 1);1;1;1;t + 1;(1, 2, 1)
1|1|5;2|1|4;2;0;2;0;2;5;1/24;5;1/24*t^5 + 11/24*t^4 + 15/8*t^3 + 85/24*t^2 + 37/12*t + 1;(1, 10, 25, 30, 20, 7, 1);1;1;1;t + 1;(1, 2, 1)
1|1|5;2|2|1|1|1;3;0;2;1;2;4;1/3;8;1/3*t^4 + 11/6*t^3 + 11/3*t^2 + 19/6*t + 1;(1, 10, 21, 18, 7, 1);1;1;1;t + 1;(1, 2, 1)
1|1|5;2|2|1|2;3;1;1;1;3;5;1/4;30;1/4*t^5 + 7/4*t^4 + 19/4*t^3 + 25/4*t^2 + 4*t + 1;(1, 18, 49, 56, 32, 9, 1);1;1;1;t + 1;(1, 2, 1)
1|1|5;2|2|2|1;2;0;2;0;2;5;1/8;15;1/8*t^5 + 25/24*t^4 + 79/24*t^3 + 119/24*t^2 + 43/12*t + 1;(1, 14, 37, 43, 26, 8, 1);1;1;1;t + 1;(1, 2, 1)
1|1|5;2|2|3;2;0;2;0;2;5;1/8;15;1/8*t^5 + 25/24*t^4 + 79/24*t^3 + 119/24*t^2 + 43/12*t + 1;(1, 14, 37, 43, 26, 8, 1);1;1;1;t + 1;(1, 2, 1)
1|1|5;2|3|1|1;3;0;3;0;3;4;1/6;4;1/6*t^4 + 7/6*t^3 + 17/6*t^2 + 17/6*t + 1;(1, 8, 16, 14, 6, 1);1;1;1;t + 1;(1, 2, 1)
1|1|5;2|3|2;2;0;2;0;2;5;1/8;15;1/8*t^5 + 25/24*t^4 + 79/24*t^3 + 119/24*t^2 + 43/12*t + 1;(1, 14, 37, 43, 26, 8, 1);1;1;1;t + 1;(1, 2, 1)
1|1|5;2|4|1;2;0;2;0;2;5;1/24;5;1/24*t^5 + 11/24*t^4 + 15/8*t^3 + 85/24*t^2 + 37/12*t + 1;(1, 10, 25, 30, 20, 7, 1);1;1;1;t + 1;(1, 2, 1)
1|1|5;2|5;4;2;1;1;5;5;1/24;5;1/24*t^5 + 11/24*t^4 + 15/8*t^3 + 85/24*t^2 + 37/12*t + 1;(1, 10, 25, 30, 20, 7, 1);1;1;1;t + 1;(1, 2, 1)
1|1|5;3|1|1|1|1;4;0;2;2;2;3;1/2;3;1/2*t^3 + 2*t^2 + 5/2*t + 1;(1, 6, 9, 5, 1);2;1/2;1;1/2*t^2 + 3/2*t + 1;(1, 3, 3, 1)
1|1|5;3|1|1|2;3;0;1;2;1;4;1/3;8;1/3*t^4 + 11/6*t^3 + 11/3*t^2 + 19/6*t + 1;(1, 10, 21, 18, 7, 1);2;1/2;1;1/2*t^2 + 3/2*t + 1;(1, 3, 3, 1)
1|1|5;3|1|2|1;3;0;2;1;2;4;1/6;4;1/6*t^4 + 7/6*t^3 + 17/6*t^2 + 17/6*t + 1;(1, 8, 16, 14, 6, 1);2;1/2;1;1/2*t^2 + 3/2*t + 1;(1, 3, 3, 1)
1|1|5;3|1|3;3;0;2;1;2;4;1/6;4;1/6*t^4 + 7/6*t^3 + 17/6*t^2 + 17/6*t + 1;(1, 8, 16, 14, 6, 1);2;1/2;1;1/2*t^2 + 3/2*t + 1;(1, 3, 3, 1)
1|1|5;3|2|1|1;3;0;2;1;2;4;1/6;4;1/6*t^4 + 7/6*t^3 + 17/6*t^2 + 17/6*t + 1;(1, 8, 16, 14, 6, 1);2;1/2;1;1/2*t^2 + 3/2*t + 1;(1, 3, 3, 1)
1|1|5;3|2|2;2;0;1;1;1;5;1/8;15;1/8*t^5 + 25/24*t^4 + 79/24*t^3 + 119/24*t^2 + 43/12*t + 1;(1, 14, 37, 43, 26, 8, 1);2;1/2;1;1/2*t^2 + 3/2*t + 1;(1, 3, 3, 1)
1|1|5;3|3|1;4;1;1;2;3;4;1/6;4;1/6*t^4 + 7/6*t^3 + 17/6*t^2 + 17/6*t + 1;(1, 8, 16, 14, 6, 1);2;1/2;1;1/2*t^2 + 3/2*t + 1;(1, 3, 3, 1)
1|1|5;3|4;2;0;1;1;1;5;1/24;5;1/24*t^5 + 11/24*t^4 + 15/8*t^3 + 85/24*t^2 + 37/12*t + 1;(1, 10, 25, 30, 20, 7, 1);2;1/2;1;1/2*t^2 + 3/2*t + 1;(1, 3, 3, 1)
1|1|5;4|1|1|1;3;0;2;1;2;4;5/24;5;5/24*t^4 + 5/4*t^3 + 67/24*t^2 + 11/4*t + 1;(1, 8, 18, 17, 7, 1);2;1/2;1;1/2*t^2 + 3/2*t + 1;(1, 3, 3, 1)
1|1|5;4|1|2;2;0;1;1;1;5;3/20;18;3/20*t^5 + 9/8*t^4 + 10/3*t^3 + 39/8*t^2 + 211/60*t + 1;(1, 14, 41, 51, 31, 9, 1);3;1/6;1;1/6*t^3 + t^2 + 11/6*t + 1;(1, 4, 6, 4, 1)
1|1|5;4|2|1;2;0;2;0;2;5;3/40;9;3/40*t^5 + 2/3*t^4 + 55/24*t^3 + 23/6*t^2 + 47/15*t + 1;(1, 11, 31, 39, 25, 8, 1);2;1/2;1;1/2*t^2 + 3/2*t + 1;(1, 3, 3, 1)
1|1|5;4|3;2;0;2;0;2;5;3/40;9;3/40*t^5 + 2/3*t^4 + 55/24*t^3 + 23/6*t^2 + 47/15*t + 1;(1, 11, 31, 39, 25, 8, 1);2;1/2;1;1/2*t^2 + 3/2*t + 1;(1, 3, 3, 1)
1|1|5;5|1|1;3;0;3;0;3;4;1/12;2;1/12*t^4 + 2/3*t^3 + 23/12*t^2 + 7/3*t + 1;(1, 6, 13, 13, 6, 1);1;1;1;t + 1;(1, 2, 1)
1|1|5;5|2;2;0;2;0;2;5;1/15;8;1/15*t^5 + 5/8*t^4 + 9/4*t^3 + 31/8*t^2 + 191/60*t + 1;(1, 11, 31, 39, 25, 8, 1);1;1;1;t + 1;(1, 2, 1)
1|1|5;6|1;2;0;2;0;2;5;1/60;2;1/60*t^5 + 5/24*t^4 + t^3 + 55/24*t^2 + 149/60*t + 1;(1, 7, 19, 26, 19, 7, 1);1;1;1;t + 1;(1, 2, 1)
1|1|5;7;2;0;2;0;2;5;1/120;1;1/120*t^5 + 1/8*t^4 + 17/24*t^3 + 15/8*t^2 + 137/60*t + 1;(1, 6, 15, 20, 15, 6, 1);1;1;1;t + 1;(1, 2, 1)
1|2|1|1|1|1;1|2|1|1|1|1;6;1;0;5;2;2;1/2;1;1/2*t^2 + 3/2*t + 1;(1, 3, 3, 1);0;1;1;1;(1, 1)
1|2|1|1|1|1;1|2|1|1|2;5;1;1;3;3;3;1/2;3;1/2*t^3 + 2*t^2 + 5/2*t + 1;(1, 6, 9, 5, 1);0;1;1;1;(1, 1)
1|2|1|1|1|1;1|2|1|2|1;5;1;1;3;3;3;1/2;3;1/2*t^3 + 2*t^2 + 5/2*t + 1;(1, 6, 9, 5, 1);0;1;1;1;(1, 1)
1|2|1|1|1|1;1|2|1|3;5;1;1;3;3;3;1/2;3;1/2*t^3 + 2*t^2 + 5/2*t + 1;(1, 6, 9, 5, 1);0;1;1;1;(1, 1)
1|2|1|1|1|1;1|2|2|1|1;5;1;1;3;3;3;1/2;3;1/2*t^3 + 2*t^2 + 5/2*t + 1;(1, 6, 9, 5, 1);0;1;1;1;(1, 1)
1|2|1|1|1|1;1|2|2|2;4;1;2;1;4;4;1/2;12;1/2*t^4 + 5/2*t^3 + 9/2*t^2 + 7/2*t + 1;(1, 12, 24, 19, 7, 1);0;1;1;1;(1, 1)
1|2|1|1|1|1;1|2|3|1;5;1;1;3;3;3;1/2;3;1/2*t^3 + 2*t^2 + 5/2*t + 1;(1, 6, 9, 5, 1);0;1;1;1;(1, 1)
1|2|1|1|1|1;1|2|4;4;1;2;1;4;4;1/4;6;1/4*t^4 + 3/2*t^3 + 13/4*t^2 + 3*t + 1;(1, 9, 18, 15, 6, 1);0;1;1;1;(1, 1)
1|2|1|1|1|1;1|3|1|1|1;5;0;1;4;1;2;1/2;1;1/2*t^2 + 3/2*t + 1;(1, 3, 3, 1);0;1;1;1;(1, 1)
1|2|1|1|1|1;1|3|1|2;4;0;2;2;2;3;1/2;3;1/2*t^3 + 2*t^2 + 5/2*t + 1;(1, 6, 9, 5, 1);0;1;1;1;(1, 1)
1|2|1|1|1|1;1|3|2|1;4;0;2;2;2;3;1/2;3;1/2*t^3 + 2*t^2 + 5/2*t + 1;(1, 6, 9, 5, 1);0;1;1;1;(1, 1)
1|2|1|1|1|1;1|3|3;4;0;2;2;2;3;1/2;3;1/2*t^3 + 2*t^2 + 5/2*t + 1;(1, 6, 9, 5, 1);0;1;1;1;(1, 1)
1|2|1|1|1|1;1|4|1|1;4;0;1;3;1;3;1/3;2;1/3*t^3 + 3/2*t^2 + 13/6*t + 1;(1, 5, 8, 5, 1);0;1;1;1;(1, 1)
1|2|1|1|1|1;1|4|2;3;0;2;1;2;4;1/3;8;1/3*t^4 + 11/6*t^3 + 11/3*t^2 + 19/6*t + 1;(1, 10, 21, 18, 7, 1);0;1;1;1;(1, 1)
1|2|1|1|1|1;1|5|1;4;0;1;3;1;3;1/3;2;1/3*t^3 + 3/2*t^2 + 13/6*t + 1;(1, 5, 8, 5, 1);0;1;1;1;(1, 1)
1|2|1|1|1|1;1|6;3;0;2;1;2;4;1/8;3;1/8*t^4 + 11/12*t^3 + 19/8*t^2 + 31/12*t + 1;(1, 7, 15, 14, 6, 1);0;1;1;1;(1, 1)
1|2|1|1|1|1;2|1|1|1|1|1;5;0;1;4;1;2;1;2;t^2 + 2*t + 1;(1, 4, 4, 1);2;1/2;1;1/2*t^2 + 3/2*t + 1;(1, 3, 3, 1)
1|2|1|1|1|1;2|1|1|1|2;4;0;2;2;2;3;1;6;t^3 + 3*t^2 + 3*t + 1;(1, 8, 12, 6, 1);2;1/2;1;1/2*t^2 + 3/2*t + 1;(1, 3, 3, 1)
1|2|1|1|1|1;2|1|1|2|1;4;0;2;2;2;3;1;6;t^3 + 3*t^2 + 3*t + 1;(1, 8, 12, 6, 1);2;1/2;1;1/2*t^2 + 3/2*t + 1;(1, 3, 3, 1)
1|2|1|1|1|1;2|1|1|3;4;0;2;2;2;3;1;6;t^3 + 3*t^2 + 3*t + 1;(1, 8, 12, 6, 1);2;1/2;1;1/2*t^2 + 3/2*t + 1;(1, 3, 3, 1)
1|2|1|1|1|1;2|1|2|1|1;4;0;2;2;2;3;1;6;t^3 + 3*t^2 + 3*t + 1;(1, 8, 12, 6, 1);2;1/2;1;1/2*t^2 + 3/2*t + 1;(1, 3, 3, 1)
1|2|1|1|1|1;2|1|2|2;3;0;3;0;3;4;1;24;t^4 + 4*t^3 + 6*t^2 + 4*t + 1;(1, 16, 32, 24, 8, 1);2;1/2;1;1/2*t^2 + 3/2*t + 1;(1, 3, 3, 1)
1|2|1|1|1|1;2|1|3|1;4;0;2;2;2;3;1;6;t^3 + 3*t^2 + 3*t + 1;(1, 8, 12, 6, 1);2;1/2;1;1/2*t^2 + 3/2*t + 1;(1, 3, 3, 1)
1|2|1|1|1|1;2|1|4;3;0;3;0;3;4;1/2;12;1/2*t^4 + 5/2*t^3 + 9/2*t^2 + 7/2*t + 1;(1, 12, 24, 19, 7, 1);2;1/2;1;1/2*t^2 + 3/2*t + 1;(1, 3, 3, 1)
1|2|1|1|1|1;2|2|1|1|1;4;0;1;3;1;3;1;6;t^3 + 3*t^2 + 3*t + 1;(1, 8, 12, 6, 1);3;1/6;1;1/6*t^3 + t^2 + 11/6*t + 1;(1, 4, 6, 4, 1)
1|2|1|1|1|1;2|2|1|2;3;0;2;1;2;4;1;24;t^4 + 4*t^3 + 6*t^2 + 4*t + 1;(1, 16, 32, 24, 8, 1);3;1/6;1;1/6*t^3 + t^2 + 11/6*t + 1;(1, 4, 6, 4, 1)
1|2|1|1|1|1;2|2|2|1;3;0;2;1;2;4;1;24;t^4 + 4*t^3 + 6*t^2 + 4*t + 1;(1, 16, 32, 24, 8, 1);3;1/6;1;1/6*t^3 + t^2 + 11/6*t + 1;(1, 4, 6, 4, 1)
1|2|1|1|1|1;2|2|3;3;0;2;1;2;4;1;24;t^4 + 4*t^3 + 6*t^2 + 4*t + 1;(1, 16, 32, 24, 8, 1);3;1/6;1;1/6*t^3 + t^2 + 11/6*t + 1;(1, 4, 6, 4, 1)
1|2|1|1|1|1;2|3|1|1;4;0;1;3;1;3;1;6;t^3 + 3*t^2 + 3*t + 1;(1, 8, 12, 6, 1);3;1/6;1;1/6*t^3 + t^2 + 11/6*t + 1;(1, 4, 6, 4, 1)
1|2|1|1|1|1;2|3|2;3;0;2;1;2;4;1;24;t^4 + 4*t^3 + 6*t^2 + 4*t + 1;(1, 16, 32, 24, 8, 1);3;1/6;1;1/6*t^3 + t^2 + 11/6*t + 1;(1, 4, 6, 4, 1)
1|2|1|1|1|1;2|4|1;3;0;2;1;2;4;1/2;12;1/2*t^4 + 5/2*t^3 + 9/2*t^2 + 7/2*t + 1;(1, 12, 24, 19, 7, 1);3;1/6;1;1/6*t^3 + t^2 + 11/6*t + 1;(1, 4, 6, 4, 1)
1|2|1|1|1|1;2|5;3;0;2;1;2;4;1/2;12;1/2*t^4 + 5/2*t^3 + 9/2*t^2 + 7/2*t + 1;(1, 12, 24, 19, 7, 1);3;1/6;1;1/6*t^3 + t^2 + 11/6*t + 1;(1, 4, 6, 4, 1)
1|2|1|1|1|1;3|1|1|1|1;5;0;1;4;1;2;1/2;1;1/2*t^2 + 3/2*t + 1;(1, 3, 3, 1);1;1;1;t + 1;(1, 2, 1)
1|2|1|1|1|1;3|1|1|2;4;0;2;2;2;3;1/2;3;1/2*t^3 + 2*t^2 + 5/2*t + 1;(1, 6, 9, 5, 1);1;1;1;t + 1;(1, 2, 1)
1|2|1|1|1|1;3|1|2|1;4;0;2;2;2;3;1/2;3;1/2*t^3 + 2*t^2 + 5/2*t + 1;(1, 6, 9, 5, 1);1;1;1;t + 1;(1, 2, 1)
1|2|1|1|1|1;3|1|3;4;0;2;2;2;3;1/2;3;1/2*t^3 + 2*t^2 + 5/2*t + 1;(1, 6, 9, 5, 1);1;1;1;t + 1;(1, 2, 1)
1|2|1|1|1|1;3|2|1|1;4;0;2;2;2;3;1/2;3;1/2*t^3 + 2*t^2 + 5/2*t + 1;(1, 6, 9, 5, 1);1;1;1;t + 1;(1, 2, 1)
1|2|1|1|1|1;3|2|2;3;0;3;0;3;4;1/2;12;1/2*t^4 + 5/2*t^3 + 9/2*t^2 + 7/2*t + 1;(1, 12, 24, 19, 7, 1);1;1;1;t + 1;(1, 2, 1)
1|2|1|1|1|1;3|3|1;4;0;2;2;2;3;1/2;3;1/2*t^3 + 2*t^2 + 5/2*t + 1;(1, 6, 9, 5, 1);1;1;1;t + 1;(1, 2, 1)
1|2|1|1|1|1;3|4;3;0;3;0;3;4;1/4;6;1/4*t^4 + 3/2*t^3 + 13/4*t^2 + 3*t + 1;(1, 9, 18, 15, 6, 1);1;1;1;t + 1;(1, 2, 1)
1|2|1|1|1|1;4|1|1|1;5;1;1;3;3;3;1/6;1;1/6*t^3 + t^2 + 11/6*t + 1;(1, 4, 6, 4, 1);1;1;1;t + 1;(1, 2, 1)
1|2|1|1|1|1;4|1|2;4;1;2;1;4;4;1/6;4;1/6*t^4 + 7/6*t^3 + 17/6*t^2 + 17/6*t + 1;(1, 8, 16, 14, 6, 1);1;1;1;t + 1;(1, 2, 1)
1|2|1|1|1|1;4|2|1;4;1;2;1;4;4;1/6;4;1/6*t^4 + 7/6*t^3 + 17/6*t^2 + 17/6*t + 1;(1, 8, 16, 14, 6, 1);1;1;1;t + 1;(1, 2, 1)
1|2|1|1|1|1;4|3;4;1;2;1;4;4;1/6;4;1/6*t^4 + 7/6*t^3 + 17/6*t^2 + 17/6*t + 1;(1, 8, 16, 14, 6, 1);1;1;1;t + 1;(1, 2, 1)
1|2|1|1|1|1;5|1|1;4;0;2;2;2;3;1/6;1;1/6*t^3 + t^2 + 11/6*t + 1;(1, 4, 6, 4, 1);1;1;1;t + 1;(1, 2, 1)
1|2|1|1|1|1;5|2;3;0;3;0;3;4;1/6;4;1/6*t^4 + 7/6*t^3 + 17/6*t^2 + 17/6*t + 1;(1, 8, 16, 14, 6, 1);1;1;1;t + 1;(1, 2, 1)
1|2|1|1|1|1;6|1;3;0;2;1;2;4;1/12;2;1/12*t^4 + 2/3*t^3 + 23/12*t^2 + 7/3*t + 1;(1, 6, 13, 13, 6, 1);1;1;1;t + 1;(1, 2, 1)
1|2|1|1|1|1;7;3;0;2;1;2;4;1/12;2;1/12*t^4 + 2/3*t^3 + 23/12*t^2 + 7/3*t + 1;(1, 6, 13, 13, 6, 1);1;1;1;t + 1;(1, 2, 1)
1|2|1|1|2;1|2|1|1|2;5;2;0;3;4;4;1/4;6;1/4*t^4 + 3/2*t^3 + 13/4*t^2 + 3*t + 1;(1, 9, 18, 15, 6, 1);0;1;1;1;(1, 1)
1|2|1|1|2;1|2|1|2|1;4;1;1;2;3;4;1/2;12;1/2*t^4 + 5/2*t^3 + 9/2*t^2 + 7/2*t + 1;(1, 12, 24, 19, 7, 1);0;1;1;1;(1, 1)
1|2|1|1|2;1|2|1|3;4;1;1;2;3;4;1/4;6;1/4*t^4 + 3/2*t^3 + 13/4*t^2 + 3*t + 1;(1, 9, 18, 15, 6, 1);0;1;1;1;(1, 1)
1|2|1|1|2;1|2|2|1|1;4;1;2;1;4;4;1/2;12;1/2*t^4 + 5/2*t^3 + 9/2*t^2 + 7/2*t + 1;(1, 12, 24, 19, 7, 1);0;1;1;1;(1, 1)
1|2|1|1|2;1|2|2|2;4;2;1;1;5;5;1/4;30;1/4*t^5 + 7/4*t^4 + 19/4*t^3 + 25/4*t^2 + 4*t + 1;(1, 18, 45, 48, 27, 8, 1);0;1;1;1;(1, 1)
1|2|1|1|2;1|2|3|1;4;1;1;2;3;4;1/2;12;1/2*t^4 + 5/2*t^3 + 9/2*t^2 + 7/2*t + 1;(1, 12, 24, 19, 7, 1);0;1;1;1;(1, 1)
1|2|1|1|2;1|2|4;3;1;1;1;3;5;1/6;20;1/6*t^5 + 5/4*t^4 + 11/3*t^3 + 21/4*t^2 + 11/3*t + 1;(1, 15, 39, 44, 26, 8, 1);0;1;1;1;(1, 1)
1|2|1|1|2;1|3|1|1|1;4;0;2;2;2;3;1/2;3;1/2*t^3 + 2*t^2 + 5/2*t + 1;(1, 6, 9, 5, 1);0;1;1;1;(1, 1)
1|2|1|1|2;1|3|1|2;4;1;1;2;3;4;1/4;6;1/4*t^4 + 3/2*t^3 + 13/4*t^2 + 3*t + 1;(1, 9, 18, 15, 6, 1);0;1;1;1;(1, 1)
1|2|1|1|2;1|3|2|1;3;0;2;1;2;4;1/2;12;1/2*t^4 + 5/2*t^3 + 9/2*t^2 + 7/2*t + 1;(1, 12, 24, 19, 7, 1);0;1;1;1;(1, 1)
1|2|1|1|2;1|3|3;3;0;2;1;2;4;1/4;6;1/4*t^4 + 3/2*t^3 + 13/4*t^2 + 3*t + 1;(1, 9, 18, 15, 6, 1);0;1;1;1;(1, 1)
1|2|1|1|2;1|4|1|1;3;0;2;1;2;4;1/3;8;1/3*t^4 + 11/6*t^3 + 11/3*t^2 + 19/6*t + 1;(1, 10, 21, 18, 7, 1);0;1;1;1;(1, 1)
1|2|1|1|2;1|4|2;3;1;1;1;3;5;1/6;20;1/6*t^5 + 5/4*t^4 + 11/3*t^3 + 21/4*t^2 + 11/3*t + 1;(1, 15, 39, 44, 26, 8, 1);0;1;1;1;(1, 1)
1|2|1|1|2;1|5|1;3;0;1;2;1;4;1/3;8;1/3*t^4 + 11/6*t^3 + 11/3*t^2 + 19/6*t + 1;(1, 10, 21, 18, 7, 1);0;1;1;1;(1, 1)
1|2|1|1|2;1|6;3;1;1;1;3;5;1/10;12;1/10*t^5 + 7/8*t^4 + 35/12*t^3 + 37/8*t^2 + 209/60*t + 1;(1, 13, 36, 43, 26, 8, 1);0;1;1;1;(1, 1)
1|2|1|1|2;2|1|1|1|1|1;4;0;2;2;2;3;1;6;t^3 + 3*t^2 + 3*t + 1;(1, 8, 12, 6, 1);2;1/2;1;1/2*t^2 + 3/2*t + 1;(1, 3, 3, 1)
1|2|1|1|2;2|1|1|1|2;4;1;1;2;3;4;1/2;12;1/2*t^4 + 5/2*t^3 + 9/2*t^2 + 7/2*t + 1;(1, 12, 24, 19, 7, 1);2;1/2;1;1/2*t^2 + 3/2*t + 1;(1, 3, 3, 1)
1|2|1|1|2;2|1|1|2|1;3;0;2;1;2;4;1;24;t^4 + 4*t^3 + 6*t^2 + 4*t + 1;(1, 16, 32, 24, 8, 1);2;1/2;1;1/2*t^2 + 3/2*t + 1;(1, 3, 3, 1)
1|2|1|1|2;2|1|1|3;3;0;2;1;2;4;1/2;12;1/2*t^4 + 5/2*t^3 + 9/2*t^2 + 7/2*t + 1;(1, 12, 24, 19, 7, 1);2;1/2;1;1/2*t^2 + 3/2*t + 1;(1, 3, 3, 1)
1|2|1|1|2;2|1|2|1|1;3;0;3;0;3;4;1;24;t^4 + 4*t^3 + 6*t^2 + 4*t + 1;(1, 16, 32, 24, 8, 1);2;1/2;1;1/2*t^2 + 3/2*t + 1;(1, 3, 3, 1)
1|2|1|1|2;2|1|2|2;3;1;2;0;4;5;1/2;60;1/2*t^5 + 3*t^4 + 7*t^3 + 8*t^2 + 9/2*t + 1;(1, 24, 60, 62, 33, 9, 1);2;1/2;1;1/2*t^2 + 3/2*t + 1;(1, 3, 3, 1)
1|2|1|1|2;2|1|3|1;3;0;2;1;2;4;1;24;t^4 + 4*t^3 + 6*t^2 + 4*t + 1;(1, 16, 32, 24, 8, 1);2;1/2;1;1/2*t^2 + 3/2*t + 1;(1, 3, 3, 1)
1|2|1|1|2;2|1|4;2;0;2;0;2;5;1/3;40;1/3*t^5 + 13/6*t^4 + 11/2*t^3 + 41/6*t^2 + 25/6*t + 1;(1, 20, 52, 57, 32, 9, 1);2;1/2;1;1/2*t^2 + 3/2*t + 1;(1, 3, 3, 1)
1|2|1|1|2;2|2|1|1|1;3;0;2;1;2;4;1;24;t^4 + 4*t^3 + 6*t^2 + 4*t + 1;(1, 16, 32, 24, 8, 1);3;1/6;1;1/6*t^3 + t^2 + 11/6*t + 1;(1, 4, 6, 4, 1)
1|2|1|1|2;2|2|1|2;3;1;1;1;3;5;1/2;60;1/2*t^5 + 3*t^4 + 7*t^3 + 8*t^2 + 9/2*t + 1;(1, 24, 60, 62, 33, 9, 1);3;1/6;1;1/6*t^3 + t^2 + 11/6*t + 1;(1, 4, 6, 4, 1)
1|2|1|1|2;2|2|2|1;2;0;2;0;2;5;1;120;t^5 + 5*t^4 + 10*t^3 + 10*t^2 + 5*t + 1;(1, 32, 80, 80, 40, 10, 1);3;1/6;1;1/6*t^3 + t^2 + 11/6*t + 1;(1, 4, 6, 4, 1)
1|2|1|1|2;2|2|3;2;0;2;0;2;5;1/2;60;1/2*t^5 + 3*t^4 + 7*t^3 + 8*t^2 + 9/2*t + 1;(1, 24, 60, 62, 33, 9, 1);3;1/6;1;1/6*t^3 + t^2 + 11/6*t + 1;(1, 4, 6, 4, 1)
1|2|1|1|2;2|3|1|1;3;0;2;1;2;4;1;24;t^4 + 4*t^3 + 6*t^2 + 4*t + 1;(1, 16, 32, 24, 8, 1);3;1/6;1;1/6*t^3 + t^2 + 11/6*t + 1;(1, 4, 6, 4, 1)
1|2|1|1|2;2|3|2;3;1;1;1;3;5;1/2;60;1/2*t^5 + 3*t^4 + 7*t^3 + 8*t^2 + 9/2*t + 1;(1, 24, 60, 62, 33, 9, 1);3;1/6;1;1/6*t^3 + t^2 + 11/6*t + 1;(1, 4, 6, 4, 1)
1|2|1|1|2;2|4|1;2;0;2;0;2;5;1/2;60;1/2*t^5 + 3*t^4 + 7*t^3 + 8*t^2 + 9/2*t + 1;(1, 24, 60, 62, 33, 9, 1);4;1/24;1;1/24*t^4 + 5/12*t^3 + 35/24*t^2 + 25/12*t + 1;(1, 5, 10, 10, 5, 1)
1|2|1|1|2;2|5;2;0;1;1;1;5;1/3;40;1/3*t^5 + 13/6*t^4 + 11/2*t^3 + 41/6*t^2 + 25/6*t + 1;(1, 20, 52, 57, 32, 9, 1);3;1/6;1;1/6*t^3 + t^2 + 11/6*t + 1;(1, 4, 6, 4, 1)
1|2|1|1|2;3|1|1|1|1;4;0;2;2;2;3;1/2;3;1/2*t^3 + 2*t^2 + 5/2*t + 1;(1, 6, 9, 5, 1);1;1;1;t + 1;(1, 2, 1)
1|2|1|1|2;3|1|1|2;4;1;1;2;3;4;1/4;6;1/4*t^4 + 3/2*t^3 + 13/4*t^2 + 3*t + 1;(1, 9, 18, 15, 6, 1);1;1;1;t + 1;(1, 2, 1)
1|2|1|1|2;3|1|2|1;3;0;2;1;2;4;1/2;12;1/2*t^4 + 5/2*t^3 + 9/2*t^2 + 7/2*t + 1;(1, 12, 24, 19, 7, 1);1;1;1;t + 1;(1, 2, 1)
1|2|1|1|2;3|1|3;3;0;2;1;2;4;1/4;6;1/4*t^4 + 3/2*t^3 + 13/4*t^2 + 3*t + 1;(1, 9, 18, 15, 6, 1);1;1;1;t + 1;(1, 2, 1)
1|2|1|1|2;3|2|1|1;3;0;3;0;3;4;1/2;12;1/2*t^4 + 5/2*t^3 + 9/2*t^2 + 7/2*t + 1;(1, 12, 24, 19, 7, 1);1;1;1;t + 1;(1, 2, 1)
1|2|1|1|2;3|2|2;3;1;2;0;4;5;1/4;30;1/4*t^5 + 7/4*t^4 + 19/4*t^3 + 25/4*t^2 + 4*t + 1;(1, 18, 45, 48, 27, 8, 1);1;1;1;t + 1;(1, 2, 1)
1|2|1|1|2;3|3|1;3;0;2;1;2;4;1/2;12;1/2*t^4 + 5/2*t^3 + 9/2*t^2 + 7/2*t + 1;(1, 12, 24, 19, 7, 1);1;1;1;t + 1;(1, 2, 1)
1|2|1|1|2;3|4;2;0;2;0;2;5;1/6;20;1/6*t^5 + 5/4*t^4 + 11/3*t^3 + 21/4*t^2 + 11/3*t + 1;(1, 15, 39, 44, 26, 8, 1);1;1;1;t + 1;(1, 2, 1)
1|2|1|1|2;4|1|1|1;4;1;2;1;4;4;1/6;4;1/6*t^4 + 7/6*t^3 + 17/6*t^2 + 17/6*t + 1;(1, 8, 16, 14, 6, 1);1;1;1;t + 1;(1, 2, 1)
1|2|1|1|2;4|1|2;4;2;1;1;5;5;1/12;10;1/12*t^5 + 3/4*t^4 + 31/12*t^3 + 17/4*t^2 + 10/3*t + 1;(1, 12, 30, 34, 21, 7, 1);1;1;1;t + 1;(1, 2, 1)
1|2|1|1|2;4|2|1;3;1;2;0;4;5;1/6;20;1/6*t^5 + 4/3*t^4 + 4*t^3 + 17/3*t^2 + 23/6*t + 1;(1, 16, 40, 44, 26, 8, 1);1;1;1;t + 1;(1, 2, 1)
1|2|1|1|2;4|3;3;1;2;0;4;5;1/12;10;1/12*t^5 + 3/4*t^4 + 31/12*t^3 + 17/4*t^2 + 10/3*t + 1;(1, 12, 30, 34, 21, 7, 1);1;1;1;t + 1;(1, 2, 1)
1|2|1|1|2;5|1|1;3;0;3;0;3;4;1/6;4;1/6*t^4 + 7/6*t^3 + 17/6*t^2 + 17/6*t + 1;(1, 8, 16, 14, 6, 1);1;1;1;t + 1;(1, 2, 1)
1|2|1|1|2;5|2;3;1;2;0;4;5;1/12;10;1/12*t^5 + 3/4*t^4 + 31/12*t^3 + 17/4*t^2 + 10/3*t + 1;(1, 12, 30, 34, 21, 7, 1);1;1;1;t + 1;(1, 2, 1)
1|2|1|1|2;6|1;2;0;2;0;2;5;1/12;10;1/12*t^5 + 3/4*t^4 + 31/12*t^3 + 17/4*t^2 + 10/3*t + 1;(1, 12, 32, 39, 25, 8, 1);2;1/2;1;1/2*t^2 + 3/2*t + 1;(1, 3, 3, 1)
1|2|1|1|2;7;2;0;1;1;1;5;1/15;8;1/15*t^5 + 5/8*t^4 + 9/4*t^3 + 31/8*t^2 + 191/60*t + 1;(1, 11, 31, 39, 25, 8, 1);1;1;1;t + 1;(1, 2, 1)
1|2|1|2|1;1|2|1|2|1;5;2;0;3;4;4;1/4;6;1/4*t^4 + 3/2*t^3 + 13/4*t^2 + 3*t + 1;(1, 9, 18, 15, 6, 1);0;1;1;1;(1, 1)
1|2|1|2|1;1|2|1|3;4;1;1;2;3;4;1/4;6;1/4*t^4 + 3/2*t^3 + 13/4*t^2 + 3*t + 1;(1, 9, 18, 15, 6, 1);0;1;1;1;(1, 1)
1|2|1|2|1;1|2|2|1|1;4;1;1;2;3;4;1/2;12;1/2*t^4 + 5/2*t^3 + 9/2*t^2 + 7/2*t + 1;(1, 12, 24, 19, 7, 1);0;1;1;1;(1, 1)
1|2|1|2|1;1|2|2|2;3;1;1;1;3;5;1/2;60;1/2*t^5 + 3*t^4 + 7*t^3 + 8*t^2 + 9/2*t + 1;(1, 24, 60, 62, 33, 9, 1);0;1;1;1;(1, 1)
1|2|1|2|1;1|2|3|1;4;1;1;2;3;4;1/4;6;1/4*t^4 + 3/2*t^3 + 13/4*t^2 + 3*t + 1;(1, 9, 18, 15, 6, 1);0;1;1;1;(1, 1)
1|2|1|2|1;1|2|4;4;2;1;1;5;5;1/12;10;1/12*t^5 + 3/4*t^4 + 31/12*t^3 + 17/4*t^2 + 10/3*t + 1;(1, 12, 30, 34, 21, 7, 1);0;1;1;1;(1, 1)
1|2|1|2|1;1|3|1|1|1;4;0;2;2;2;3;1/2;3;1/2*t^3 + 2*t^2 + 5/2*t + 1;(1, 6, 9, 5, 1);0;1;1;1;(1, 1)
1|2|1|2|1;1|3|1|2;3;0;2;1;2;4;1/2;12;1/2*t^4 + 5/2*t^3 + 9/2*t^2 + 7/2*t + 1;(1, 12, 24, 19, 7, 1);0;1;1;1;(1, 1)
1|2|1|2|1;1|3|2|1;4;1;1;2;3;4;1/4;6;1/4*t^4 + 3/2*t^3 + 13/4*t^2 + 3*t + 1;(1, 9, 18, 15, 6, 1);0;1;1;1;(1, 1)
1|2|1|2|1;1|3|3;3;0;2;1;2;4;1/4;6;1/4*t^4 + 3/2*t^3 + 13/4*t^2 + 3*t + 1;(1, 9, 18, 15, 6, 1);0;1;1;1;(1, 1)
1|2|1|2|1;1|4|1|1;3;0;1;2;1;4;1/3;8;1/3*t^4 + 11/6*t^3 + 11/3*t^2 + 19/6*t + 1;(1, 10, 21, 18, 7, 1);0;1;1;1;(1, 1)
1|2|1|2|1;1|4|2;2;0;1;1;1;5;1/3;40;1/3*t^5 + 13/6*t^4 + 11/2*t^3 + 41/6*t^2 + 25/6*t + 1;(1, 20, 52, 57, 32, 9, 1);0;1;1;1;(1, 1)
1|2|1|2|1;1|5|1;4;1;0;3;2;4;1/4;6;1/4*t^4 + 3/2*t^3 + 13/4*t^2 + 3*t + 1;(1, 9, 20, 18, 7, 1);0;1;1;1;(1, 1)
1|2|1|2|1;1|6;2;0;1;1;1;5;1/15;8;1/15*t^5 + 5/8*t^4 + 9/4*t^3 + 31/8*t^2 + 191/60*t + 1;(1, 11, 31, 39, 25, 8, 1);0;1;1;1;(1, 1)
1|2|1|2|1;2|1|1|1|1|1;4;0;2;2;2;3;1;6;t^3 + 3*t^2 + 3*t + 1;(1, 8, 12, 6, 1);2;1/2;1;1/2*t^2 + 3/2*t + 1;(1, 3, 3, 1)
1|2|1|2|1;2|1|1|1|2;3;0;2;1;2;4;1;24;t^4 + 4*t^3 + 6*t^2 + 4*t + 1;(1, 16, 32, 24, 8, 1);2;1/2;1;1/2*t^2 + 3/2*t + 1;(1, 3, 3, 1)
1|2|1|2|1;2|1|1|2|1;4;1;1;2;3;4;1/2;12;1/2*t^4 + 5/2*t^3 + 9/2*t^2 + 7/2*t + 1;(1, 12, 24, 19, 7, 1);2;1/2;1;1/2*t^2 + 3/2*t + 1;(1, 3, 3, 1)
1|2|1|2|1;2|1|1|3;3;0;2;1;2;4;1/2;12;1/2*t^4 + 5/2*t^3 + 9/2*t^2 + 7/2*t + 1;(1, 12, 24, 19, 7, 1);2;1/2;1;1/2*t^2 + 3/2*t + 1;(1, 3, 3, 1)
1|2|1|2|1;2|1|2|1|1;3;0;2;1;2;4;1;24;t^4 + 4*t^3 + 6*t^2 + 4*t + 1;(1, 16, 32, 24, 8, 1);2;1/2;1;1/2*t^2 + 3/2*t + 1;(1, 3, 3, 1)
1|2|1|2|1;2|1|2|2;2;0;2;0;2;5;1;120;t^5 + 5*t^4 + 10*t^3 + 10*t^2 + 5*t + 1;(1, 32, 80, 80, 40, 10, 1);2;1/2;1;1/2*t^2 + 3/2*t + 1;(1, 3, 3, 1)
1|2|1|2|1;2|1|3|1;3;0;2;1;2;4;1/2;12;1/2*t^4 + 5/2*t^3 + 9/2*t^2 + 7/2*t + 1;(1, 12, 24, 19, 7, 1);2;1/2;1;1/2*t^2 + 3/2*t + 1;(1, 3, 3, 1)
1|2|1|2|1;2|1|4;3;1;2;0;4;5;1/6;20;1/6*t^5 + 4/3*t^4 + 4*t^3 + 17/3*t^2 + 23/6*t + 1;(1, 16, 40, 44, 26, 8, 1);2;1/2;1;1/2*t^2 + 3/2*t + 1;(1, 3, 3, 1)
1|2|1|2|1;2|2|1|1|1;3;0;2;1;2;4;1;24;t^4 + 4*t^3 + 6*t^2 + 4*t + 1;(1, 16, 32, 24, 8, 1);3;1/6;1;1/6*t^3 + t^2 + 11/6*t + 1;(1, 4, 6, 4, 1)
1|2|1|2|1;2|2|1|2;2;0;2;0;2;5;1;120;t^5 + 5*t^4 + 10*t^3 + 10*t^2 + 5*t + 1;(1, 32, 80, 80, 40, 10, 1);3;1/6;1;1/6*t^3 + t^2 + 11/6*t + 1;(1, 4, 6, 4, 1)
1|2|1|2|1;2|2|2|1;3;1;1;1;3;5;1/2;60;1/2*t^5 + 3*t^4 + 7*t^3 + 8*t^2 + 9/2*t + 1;(1, 24, 60, 62, 33, 9, 1);3;1/6;1;1/6*t^3 + t^2 + 11/6*t + 1;(1, 4, 6, 4, 1)
1|2|1|2|1;2|2|3;2;0;2;0;2;5;1/2;60;1/2*t^5 + 3*t^4 + 7*t^3 + 8*t^2 + 9/2*t + 1;(1, 24, 60, 62, 33, 9, 1);3;1/6;1;1/6*t^3 + t^2 + 11/6*t + 1;(1, 4, 6, 4, 1)
1|2|1|2|1;2|3|1|1;3;0;1;2;1;4;1;24;t^4 + 4*t^3 + 6*t^2 + 4*t + 1;(1, 16, 32, 24, 8, 1);4;1/24;1;1/24*t^4 + 5/12*t^3 + 35/24*t^2 + 25/12*t + 1;(1, 5, 10, 10, 5, 1)
1|2|1|2|1;2|3|2;2;0;1;1;1;5;1;120;t^5 + 5*t^4 + 10*t^3 + 10*t^2 + 5*t + 1;(1, 32, 80, 80, 40, 10, 1);5;1/120;1;1/120*t^5 + 1/8*t^4 + 17/24*t^3 + 15/8*t^2 + 137/60*t + 1;(1, 6, 15, 20, 15, 6, 1)
1|2|1|2|1;2|4|1;2;0;1;1;1;5;1/3;40;1/3*t^5 + 13/6*t^4 + 11/2*t^3 + 41/6*t^2 + 25/6*t + 1;(1, 20, 52, 57, 32, 9, 1);3;1/6;1;1/6*t^3 + t^2 + 11/6*t + 1;(1, 4, 6, 4, 1)
1|2|1|2|1;2|5;2;0;2;0;2;5;1/6;20;1/6*t^5 + 4/3*t^4 + 4*t^3 + 17/3*t^2 + 23/6*t + 1;(1, 16, 40, 44, 26, 8, 1);3;1/6;1;1/6*t^3 + t^2 + 11/6*t + 1;(1, 4, 6, 4, 1)
1|2|1|2|1;3|1|1|1|1;4;0;2;2;2;3;1/2;3;1/2*t^3 + 2*t^2 + 5/2*t + 1;(1, 6, 9, 5, 1);1;1;1;t + 1;(1, 2, 1)
1|2|1|2|1;3|1|1|2;3;0;2;1;2;4;1/2;12;1/2*t^4 + 5/2*t^3 + 9/2*t^2 + 7/2*t + 1;(1, 12, 24, 19, 7, 1);1;1;1;t + 1;(1, 2, 1)
1|2|1|2|1;3|1|2|1;4;1;1;2;3;4;1/4;6;1/4*t^4 + 3/2*t^3 + 13/4*t^2 + 3*t + 1;(1, 9, 18, 15, 6, 1);1;1;1;t + 1;(1, 2, 1)
1|2|1|2|1;3|1|3;3;0;2;1;2;4;1/4;6;1/4*t^4 + 3/2*t^3 + 13/4*t^2 + 3*t + 1;(1, 9, 18, 15, 6, 1);1;1;1;t + 1;(1, 2, 1)
1|2|1|2|1;3|2|1|1;3;0;2;1;2;4;1/2;12;1/2*t^4 + 5/2*t^3 + 9/2*t^2 + 7/2*t + 1;(1, 12, 24, 19, 7, 1);1;1;1;t + 1;(1, 2, 1)
1|2|1|2|1;3|2|2;2;0;2;0;2;5;1/2;60;1/2*t^5 + 3*t^4 + 7*t^3 + 8*t^2 + 9/2*t + 1;(1, 24, 60, 62, 33, 9, 1);1;1;1;t + 1;(1, 2, 1)
1|2|1|2|1;3|3|1;3;0;2;1;2;4;1/4;6;1/4*t^4 + 3/2*t^3 + 13/4*t^2 + 3*t + 1;(1, 9, 18, 15, 6, 1);1;1;1;t + 1;(1, 2, 1)
1|2|1|2|1;3|4;3;1;2;0;4;5;1/12;10;1/12*t^5 + 3/4*t^4 + 31/12*t^3 + 17/4*t^2 + 10/3*t + 1;(1, 12, 30, 34, 21, 7, 1);1;1;1;t + 1;(1, 2, 1)
1|2|1|2|1;4|1|1|1;4;1;2;1;4;4;1/6;4;1/6*t^4 + 7/6*t^3 + 17/6*t^2 + 17/6*t + 1;(1, 8, 16, 14, 6, 1);1;1;1;t + 1;(1, 2, 1)
1|2|1|2|1;4|1|2;3;1;2;0;4;5;1/6;20;1/6*t^5 + 4/3*t^4 + 4*t^3 + 17/3*t^2 + 23/6*t + 1;(1, 16, 40, 44, 26, 8, 1);1;1;1;t + 1;(1, 2, 1)
1|2|1|2|1;4|2|1;4;2;1;1;5;5;1/12;10;1/12*t^5 + 3/4*t^4 + 31/12*t^3 + 17/4*t^2 + 10/3*t + 1;(1, 12, 30, 34, 21, 7, 1);1;1;1;t + 1;(1, 2, 1)
1|2|1|2|1;4|3;3;1;2;0;4;5;1/12;10;1/12*t^5 + 3/4*t^4 + 31/12*t^3 + 17/4*t^2 + 10/3*t + 1;(1, 12, 30, 34, 21, 7, 1);1;1;1;t + 1;(1, 2, 1)
1|2|1|2|1;5|1|1;3;0;2;1;2;4;1/6;4;1/6*t^4 + 7/6*t^3 + 17/6*t^2 + 17/6*t + 1;(1, 8, 16, 14, 6, 1);2;1/2;1;1/2*t^2 + 3/2*t + 1;(1, 3, 3, 1)
1|2|1|2|1;5|2;2;0;2;0;2;5;1/6;20;1/6*t^5 + 4/3*t^4 + 4*t^3 + 17/3*t^2 + 23/6*t + 1;(1, 16, 40, 44, 26, 8, 1);3;1/6;1;1/6*t^3 + t^2 + 11/6*t + 1;(1, 4, 6, 4, 1)
1|2|1|2|1;6|1;2;0;1;1;1;5;1/15;8;1/15*t^5 + 5/8*t^4 + 9/4*t^3 + 31/8*t^2 + 191/60*t + 1;(1, 11, 31, 39, 25, 8, 1);1;1;1;t + 1;(1, 2, 1)
1|2|1|2|1;7;3;1;1;1;3;5;1/20;6;1/20*t^5 + 1/2*t^4 + 23/12*t^3 + 7/2*t^2 + 91/30*t + 1;(1, 10, 29, 38, 25, 8, 1);1;1;1;t + 1;(1, 2, 1)
1|2|1|3;1|2|1|3;5;2;0;3;4;4;1/4;6;1/4*t^4 + 3/2*t^3 + 13/4*t^2 + 3*t + 1;(1, 9, 18, 15, 6, 1);0;1;1;1;(1, 1)
1|2|1|3;1|2|2|1|1;4;1;1;2;3;4;1/2;12;1/2*t^4 + 5/2*t^3 + 9/2*t^2 + 7/2*t + 1;(1, 12, 24, 19, 7, 1);0;1;1;1;(1, 1)
1|2|1|3;1|2|2|2;3;1;1;1;3;5;1/4;30;1/4*t^5 + 7/4*t^4 + 19/4*t^3 + 25/4*t^2 + 4*t + 1;(1, 18, 45, 48, 27, 8, 1);0;1;1;1;(1, 1)
1|2|1|3;1|2|3|1;4;1;2;1;4;4;1/4;6;1/4*t^4 + 3/2*t^3 + 13/4*t^2 + 3*t + 1;(1, 9, 18, 15, 6, 1);0;1;1;1;(1, 1)
1|2|1|3;1|2|4;3;1;1;1;3;5;1/12;10;1/12*t^5 + 3/4*t^4 + 31/12*t^3 + 17/4*t^2 + 10/3*t + 1;(1, 12, 30, 34, 21, 7, 1);0;1;1;1;(1, 1)
1|2|1|3;1|3|1|1|1;4;0;2;2;2;3;1/2;3;1/2*t^3 + 2*t^2 + 5/2*t + 1;(1, 6, 9, 5, 1);0;1;1;1;(1, 1)
1|2|1|3;1|3|1|2;3;0;2;1;2;4;1/4;6;1/4*t^4 + 3/2*t^3 + 13/4*t^2 + 3*t + 1;(1, 9, 18, 15, 6, 1);0;1;1;1;(1, 1)
1|2|1|3;1|3|2|1;3;0;2;1;2;4;1/4;6;1/4*t^4 + 3/2*t^3 + 13/4*t^2 + 3*t + 1;(1, 9, 18, 15, 6, 1);0;1;1;1;(1, 1)
1|2|1|3;1|3|3;4;1;1;2;3;4;1/4;6;1/4*t^4 + 3/2*t^3 + 13/4*t^2 + 3*t + 1;(1, 9, 18, 15, 6, 1);0;1;1;1;(1, 1)
1|2|1|3;1|4|1|1;3;0;1;2;1;4;1/3;8;1/3*t^4 + 11/6*t^3 + 11/3*t^2 + 19/6*t + 1;(1, 10, 21, 18, 7, 1);0;1;1;1;(1, 1)
1|2|1|3;1|4|2;2;0;1;1;1;5;1/6;20;1/6*t^5 + 5/4*t^4 + 11/3*t^3 + 21/4*t^2 + 11/3*t + 1;(1, 15, 39, 44, 26, 8, 1);0;1;1;1;(1, 1)
1|2|1|3;1|5|1;3;0;1;2;1;4;1/4;6;1/4*t^4 + 3/2*t^3 + 13/4*t^2 + 3*t + 1;(1, 9, 20, 18, 7, 1);0;1;1;1;(1, 1)
1|2|1|3;1|6;2;0;1;1;1;5;1/15;8;1/15*t^5 + 5/8*t^4 + 9/4*t^3 + 31/8*t^2 + 191/60*t + 1;(1, 11, 31, 39, 25, 8, 1);0;1;1;1;(1, 1)
1|2|1|3;2|1|1|1|1|1;4;0;2;2;2;3;1;6;t^3 + 3*t^2 + 3*t + 1;(1, 8, 12, 6, 1);2;1/2;1;1/2*t^2 + 3/2*t + 1;(1, 3, 3, 1)
1|2|1|3;2|1|1|1|2;3;0;2;1;2;4;1/2;12;1/2*t^4 + 5/2*t^3 + 9/2*t^2 + 7/2*t + 1;(1, 12, 24, 19, 7, 1);2;1/2;1;1/2*t^2 + 3/2*t + 1;(1, 3, 3, 1)
1|2|1|3;2|1|1|2|1;3;0;2;1;2;4;1/2;12;1/2*t^4 + 5/2*t^3 + 9/2*t^2 + 7/2*t + 1;(1, 12, 24, 19, 7, 1);2;1/2;1;1/2*t^2 + 3/2*t + 1;(1, 3, 3, 1)
1|2|1|3;2|1|1|3;4;1;1;2;3;4;1/2;12;1/2*t^4 + 5/2*t^3 + 9/2*t^2 + 7/2*t + 1;(1, 12, 24, 19, 7, 1);2;1/2;1;1/2*t^2 + 3/2*t + 1;(1, 3, 3, 1)
1|2|1|3;2|1|2|1|1;3;0;2;1;2;4;1;24;t^4 + 4*t^3 + 6*t^2 + 4*t + 1;(1, 16, 32, 24, 8, 1);2;1/2;1;1/2*t^2 + 3/2*t + 1;(1, 3, 3, 1)
1|2|1|3;2|1|2|2;2;0;2;0;2;5;1/2;60;1/2*t^5 + 3*t^4 + 7*t^3 + 8*t^2 + 9/2*t + 1;(1, 24, 60, 62, 33, 9, 1);2;1/2;1;1/2*t^2 + 3/2*t + 1;(1, 3, 3, 1)
1|2|1|3;2|1|3|1;3;0;3;0;3;4;1/2;12;1/2*t^4 + 5/2*t^3 + 9/2*t^2 + 7/2*t + 1;(1, 12, 24, 19, 7, 1);2;1/2;1;1/2*t^2 + 3/2*t + 1;(1, 3, 3, 1)
1|2|1|3;2|1|4;2;0;2;0;2;5;1/6;20;1/6*t^5 + 4/3*t^4 + 4*t^3 + 17/3*t^2 + 23/6*t + 1;(1, 16, 40, 44, 26, 8, 1);2;1/2;1;1/2*t^2 + 3/2*t + 1;(1, 3, 3, 1)
1|2|1|3;2|2|1|1|1;3;0;2;1;2;4;1;24;t^4 + 4*t^3 + 6*t^2 + 4*t + 1;(1, 16, 32, 24, 8, 1);3;1/6;1;1/6*t^3 + t^2 + 11/6*t + 1;(1, 4, 6, 4, 1)
1|2|1|3;2|2|1|2;2;0;2;0;2;5;1/2;60;1/2*t^5 + 3*t^4 + 7*t^3 + 8*t^2 + 9/2*t + 1;(1, 24, 60, 62, 33, 9, 1);3;1/6;1;1/6*t^3 + t^2 + 11/6*t + 1;(1, 4, 6, 4, 1)
1|2|1|3;2|2|2|1;2;0;2;0;2;5;1/2;60;1/2*t^5 + 3*t^4 + 7*t^3 + 8*t^2 + 9/2*t + 1;(1, 24, 60, 62, 33, 9, 1);3;1/6;1;1/6*t^3 + t^2 + 11/6*t + 1;(1, 4, 6, 4, 1)
1|2|1|3;2|2|3;3;1;1;1;3;5;1/2;60;1/2*t^5 + 3*t^4 + 7*t^3 + 8*t^2 + 9/2*t + 1;(1, 24, 60, 62, 33, 9, 1);3;1/6;1;1/6*t^3 + t^2 + 11/6*t + 1;(1, 4, 6, 4, 1)
1|2|1|3;2|3|1|1;3;0;1;2;1;4;1;24;t^4 + 4*t^3 + 6*t^2 + 4*t + 1;(1, 16, 32, 24, 8, 1);4;1/24;1;1/24*t^4 + 5/12*t^3 + 35/24*t^2 + 25/12*t + 1;(1, 5, 10, 10, 5, 1)
1|2|1|3;2|3|2;2;0;1;1;1;5;1/2;60;1/2*t^5 + 3*t^4 + 7*t^3 + 8*t^2 + 9/2*t + 1;(1, 24, 60, 62, 33, 9, 1);4;1/24;1;1/24*t^4 + 5/12*t^3 + 35/24*t^2 + 25/12*t + 1;(1, 5, 10, 10, 5, 1)
1|2|1|3;2|4|1;2;0;2;0;2;5;1/3;40;1/3*t^5 + 13/6*t^4 + 11/2*t^3 + 41/6*t^2 + 25/6*t + 1;(1, 20, 52, 57, 32, 9, 1);3;1/6;1;1/6*t^3 + t^2 + 11/6*t + 1;(1, 4, 6, 4, 1)
1|2|1|3;2|5;2;0;2;0;2;5;1/6;20;1/6*t^5 + 4/3*t^4 + 4*t^3 + 17/3*t^2 + 23/6*t + 1;(1, 16, 40, 44, 26, 8, 1);3;1/6;1;1/6*t^3 + t^2 + 11/6*t + 1;(1, 4, 6, 4, 1)
1|2|1|3;3|1|1|1|1;4;0;2;2;2;3;1/2;3;1/2*t^3 + 2*t^2 + 5/2*t + 1;(1, 6, 9, 5, 1);1;1;1;t + 1;(1, 2, 1)
1|2|1|3;3|1|1|2;3;0;2;1;2;4;1/4;6;1/4*t^4 + 3/2*t^3 + 13/4*t^2 + 3*t + 1;(1, 9, 18, 15, 6, 1);1;1;1;t + 1;(1, 2, 1)
1|2|1|3;3|1|2|1;3;0;2;1;2;4;1/4;6;1/4*t^4 + 3/2*t^3 + 13/4*t^2 + 3*t + 1;(1, 9, 18, 15, 6, 1);1;1;1;t + 1;(1, 2, 1)
1|2|1|3;3|1|3;4;1;1;2;3;4;1/4;6;1/4*t^4 + 3/2*t^3 + 13/4*t^2 + 3*t + 1;(1, 9, 18, 15, 6, 1);1;1;1;t + 1;(1, 2, 1)
1|2|1|3;3|2|1|1;3;0;2;1;2;4;1/2;12;1/2*t^4 + 5/2*t^3 + 9/2*t^2 + 7/2*t + 1;(1, 12, 24, 19, 7, 1);1;1;1;t + 1;(1, 2, 1)
1|2|1|3;3|2|2;2;0;2;0;2;5;1/4;30;1/4*t^5 + 7/4*t^4 + 19/4*t^3 + 25/4*t^2 + 4*t + 1;(1, 18, 45, 48, 27, 8, 1);1;1;1;t + 1;(1, 2, 1)
1|2|1|3;3|3|1;3;0;3;0;3;4;1/4;6;1/4*t^4 + 3/2*t^3 + 13/4*t^2 + 3*t + 1;(1, 9, 18, 15, 6, 1);1;1;1;t + 1;(1, 2, 1)
1|2|1|3;3|4;2;0;2;0;2;5;1/12;10;1/12*t^5 + 3/4*t^4 + 31/12*t^3 + 17/4*t^2 + 10/3*t + 1;(1, 12, 30, 34, 21, 7, 1);1;1;1;t + 1;(1, 2, 1)
1|2|1|3;4|1|1|1;4;1;2;1;4;4;1/6;4;1/6*t^4 + 7/6*t^3 + 17/6*t^2 + 17/6*t + 1;(1, 8, 16, 14, 6, 1);1;1;1;t + 1;(1, 2, 1)
1|2|1|3;4|1|2;3;1;2;0;4;5;1/12;10;1/12*t^5 + 3/4*t^4 + 31/12*t^3 + 17/4*t^2 + 10/3*t + 1;(1, 12, 30, 34, 21, 7, 1);1;1;1;t + 1;(1, 2, 1)
1|2|1|3;4|2|1;3;1;2;0;4;5;1/12;10;1/12*t^5 + 3/4*t^4 + 31/12*t^3 + 17/4*t^2 + 10/3*t + 1;(1, 12, 30, 34, 21, 7, 1);1;1;1;t + 1;(1, 2, 1)
1|2|1|3;4|3;4;2;1;1;5;5;1/12;10;1/12*t^5 + 3/4*t^4 + 31/12*t^3 + 17/4*t^2 + 10/3*t + 1;(1, 12, 30, 34, 21, 7, 1);1;1;1;t + 1;(1, 2, 1)
1|2|1|3;5|1|1;3;0;2;1;2;4;1/6;4;1/6*t^4 + 7/6*t^3 + 17/6*t^2 + 17/6*t + 1;(1, 8, 16, 14, 6, 1);2;1/2;1;1/2*t^2 + 3/2*t + 1;(1, 3, 3, 1)
1|2|1|3;5|2;2;0;2;0;2;5;1/12;10;1/12*t^5 + 3/4*t^4 + 31/12*t^3 + 17/4*t^2 + 10/3*t + 1;(1, 12, 30, 34, 21, 7, 1);2;1/2;1;1/2*t^2 + 3/2*t + 1;(1, 3, 3, 1)
1|2|1|3;6|1;2;0;2;0;2;5;1/15;8;1/15*t^5 + 5/8*t^4 + 9/4*t^3 + 31/8*t^2 + 191/60*t + 1;(1, 11, 31, 39, 25, 8, 1);1;1;1;t + 1;(1, 2, 1)
1|2|1|3;7;2;0;1;1;1;5;1/20;6;1/20*t^5 + 1/2*t^4 + 23/12*t^3 + 7/2*t^2 + 91/30*t + 1;(1, 10, 29, 38, 25, 8, 1);1;1;1;t + 1;(1, 2, 1)
1|2|2|1|1;1|2|2|1|1;5;2;0;3;4;4;1/4;6;1/4*t^4 + 3/2*t^3 + 13/4*t^2 + 3*t + 1;(1, 9, 18, 15, 6, 1);0;1;1;1;(1, 1)
1|2|2|1|1;1|2|2|2;4;2;1;1;5;5;1/4;30;1/4*t^5 + 7/4*t^4 + 19/4*t^3 + 25/4*t^2 + 4*t + 1;(1, 18, 45, 48, 27, 8, 1);0;1;1;1;(1, 1)
1|2|2|1|1;1|2|3|1;4;1;1;2;3;4;1/4;6;1/4*t^4 + 3/2*t^3 + 13/4*t^2 + 3*t + 1;(1, 9, 18, 15, 6, 1);0;1;1;1;(1, 1)
1|2|2|1|1;1|2|4;3;1;1;1;3;5;1/6;20;1/6*t^5 + 5/4*t^4 + 11/3*t^3 + 21/4*t^2 + 11/3*t + 1;(1, 15, 39, 44, 26, 8, 1);0;1;1;1;(1, 1)
1|2|2|1|1;1|3|1|1|1;4;0;1;3;1;3;1/2;3;1/2*t^3 + 2*t^2 + 5/2*t + 1;(1, 6, 9, 5, 1);0;1;1;1;(1, 1)
1|2|2|1|1;1|3|1|2;3;0;2;1;2;4;1/2;12;1/2*t^4 + 5/2*t^3 + 9/2*t^2 + 7/2*t + 1;(1, 12, 24, 19, 7, 1);0;1;1;1;(1, 1)
1|2|2|1|1;1|3|2|1;3;0;1;2;1;4;1/2;12;1/2*t^4 + 5/2*t^3 + 9/2*t^2 + 7/2*t + 1;(1, 12, 24, 19, 7, 1);0;1;1;1;(1, 1)
1|2|2|1|1;1|3|3;3;0;1;2;1;4;1/2;12;1/2*t^4 + 5/2*t^3 + 9/2*t^2 + 7/2*t + 1;(1, 12, 24, 19, 7, 1);0;1;1;1;(1, 1)
1|2|2|1|1;1|4|1|1;4;1;0;3;2;4;1/4;6;1/4*t^4 + 3/2*t^3 + 13/4*t^2 + 3*t + 1;(1, 9, 20, 18, 7, 1);0;1;1;1;(1, 1)
1|2|2|1|1;1|4|2;3;1;1;1;3;5;1/4;30;1/4*t^5 + 7/4*t^4 + 19/4*t^3 + 25/4*t^2 + 4*t + 1;(1, 18, 49, 56, 32, 9, 1);0;1;1;1;(1, 1)
1|2|2|1|1;1|5|1;3;0;1;2;1;4;1/8;3;1/8*t^4 + 11/12*t^3 + 19/8*t^2 + 31/12*t + 1;(1, 7, 15, 14, 6, 1);0;1;1;1;(1, 1)
1|2|2|1|1;1|6;3;1;1;1;3;5;1/30;4;1/30*t^5 + 3/8*t^4 + 19/12*t^3 + 25/8*t^2 + 173/60*t + 1;(1, 9, 24, 30, 20, 7, 1);0;1;1;1;(1, 1)
1|2|2|1|1;2|1|1|1|1|1;4;0;2;2;2;3;1;6;t^3 + 3*t^2 + 3*t + 1;(1, 8, 12, 6, 1);2;1/2;1;1/2*t^2 + 3/2*t + 1;(1, 3, 3, 1)
1|2|2|1|1;2|1|1|1|2;3;0;3;0;3;4;1;24;t^4 + 4*t^3 + 6*t^2 + 4*t + 1;(1, 16, 32, 24, 8, 1);2;1/2;1;1/2*t^2 + 3/2*t + 1;(1, 3, 3, 1)
1|2|2|1|1;2|1|1|2|1;3;0;2;1;2;4;1;24;t^4 + 4*t^3 + 6*t^2 + 4*t + 1;(1, 16, 32, 24, 8, 1);2;1/2;1;1/2*t^2 + 3/2*t + 1;(1, 3, 3, 1)
1|2|2|1|1;2|1|1|3;3;0;2;1;2;4;1;24;t^4 + 4*t^3 + 6*t^2 + 4*t + 1;(1, 16, 32, 24, 8, 1);2;1/2;1;1/2*t^2 + 3/2*t + 1;(1, 3, 3, 1)
1|2|2|1|1;2|1|2|1|1;4;1;1;2;3;4;1/2;12;1/2*t^4 + 5/2*t^3 + 9/2*t^2 + 7/2*t + 1;(1, 12, 24, 19, 7, 1);2;1/2;1;1/2*t^2 + 3/2*t + 1;(1, 3, 3, 1)
1|2|2|1|1;2|1|2|2;3;1;2;0;4;5;1/2;60;1/2*t^5 + 3*t^4 + 7*t^3 + 8*t^2 + 9/2*t + 1;(1, 24, 60, 62, 33, 9, 1);2;1/2;1;1/2*t^2 + 3/2*t + 1;(1, 3, 3, 1)
1|2|2|1|1;2|1|3|1;3;0;2;1;2;4;1/2;12;1/2*t^4 + 5/2*t^3 + 9/2*t^2 + 7/2*t + 1;(1, 12, 24, 19, 7, 1);2;1/2;1;1/2*t^2 + 3/2*t + 1;(1, 3, 3, 1)
1|2|2|1|1;2|1|4;2;0;2;0;2;5;1/3;40;1/3*t^5 + 13/6*t^4 + 11/2*t^3 + 41/6*t^2 + 25/6*t + 1;(1, 20, 52, 57, 32, 9, 1);2;1/2;1;1/2*t^2 + 3/2*t + 1;(1, 3, 3, 1)
1|2|2|1|1;2|2|1|1|1;3;0;1;2;1;4;1;24;t^4 + 4*t^3 + 6*t^2 + 4*t + 1;(1, 16, 32, 24, 8, 1);4;1/24;1;1/24*t^4 + 5/12*t^3 + 35/24*t^2 + 25/12*t + 1;(1, 5, 10, 10, 5, 1)
1|2|2|1|1;2|2|1|2;2;0;2;0;2;5;1;120;t^5 + 5*t^4 + 10*t^3 + 10*t^2 + 5*t + 1;(1, 32, 80, 80, 40, 10, 1);4;1/24;1;1/24*t^4 + 5/12*t^3 + 35/24*t^2 + 25/12*t + 1;(1, 5, 10, 10, 5, 1)
1|2|2|1|1;2|2|2|1;2;0;1;1;1;5;1;120;t^5 + 5*t^4 + 10*t^3 + 10*t^2 + 5*t + 1;(1, 32, 80, 80, 40, 10, 1);5;1/120;1;1/120*t^5 + 1/8*t^4 + 17/24*t^3 + 15/8*t^2 + 137/60*t + 1;(1, 6, 15, 20, 15, 6, 1)
1|2|2|1|1;2|2|3;2;0;1;1;1;5;1;120;t^5 + 5*t^4 + 10*t^3 + 10*t^2 + 5*t + 1;(1, 32, 80, 80, 40, 10, 1);5;1/120;1;1/120*t^5 + 1/8*t^4 + 17/24*t^3 + 15/8*t^2 + 137/60*t + 1;(1, 6, 15, 20, 15, 6, 1)
1|2|2|1|1;2|3|1|1;3;0;1;2;1;4;1/2;12;1/2*t^4 + 5/2*t^3 + 9/2*t^2 + 7/2*t + 1;(1, 12, 24, 19, 7, 1);3;1/6;1;1/6*t^3 + t^2 + 11/6*t + 1;(1, 4, 6, 4, 1)
1|2|2|1|1;2|3|2;2;0;2;0;2;5;1/2;60;1/2*t^5 + 3*t^4 + 7*t^3 + 8*t^2 + 9/2*t + 1;(1, 24, 60, 62, 33, 9, 1);3;1/6;1;1/6*t^3 + t^2 + 11/6*t + 1;(1, 4, 6, 4, 1)
1|2|2|1|1;2|4|1;3;1;1;1;3;5;1/6;20;1/6*t^5 + 4/3*t^4 + 4*t^3 + 17/3*t^2 + 23/6*t + 1;(1, 16, 40, 44, 26, 8, 1);3;1/6;1;1/6*t^3 + t^2 + 11/6*t + 1;(1, 4, 6, 4, 1)
1|2|2|1|1;2|5;2;0;2;0;2;5;1/6;20;1/6*t^5 + 4/3*t^4 + 4*t^3 + 17/3*t^2 + 23/6*t + 1;(1, 16, 40, 44, 26, 8, 1);3;1/6;1;1/6*t^3 + t^2 + 11/6*t + 1;(1, 4, 6, 4, 1)
1|2|2|1|1;3|1|1|1|1;4;0;2;2;2;3;1/2;3;1/2*t^3 + 2*t^2 + 5/2*t + 1;(1, 6, 9, 5, 1);1;1;1;t + 1;(1, 2, 1)
1|2|2|1|1;3|1|1|2;3;0;3;0;3;4;1/2;12;1/2*t^4 + 5/2*t^3 + 9/2*t^2 + 7/2*t + 1;(1, 12, 24, 19, 7, 1);1;1;1;t + 1;(1, 2, 1)
1|2|2|1|1;3|1|2|1;3;0;2;1;2;4;1/2;12;1/2*t^4 + 5/2*t^3 + 9/2*t^2 + 7/2*t + 1;(1, 12, 24, 19, 7, 1);1;1;1;t + 1;(1, 2, 1)
1|2|2|1|1;3|1|3;3;0;2;1;2;4;1/2;12;1/2*t^4 + 5/2*t^3 + 9/2*t^2 + 7/2*t + 1;(1, 12, 24, 19, 7, 1);1;1;1;t + 1;(1, 2, 1)
1|2|2|1|1;3|2|1|1;4;1;1;2;3;4;1/4;6;1/4*t^4 + 3/2*t^3 + 13/4*t^2 + 3*t + 1;(1, 9, 18, 15, 6, 1);1;1;1;t + 1;(1, 2, 1)
1|2|2|1|1;3|2|2;3;1;2;0;4;5;1/4;30;1/4*t^5 + 7/4*t^4 + 19/4*t^3 + 25/4*t^2 + 4*t + 1;(1, 18, 45, 48, 27, 8, 1);1;1;1;t + 1;(1, 2, 1)
1|2|2|1|1;3|3|1;3;0;2;1;2;4;1/4;6;1/4*t^4 + 3/2*t^3 + 13/4*t^2 + 3*t + 1;(1, 9, 18, 15, 6, 1);1;1;1;t + 1;(1, 2, 1)
1|2|2|1|1;3|4;2;0;2;0;2;5;1/6;20;1/6*t^5 + 5/4*t^4 + 11/3*t^3 + 21/4*t^2 + 11/3*t + 1;(1, 15, 39, 44, 26, 8, 1);1;1;1;t + 1;(1, 2, 1)
1|2|2|1|1;4|1|1|1;4;1;1;2;3;4;1/6;4;1/6*t^4 + 7/6*t^3 + 17/6*t^2 + 17/6*t + 1;(1, 8, 16, 14, 6, 1);2;1/2;1;1/2*t^2 + 3/2*t + 1;(1, 3, 3, 1)
1|2|2|1|1;4|1|2;3;1;2;0;4;5;1/6;20;1/6*t^5 + 4/3*t^4 + 4*t^3 + 17/3*t^2 + 23/6*t + 1;(1, 16, 40, 44, 26, 8, 1);2;1/2;1;1/2*t^2 + 3/2*t + 1;(1, 3, 3, 1)
1|2|2|1|1;4|2|1;3;1;1;1;3;5;1/6;20;1/6*t^5 + 4/3*t^4 + 4*t^3 + 17/3*t^2 + 23/6*t + 1;(1, 16, 40, 44, 26, 8, 1);3;1/6;1;1/6*t^3 + t^2 + 11/6*t + 1;(1, 4, 6, 4, 1)
1|2|2|1|1;4|3;3;1;1;1;3;5;1/6;20;1/6*t^5 + 4/3*t^4 + 4*t^3 + 17/3*t^2 + 23/6*t + 1;(1, 16, 40, 44, 26, 8, 1);3;1/6;1;1/6*t^3 + t^2 + 11/6*t + 1;(1, 4, 6, 4, 1)
1|2|2|1|1;5|1|1;3;0;1;2;1;4;1/8;3;1/8*t^4 + 11/12*t^3 + 19/8*t^2 + 31/12*t + 1;(1, 7, 15, 14, 6, 1);1;1;1;t + 1;(1, 2, 1)
1|2|2|1|1;5|2;2;0;2;0;2;5;1/8;15;1/8*t^5 + 25/24*t^4 + 79/24*t^3 + 119/24*t^2 + 43/12*t + 1;(1, 14, 37, 43, 26, 8, 1);1;1;1;t + 1;(1, 2, 1)
1|2|2|1|1;6|1;3;1;1;1;3;5;1/20;6;1/20*t^5 + 1/2*t^4 + 23/12*t^3 + 7/2*t^2 + 91/30*t + 1;(1, 10, 29, 38, 25, 8, 1);1;1;1;t + 1;(1, 2, 1)
1|2|2|1|1;7;2;0;2;0;2;5;1/40;3;1/40*t^5 + 7/24*t^4 + 31/24*t^3 + 65/24*t^2 + 161/60*t + 1;(1, 8, 22, 29, 20, 7, 1);1;1;1;t + 1;(1, 2, 1)
1|2|2|2;1|2|2|2;4;3;0;1;6;6;1/8;90;1/8*t^6 + 9/8*t^5 + 33/8*t^4 + 63/8*t^3 + 33/4*t^2 + 9/2*t + 1;(1, 27, 81, 108, 81, 36, 9, 1);0;1;1;1;(1, 1)
1|2|2|2;1|2|3|1;3;1;1;1;3;5;1/4;30;1/4*t^5 + 7/4*t^4 + 19/4*t^3 + 25/4*t^2 + 4*t + 1;(1, 18, 45, 48, 27, 8, 1);0;1;1;1;(1, 1)
1|2|2|2;1|2|4;3;2;0;1;4;6;1/8;90;1/8*t^6 + 9/8*t^5 + 33/8*t^4 + 63/8*t^3 + 33/4*t^2 + 9/2*t + 1;(1, 27, 87, 123, 95, 42, 10, 1);0;1;1;1;(1, 1)
1|2|2|2;1|3|1|1|1;3;0;2;1;2;4;1/2;12;1/2*t^4 + 5/2*t^3 + 9/2*t^2 + 7/2*t + 1;(1, 12, 24, 19, 7, 1);0;1;1;1;(1, 1)
1|2|2|2;1|3|1|2;3;1;1;1;3;5;1/4;30;1/4*t^5 + 7/4*t^4 + 19/4*t^3 + 25/4*t^2 + 4*t + 1;(1, 18, 45, 48, 27, 8, 1);0;1;1;1;(1, 1)
1|2|2|2;1|3|2|1;2;0;1;1;1;5;1/2;60;1/2*t^5 + 3*t^4 + 7*t^3 + 8*t^2 + 9/2*t + 1;(1, 24, 60, 62, 33, 9, 1);0;1;1;1;(1, 1)
1|2|2|2;1|3|3;2;0;1;1;1;5;1/4;30;1/4*t^5 + 7/4*t^4 + 19/4*t^3 + 25/4*t^2 + 4*t + 1;(1, 18, 45, 48, 27, 8, 1);0;1;1;1;(1, 1)
1|2|2|2;1|4|1|1;3;1;1;1;3;5;1/4;30;1/4*t^5 + 7/4*t^4 + 19/4*t^3 + 25/4*t^2 + 4*t + 1;(1, 18, 49, 56, 32, 9, 1);0;1;1;1;(1, 1)
1|2|2|2;1|4|2;3;2;0;1;4;6;1/8;90;1/8*t^6 + 9/8*t^5 + 33/8*t^4 + 63/8*t^3 + 33/4*t^2 + 9/2*t + 1;(1, 27, 87, 123, 95, 42, 10, 1);0;1;1;1;(1, 1)
1|2|2|2;1|5|1;2;0;1;1;1;5;1/8;15;1/8*t^5 + 25/24*t^4 + 79/24*t^3 + 119/24*t^2 + 43/12*t + 1;(1, 14, 37, 43, 26, 8, 1);0;1;1;1;(1, 1)
1|2|2|2;1|6;3;2;0;1;4;6;1/36;20;1/36*t^6 + 7/20*t^5 + 125/72*t^4 + 13/3*t^3 + 413/72*t^2 + 229/60*t + 1;(1, 17, 56, 84, 70, 34, 9, 1);0;1;1;1;(1, 1)
1|2|2|2;2|1|1|1|1|1;3;0;3;0;3;4;1;24;t^4 + 4*t^3 + 6*t^2 + 4*t + 1;(1, 16, 32, 24, 8, 1);2;1/2;1;1/2*t^2 + 3/2*t + 1;(1, 3, 3, 1)
1|2|2|2;2|1|1|1|2;3;1;2;0;4;5;1/2;60;1/2*t^5 + 3*t^4 + 7*t^3 + 8*t^2 + 9/2*t + 1;(1, 24, 60, 62, 33, 9, 1);2;1/2;1;1/2*t^2 + 3/2*t + 1;(1, 3, 3, 1)
1|2|2|2;2|1|1|2|1;2;0;2;0;2;5;1;120;t^5 + 5*t^4 + 10*t^3 + 10*t^2 + 5*t + 1;(1, 32, 80, 80, 40, 10, 1);2;1/2;1;1/2*t^2 + 3/2*t + 1;(1, 3, 3, 1)
1|2|2|2;2|1|1|3;2;0;2;0;2;5;1/2;60;1/2*t^5 + 3*t^4 + 7*t^3 + 8*t^2 + 9/2*t + 1;(1, 24, 60, 62, 33, 9, 1);2;1/2;1;1/2*t^2 + 3/2*t + 1;(1, 3, 3, 1)
1|2|2|2;2|1|2|1|1;3;1;2;0;4;5;1/2;60;1/2*t^5 + 3*t^4 + 7*t^3 + 8*t^2 + 9/2*t + 1;(1, 24, 60, 62, 33, 9, 1);2;1/2;1;1/2*t^2 + 3/2*t + 1;(1, 3, 3, 1)
1|2|2|2;2|1|2|2;3;2;1;0;5;6;1/4;180;1/4*t^6 + 2*t^5 + 13/2*t^4 + 11*t^3 + 41/4*t^2 + 5*t + 1;(1, 36, 108, 141, 102, 43, 10, 1);2;1/2;1;1/2*t^2 + 3/2*t + 1;(1, 3, 3, 1)
1|2|2|2;2|1|3|1;2;0;2;0;2;5;1/2;60;1/2*t^5 + 3*t^4 + 7*t^3 + 8*t^2 + 9/2*t + 1;(1, 24, 60, 62, 33, 9, 1);2;1/2;1;1/2*t^2 + 3/2*t + 1;(1, 3, 3, 1)
1|2|2|2;2|1|4;2;1;1;0;3;6;1/4;180;1/4*t^6 + 2*t^5 + 13/2*t^4 + 11*t^3 + 41/4*t^2 + 5*t + 1;(1, 36, 116, 161, 120, 50, 11, 1);2;1/2;1;1/2*t^2 + 3/2*t + 1;(1, 3, 3, 1)
1|2|2|2;2|2|1|1|1;2;0;2;0;2;5;1;120;t^5 + 5*t^4 + 10*t^3 + 10*t^2 + 5*t + 1;(1, 32, 80, 80, 40, 10, 1);4;1/24;1;1/24*t^4 + 5/12*t^3 + 35/24*t^2 + 25/12*t + 1;(1, 5, 10, 10, 5, 1)
1|2|2|2;2|2|1|2;2;1;1;0;3;6;1/2;360;1/2*t^6 + 7/2*t^5 + 10*t^4 + 15*t^3 + 25/2*t^2 + 11/2*t + 1;(1, 48, 144, 184, 128, 51, 11, 1);4;1/24;1;1/24*t^4 + 5/12*t^3 + 35/24*t^2 + 25/12*t + 1;(1, 5, 10, 10, 5, 1)
1|2|2|2;2|2|2|1;1;0;1;0;1;6;1;720;t^6 + 6*t^5 + 15*t^4 + 20*t^3 + 15*t^2 + 6*t + 1;(1, 64, 192, 240, 160, 60, 12, 1);6;1/720;1;1/720*t^6 + 7/240*t^5 + 35/144*t^4 + 49/48*t^3 + 203/90*t^2 + 49/20*t + 1;(1, 7, 21, 35, 35, 21, 7, 1)
1|2|2|2;2|2|3;1;0;1;0;1;6;1/2;360;1/2*t^6 + 7/2*t^5 + 10*t^4 + 15*t^3 + 25/2*t^2 + 11/2*t + 1;(1, 48, 144, 184, 128, 51, 11, 1);5;1/120;1;1/120*t^5 + 1/8*t^4 + 17/24*t^3 + 15/8*t^2 + 137/60*t + 1;(1, 6, 15, 20, 15, 6, 1)
1|2|2|2;2|3|1|1;2;0;2;0;2;5;1/2;60;1/2*t^5 + 3*t^4 + 7*t^3 + 8*t^2 + 9/2*t + 1;(1, 24, 60, 62, 33, 9, 1);3;1/6;1;1/6*t^3 + t^2 + 11/6*t + 1;(1, 4, 6, 4, 1)
1|2|2|2;2|3|2;2;1;1;0;3;6;1/4;180;1/4*t^6 + 2*t^5 + 13/2*t^4 + 11*t^3 + 41/4*t^2 + 5*t + 1;(1, 36, 108, 141, 102, 43, 10, 1);3;1/6;1;1/6*t^3 + t^2 + 11/6*t + 1;(1, 4, 6, 4, 1)
1|2|2|2;2|4|1;2;1;1;0;3;6;1/6;120;1/6*t^6 + 3/2*t^5 + 16/3*t^4 + 29/3*t^3 + 19/2*t^2 + 29/6*t + 1;(1, 32, 96, 128, 96, 42, 10, 1);4;1/24;1;1/24*t^4 + 5/12*t^3 + 35/24*t^2 + 25/12*t + 1;(1, 5, 10, 10, 5, 1)
1|2|2|2;2|5;1;0;1;0;1;6;1/8;90;1/8*t^6 + 7/6*t^5 + 13/3*t^4 + 33/4*t^3 + 205/24*t^2 + 55/12*t + 1;(1, 28, 88, 123, 95, 42, 10, 1);3;1/6;1;1/6*t^3 + t^2 + 11/6*t + 1;(1, 4, 6, 4, 1)
1|2|2|2;3|1|1|1|1;3;0;3;0;3;4;1/2;12;1/2*t^4 + 5/2*t^3 + 9/2*t^2 + 7/2*t + 1;(1, 12, 24, 19, 7, 1);1;1;1;t + 1;(1, 2, 1)
1|2|2|2;3|1|1|2;3;1;2;0;4;5;1/4;30;1/4*t^5 + 7/4*t^4 + 19/4*t^3 + 25/4*t^2 + 4*t + 1;(1, 18, 45, 48, 27, 8, 1);1;1;1;t + 1;(1, 2, 1)
1|2|2|2;3|1|2|1;2;0;2;0;2;5;1/2;60;1/2*t^5 + 3*t^4 + 7*t^3 + 8*t^2 + 9/2*t + 1;(1, 24, 60, 62, 33, 9, 1);1;1;1;t + 1;(1, 2, 1)
1|2|2|2;3|1|3;2;0;2;0;2;5;1/4;30;1/4*t^5 + 7/4*t^4 + 19/4*t^3 + 25/4*t^2 + 4*t + 1;(1, 18, 45, 48, 27, 8, 1);1;1;1;t + 1;(1, 2, 1)
1|2|2|2;3|2|1|1;3;1;2;0;4;5;1/4;30;1/4*t^5 + 7/4*t^4 + 19/4*t^3 + 25/4*t^2 + 4*t + 1;(1, 18, 45, 48, 27, 8, 1);1;1;1;t + 1;(1, 2, 1)
1|2|2|2;3|2|2;3;2;1;0;5;6;1/8;90;1/8*t^6 + 9/8*t^5 + 33/8*t^4 + 63/8*t^3 + 33/4*t^2 + 9/2*t + 1;(1, 27, 81, 108, 81, 36, 9, 1);1;1;1;t + 1;(1, 2, 1)
1|2|2|2;3|3|1;2;0;2;0;2;5;1/4;30;1/4*t^5 + 7/4*t^4 + 19/4*t^3 + 25/4*t^2 + 4*t + 1;(1, 18, 45, 48, 27, 8, 1);1;1;1;t + 1;(1, 2, 1)
1|2|2|2;3|4;2;1;1;0;3;6;1/8;90;1/8*t^6 + 9/8*t^5 + 33/8*t^4 + 63/8*t^3 + 33/4*t^2 + 9/2*t + 1;(1, 27, 87, 123, 95, 42, 10, 1);1;1;1;t + 1;(1, 2, 1)
1|2|2|2;4|1|1|1;3;1;2;0;4;5;1/6;20;1/6*t^5 + 4/3*t^4 + 4*t^3 + 17/3*t^2 + 23/6*t + 1;(1, 16, 40, 44, 26, 8, 1);2;1/2;1;1/2*t^2 + 3/2*t + 1;(1, 3, 3, 1)
1|2|2|2;4|1|2;3;2;1;0;5;6;1/12;60;1/12*t^6 + 5/6*t^5 + 10/3*t^4 + 41/6*t^3 + 91/12*t^2 + 13/3*t + 1;(1, 24, 72, 98, 76, 35, 9, 1);2;1/2;1;1/2*t^2 + 3/2*t + 1;(1, 3, 3, 1)
1|2|2|2;4|2|1;2;1;1;0;3;6;1/6;120;1/6*t^6 + 3/2*t^5 + 16/3*t^4 + 29/3*t^3 + 19/2*t^2 + 29/6*t + 1;(1, 32, 96, 128, 96, 42, 10, 1);4;1/24;1;1/24*t^4 + 5/12*t^3 + 35/24*t^2 + 25/12*t + 1;(1, 5, 10, 10, 5, 1)
1|2|2|2;4|3;2;1;1;0;3;6;1/12;60;1/12*t^6 + 5/6*t^5 + 10/3*t^4 + 41/6*t^3 + 91/12*t^2 + 13/3*t + 1;(1, 24, 72, 98, 76, 35, 9, 1);3;1/6;1;1/6*t^3 + t^2 + 11/6*t + 1;(1, 4, 6, 4, 1)
1|2|2|2;5|1|1;2;0;2;0;2;5;1/8;15;1/8*t^5 + 25/24*t^4 + 79/24*t^3 + 119/24*t^2 + 43/12*t + 1;(1, 14, 37, 43, 26, 8, 1);1;1;1;t + 1;(1, 2, 1)
1|2|2|2;5|2;2;1;1;0;3;6;1/16;45;1/16*t^6 + 31/48*t^5 + 43/16*t^4 + 277/48*t^3 + 27/4*t^2 + 49/12*t + 1;(1, 21, 66, 94, 75, 35, 9, 1);1;1;1;t + 1;(1, 2, 1)
1|2|2|2;6|1;2;1;1;0;3;6;1/20;36;1/20*t^6 + 11/20*t^5 + 29/12*t^4 + 65/12*t^3 + 98/15*t^2 + 121/30*t + 1;(1, 20, 68, 105, 88, 41, 10, 1);2;1/2;1;1/2*t^2 + 3/2*t + 1;(1, 3, 3, 1)
1|2|2|2;7;1;0;1;0;1;6;1/48;15;1/48*t^6 + 13/48*t^5 + 67/48*t^4 + 175/48*t^3 + 61/12*t^2 + 43/12*t + 1;(1, 15, 51, 80, 69, 34, 9, 1);1;1;1;t + 1;(1, 2, 1)
1|2|3|1;1|2|3|1;5;2;0;3;4;4;1/4;6;1/4*t^4 + 3/2*t^3 + 13/4*t^2 + 3*t + 1;(1, 9, 18, 15, 6, 1);0;1;1;1;(1, 1)
1|2|3|1;1|2|4;3;1;1;1;3;5;1/12;10;1/12*t^5 + 3/4*t^4 + 31/12*t^3 + 17/4*t^2 + 10/3*t + 1;(1, 12, 30, 34, 21, 7, 1);0;1;1;1;(1, 1)
1|2|3|1;1|3|1|1|1;4;0;1;3;1;3;1/2;3;1/2*t^3 + 2*t^2 + 5/2*t + 1;(1, 6, 9, 5, 1);0;1;1;1;(1, 1)
1|2|3|1;1|3|1|2;3;0;1;2;1;4;1/2;12;1/2*t^4 + 5/2*t^3 + 9/2*t^2 + 7/2*t + 1;(1, 12, 24, 19, 7, 1);0;1;1;1;(1, 1)
1|2|3|1;1|3|2|1;3;0;1;2;1;4;1/4;6;1/4*t^4 + 3/2*t^3 + 13/4*t^2 + 3*t + 1;(1, 9, 18, 15, 6, 1);0;1;1;1;(1, 1)
1|2|3|1;1|3|3;3;0;2;1;2;4;1/4;6;1/4*t^4 + 3/2*t^3 + 13/4*t^2 + 3*t + 1;(1, 9, 18, 15, 6, 1);0;1;1;1;(1, 1)
1|2|3|1;1|4|1|1;3;0;1;2;1;4;1/4;6;1/4*t^4 + 3/2*t^3 + 13/4*t^2 + 3*t + 1;(1, 9, 20, 18, 7, 1);0;1;1;1;(1, 1)
1|2|3|1;1|4|2;2;0;1;1;1;5;1/4;30;1/4*t^5 + 7/4*t^4 + 19/4*t^3 + 25/4*t^2 + 4*t + 1;(1, 18, 49, 56, 32, 9, 1);0;1;1;1;(1, 1)
1|2|3|1;1|5|1;3;0;1;2;1;4;1/8;3;1/8*t^4 + 11/12*t^3 + 19/8*t^2 + 31/12*t + 1;(1, 7, 15, 14, 6, 1);0;1;1;1;(1, 1)
1|2|3|1;1|6;2;0;1;1;1;5;1/30;4;1/30*t^5 + 3/8*t^4 + 19/12*t^3 + 25/8*t^2 + 173/60*t + 1;(1, 9, 24, 30, 20, 7, 1);0;1;1;1;(1, 1)
1|2|3|1;2|1|1|1|1|1;4;0;2;2;2;3;1;6;t^3 + 3*t^2 + 3*t + 1;(1, 8, 12, 6, 1);2;1/2;1;1/2*t^2 + 3/2*t + 1;(1, 3, 3, 1)
1|2|3|1;2|1|1|1|2;3;0;2;1;2;4;1;24;t^4 + 4*t^3 + 6*t^2 + 4*t + 1;(1, 16, 32, 24, 8, 1);2;1/2;1;1/2*t^2 + 3/2*t + 1;(1, 3, 3, 1)
1|2|3|1;2|1|1|2|1;3;0;2;1;2;4;1/2;12;1/2*t^4 + 5/2*t^3 + 9/2*t^2 + 7/2*t + 1;(1, 12, 24, 19, 7, 1);2;1/2;1;1/2*t^2 + 3/2*t + 1;(1, 3, 3, 1)
1|2|3|1;2|1|1|3;3;0;3;0;3;4;1/2;12;1/2*t^4 + 5/2*t^3 + 9/2*t^2 + 7/2*t + 1;(1, 12, 24, 19, 7, 1);2;1/2;1;1/2*t^2 + 3/2*t + 1;(1, 3, 3, 1)
1|2|3|1;2|1|2|1|1;3;0;2;1;2;4;1/2;12;1/2*t^4 + 5/2*t^3 + 9/2*t^2 + 7/2*t + 1;(1, 12, 24, 19, 7, 1);2;1/2;1;1/2*t^2 + 3/2*t + 1;(1, 3, 3, 1)
1|2|3|1;2|1|2|2;2;0;2;0;2;5;1/2;60;1/2*t^5 + 3*t^4 + 7*t^3 + 8*t^2 + 9/2*t + 1;(1, 24, 60, 62, 33, 9, 1);2;1/2;1;1/2*t^2 + 3/2*t + 1;(1, 3, 3, 1)
1|2|3|1;2|1|3|1;4;1;1;2;3;4;1/2;12;1/2*t^4 + 5/2*t^3 + 9/2*t^2 + 7/2*t + 1;(1, 12, 24, 19, 7, 1);2;1/2;1;1/2*t^2 + 3/2*t + 1;(1, 3, 3, 1)
1|2|3|1;2|1|4;2;0;2;0;2;5;1/6;20;1/6*t^5 + 4/3*t^4 + 4*t^3 + 17/3*t^2 + 23/6*t + 1;(1, 16, 40, 44, 26, 8, 1);2;1/2;1;1/2*t^2 + 3/2*t + 1;(1, 3, 3, 1)
1|2|3|1;2|2|1|1|1;3;0;1;2;1;4;1;24;t^4 + 4*t^3 + 6*t^2 + 4*t + 1;(1, 16, 32, 24, 8, 1);4;1/24;1;1/24*t^4 + 5/12*t^3 + 35/24*t^2 + 25/12*t + 1;(1, 5, 10, 10, 5, 1)
1|2|3|1;2|2|1|2;2;0;1;1;1;5;1;120;t^5 + 5*t^4 + 10*t^3 + 10*t^2 + 5*t + 1;(1, 32, 80, 80, 40, 10, 1);5;1/120;1;1/120*t^5 + 1/8*t^4 + 17/24*t^3 + 15/8*t^2 + 137/60*t + 1;(1, 6, 15, 20, 15, 6, 1)
1|2|3|1;2|2|2|1;2;0;1;1;1;5;1/2;60;1/2*t^5 + 3*t^4 + 7*t^3 + 8*t^2 + 9/2*t + 1;(1, 24, 60, 62, 33, 9, 1);4;1/24;1;1/24*t^4 + 5/12*t^3 + 35/24*t^2 + 25/12*t + 1;(1, 5, 10, 10, 5, 1)
1|2|3|1;2|2|3;2;0;2;0;2;5;1/2;60;1/2*t^5 + 3*t^4 + 7*t^3 + 8*t^2 + 9/2*t + 1;(1, 24, 60, 62, 33, 9, 1);4;1/24;1;1/24*t^4 + 5/12*t^3 + 35/24*t^2 + 25/12*t + 1;(1, 5, 10, 10, 5, 1)
1|2|3|1;2|3|1|1;3;0;2;1;2;4;1/2;12;1/2*t^4 + 5/2*t^3 + 9/2*t^2 + 7/2*t + 1;(1, 12, 24, 19, 7, 1);3;1/6;1;1/6*t^3 + t^2 + 11/6*t + 1;(1, 4, 6, 4, 1)
1|2|3|1;2|3|2;2;0;2;0;2;5;1/2;60;1/2*t^5 + 3*t^4 + 7*t^3 + 8*t^2 + 9/2*t + 1;(1, 24, 60, 62, 33, 9, 1);3;1/6;1;1/6*t^3 + t^2 + 11/6*t + 1;(1, 4, 6, 4, 1)
1|2|3|1;2|4|1;2;0;1;1;1;5;1/6;20;1/6*t^5 + 4/3*t^4 + 4*t^3 + 17/3*t^2 + 23/6*t + 1;(1, 16, 40, 44, 26, 8, 1);3;1/6;1;1/6*t^3 + t^2 + 11/6*t + 1;(1, 4, 6, 4, 1)
1|2|3|1;2|5;3;1;1;1;3;5;1/6;20;1/6*t^5 + 4/3*t^4 + 4*t^3 + 17/3*t^2 + 23/6*t + 1;(1, 16, 40, 44, 26, 8, 1);3;1/6;1;1/6*t^3 + t^2 + 11/6*t + 1;(1, 4, 6, 4, 1)
1|2|3|1;3|1|1|1|1;4;0;2;2;2;3;1/2;3;1/2*t^3 + 2*t^2 + 5/2*t + 1;(1, 6, 9, 5, 1);1;1;1;t + 1;(1, 2, 1)
1|2|3|1;3|1|1|2;3;0;2;1;2;4;1/2;12;1/2*t^4 + 5/2*t^3 + 9/2*t^2 + 7/2*t + 1;(1, 12, 24, 19, 7, 1);1;1;1;t + 1;(1, 2, 1)
1|2|3|1;3|1|2|1;3;0;2;1;2;4;1/4;6;1/4*t^4 + 3/2*t^3 + 13/4*t^2 + 3*t + 1;(1, 9, 18, 15, 6, 1);1;1;1;t + 1;(1, 2, 1)
1|2|3|1;3|1|3;3;0;3;0;3;4;1/4;6;1/4*t^4 + 3/2*t^3 + 13/4*t^2 + 3*t + 1;(1, 9, 18, 15, 6, 1);1;1;1;t + 1;(1, 2, 1)
1|2|3|1;3|2|1|1;3;0;2;1;2;4;1/4;6;1/4*t^4 + 3/2*t^3 + 13/4*t^2 + 3*t + 1;(1, 9, 18, 15, 6, 1);1;1;1;t + 1;(1, 2, 1)
1|2|3|1;3|2|2;2;0;2;0;2;5;1/4;30;1/4*t^5 + 7/4*t^4 + 19/4*t^3 + 25/4*t^2 + 4*t + 1;(1, 18, 45, 48, 27, 8, 1);1;1;1;t + 1;(1, 2, 1)
1|2|3|1;3|3|1;4;1;1;2;3;4;1/4;6;1/4*t^4 + 3/2*t^3 + 13/4*t^2 + 3*t + 1;(1, 9, 18, 15, 6, 1);1;1;1;t + 1;(1, 2, 1)
1|2|3|1;3|4;2;0;2;0;2;5;1/12;10;1/12*t^5 + 3/4*t^4 + 31/12*t^3 + 17/4*t^2 + 10/3*t + 1;(1, 12, 30, 34, 21, 7, 1);1;1;1;t + 1;(1, 2, 1)
1|2|3|1;4|1|1|1;4;1;1;2;3;4;1/6;4;1/6*t^4 + 7/6*t^3 + 17/6*t^2 + 17/6*t + 1;(1, 8, 16, 14, 6, 1);2;1/2;1;1/2*t^2 + 3/2*t + 1;(1, 3, 3, 1)
1|2|3|1;4|1|2;3;1;1;1;3;5;1/6;20;1/6*t^5 + 4/3*t^4 + 4*t^3 + 17/3*t^2 + 23/6*t + 1;(1, 16, 40, 44, 26, 8, 1);3;1/6;1;1/6*t^3 + t^2 + 11/6*t + 1;(1, 4, 6, 4, 1)
1|2|3|1;4|2|1;3;1;1;1;3;5;1/12;10;1/12*t^5 + 3/4*t^4 + 31/12*t^3 + 17/4*t^2 + 10/3*t + 1;(1, 12, 30, 34, 21, 7, 1);2;1/2;1;1/2*t^2 + 3/2*t + 1;(1, 3, 3, 1)
1|2|3|1;4|3;3;1;2;0;4;5;1/12;10;1/12*t^5 + 3/4*t^4 + 31/12*t^3 + 17/4*t^2 + 10/3*t + 1;(1, 12, 30, 34, 21, 7, 1);2;1/2;1;1/2*t^2 + 3/2*t + 1;(1, 3, 3, 1)
1|2|3|1;5|1|1;3;0;2;1;2;4;1/8;3;1/8*t^4 + 11/12*t^3 + 19/8*t^2 + 31/12*t + 1;(1, 7, 15, 14, 6, 1);1;1;1;t + 1;(1, 2, 1)
1|2|3|1;5|2;2;0;2;0;2;5;1/8;15;1/8*t^5 + 25/24*t^4 + 79/24*t^3 + 119/24*t^2 + 43/12*t + 1;(1, 14, 37, 43, 26, 8, 1);1;1;1;t + 1;(1, 2, 1)
1|2|3|1;6|1;2;0;1;1;1;5;1/20;6;1/20*t^5 + 1/2*t^4 + 23/12*t^3 + 7/2*t^2 + 91/30*t + 1;(1, 10, 29, 38, 25, 8, 1);1;1;1;t + 1;(1, 2, 1)
1|2|3|1;7;2;0;2;0;2;5;1/40;3;1/40*t^5 + 7/24*t^4 + 31/24*t^3 + 65/24*t^2 + 161/60*t + 1;(1, 8, 22, 29, 20, 7, 1);1;1;1;t + 1;(1, 2, 1)
1|2|4;1|2|4;4;3;0;1;6;6;1/48;15;1/48*t^6 + 13/48*t^5 + 67/48*t^4 + 175/48*t^3 + 61/12*t^2 + 43/12*t + 1;(1, 15, 45, 65, 55, 28, 8, 1);0;1;1;1;(1, 1)
1|2|4;1|3|1|1|1;3;0;2;1;2;4;1/4;6;1/4*t^4 + 3/2*t^3 + 13/4*t^2 + 3*t + 1;(1, 9, 18, 15, 6, 1);0;1;1;1;(1, 1)
1|2|4;1|3|1|2;2;0;1;1;1;5;1/6;20;1/6*t^5 + 5/4*t^4 + 11/3*t^3 + 21/4*t^2 + 11/3*t + 1;(1, 15, 39, 44, 26, 8, 1);0;1;1;1;(1, 1)
1|2|4;1|3|2|1;3;1;1;1;3;5;1/12;10;1/12*t^5 + 3/4*t^4 + 31/12*t^3 + 17/4*t^2 + 10/3*t + 1;(1, 12, 30, 34, 21, 7, 1);0;1;1;1;(1, 1)
1|2|4;1|3|3;2;0;1;1;1;5;1/12;10;1/12*t^5 + 3/4*t^4 + 31/12*t^3 + 17/4*t^2 + 10/3*t + 1;(1, 12, 30, 34, 21, 7, 1);0;1;1;1;(1, 1)
1|2|4;1|4|1|1;2;0;1;1;1;5;3/20;18;3/20*t^5 + 9/8*t^4 + 10/3*t^3 + 39/8*t^2 + 211/60*t + 1;(1, 14, 41, 51, 31, 9, 1);0;1;1;1;(1, 1)
1|2|4;1|4|2;2;1;0;1;2;6;19/180;76;19/180*t^6 + 19/20*t^5 + 253/72*t^4 + 41/6*t^3 + 2657/360*t^2 + 253/60*t + 1;(1, 24, 88, 138, 112, 49, 11, 1);0;1;1;1;(1, 1)
1|2|4;1|5|1;3;1;1;1;3;5;1/15;8;1/15*t^5 + 5/8*t^4 + 9/4*t^3 + 31/8*t^2 + 191/60*t + 1;(1, 11, 31, 39, 25, 8, 1);0;1;1;1;(1, 1)
1|2|4;1|6;2;1;0;1;2;6;1/72;10;1/72*t^6 + 23/120*t^5 + 19/18*t^4 + 71/24*t^3 + 319/72*t^2 + 67/20*t + 1;(1, 13, 44, 71, 64, 33, 9, 1);0;1;1;1;(1, 1)
1|2|4;2|1|1|1|1|1;3;0;3;0;3;4;1/2;12;1/2*t^4 + 5/2*t^3 + 9/2*t^2 + 7/2*t + 1;(1, 12, 24, 19, 7, 1);2;1/2;1;1/2*t^2 + 3/2*t + 1;(1, 3, 3, 1)
1|2|4;2|1|1|1|2;2;0;2;0;2;5;1/3;40;1/3*t^5 + 13/6*t^4 + 11/2*t^3 + 41/6*t^2 + 25/6*t + 1;(1, 20, 52, 57, 32, 9, 1);2;1/2;1;1/2*t^2 + 3/2*t + 1;(1, 3, 3, 1)
1|2|4;2|1|1|2|1;3;1;2;0;4;5;1/6;20;1/6*t^5 + 4/3*t^4 + 4*t^3 + 17/3*t^2 + 23/6*t + 1;(1, 16, 40, 44, 26, 8, 1);2;1/2;1;1/2*t^2 + 3/2*t + 1;(1, 3, 3, 1)
1|2|4;2|1|1|3;2;0;2;0;2;5;1/6;20;1/6*t^5 + 4/3*t^4 + 4*t^3 + 17/3*t^2 + 23/6*t + 1;(1, 16, 40, 44, 26, 8, 1);2;1/2;1;1/2*t^2 + 3/2*t + 1;(1, 3, 3, 1)
1|2|4;2|1|2|1|1;2;0;2;0;2;5;1/3;40;1/3*t^5 + 13/6*t^4 + 11/2*t^3 + 41/6*t^2 + 25/6*t + 1;(1, 20, 52, 57, 32, 9, 1);2;1/2;1;1/2*t^2 + 3/2*t + 1;(1, 3, 3, 1)
1|2|4;2|1|2|2;2;1;1;0;3;6;1/4;180;1/4*t^6 + 2*t^5 + 13/2*t^4 + 11*t^3 + 41/4*t^2 + 5*t + 1;(1, 36, 116, 161, 120, 50, 11, 1);2;1/2;1;1/2*t^2 + 3/2*t + 1;(1, 3, 3, 1)
1|2|4;2|1|3|1;2;0;2;0;2;5;1/6;20;1/6*t^5 + 4/3*t^4 + 4*t^3 + 17/3*t^2 + 23/6*t + 1;(1, 16, 40, 44, 26, 8, 1);2;1/2;1;1/2*t^2 + 3/2*t + 1;(1, 3, 3, 1)
1|2|4;2|1|4;3;2;1;0;5;6;1/24;30;1/24*t^6 + 1/2*t^5 + 7/3*t^4 + 65/12*t^3 + 53/8*t^2 + 49/12*t + 1;(1, 20, 60, 85, 70, 34, 9, 1);2;1/2;1;1/2*t^2 + 3/2*t + 1;(1, 3, 3, 1)
1|2|4;2|2|1|1|1;2;0;2;0;2;5;1/2;60;1/2*t^5 + 3*t^4 + 7*t^3 + 8*t^2 + 9/2*t + 1;(1, 24, 60, 62, 33, 9, 1);4;1/24;1;1/24*t^4 + 5/12*t^3 + 35/24*t^2 + 25/12*t + 1;(1, 5, 10, 10, 5, 1)
1|2|4;2|2|1|2;1;0;1;0;1;6;1/3;240;1/3*t^6 + 5/2*t^5 + 23/3*t^4 + 37/3*t^3 + 11*t^2 + 31/6*t + 1;(1, 40, 124, 166, 121, 50, 11, 1);4;1/24;1;1/24*t^4 + 5/12*t^3 + 35/24*t^2 + 25/12*t + 1;(1, 5, 10, 10, 5, 1)
1|2|4;2|2|2|1;2;1;1;0;3;6;1/6;120;1/6*t^6 + 3/2*t^5 + 16/3*t^4 + 29/3*t^3 + 19/2*t^2 + 29/6*t + 1;(1, 32, 96, 128, 96, 42, 10, 1);4;1/24;1;1/24*t^4 + 5/12*t^3 + 35/24*t^2 + 25/12*t + 1;(1, 5, 10, 10, 5, 1)
1|2|4;2|2|3;1;0;1;0;1;6;1/6;120;1/6*t^6 + 3/2*t^5 + 16/3*t^4 + 29/3*t^3 + 19/2*t^2 + 29/6*t + 1;(1, 32, 96, 128, 96, 42, 10, 1);4;1/24;1;1/24*t^4 + 5/12*t^3 + 35/24*t^2 + 25/12*t + 1;(1, 5, 10, 10, 5, 1)
1|2|4;2|3|1|1;2;0;2;0;2;5;1/3;40;1/3*t^5 + 13/6*t^4 + 11/2*t^3 + 41/6*t^2 + 25/6*t + 1;(1, 20, 52, 57, 32, 9, 1);4;1/24;1;1/24*t^4 + 5/12*t^3 + 35/24*t^2 + 25/12*t + 1;(1, 5, 10, 10, 5, 1)
1|2|4;2|3|2;1;0;1;0;1;6;1/4;180;1/4*t^6 + 2*t^5 + 13/2*t^4 + 11*t^3 + 41/4*t^2 + 5*t + 1;(1, 36, 116, 161, 120, 50, 11, 1);5;1/120;1;1/120*t^5 + 1/8*t^4 + 17/24*t^3 + 15/8*t^2 + 137/60*t + 1;(1, 6, 15, 20, 15, 6, 1)
1|2|4;2|4|1;1;0;1;0;1;6;1/12;60;1/12*t^6 + 5/6*t^5 + 10/3*t^4 + 41/6*t^3 + 91/12*t^2 + 13/3*t + 1;(1, 24, 76, 110, 89, 41, 10, 1);3;1/6;1;1/6*t^3 + t^2 + 11/6*t + 1;(1, 4, 6, 4, 1)
1|2|4;2|5;1;0;1;0;1;6;1/24;30;1/24*t^6 + 1/2*t^5 + 7/3*t^4 + 65/12*t^3 + 53/8*t^2 + 49/12*t + 1;(1, 20, 60, 85, 70, 34, 9, 1);3;1/6;1;1/6*t^3 + t^2 + 11/6*t + 1;(1, 4, 6, 4, 1)
1|2|4;3|1|1|1|1;3;0;3;0;3;4;1/4;6;1/4*t^4 + 3/2*t^3 + 13/4*t^2 + 3*t + 1;(1, 9, 18, 15, 6, 1);1;1;1;t + 1;(1, 2, 1)
1|2|4;3|1|1|2;2;0;2;0;2;5;1/6;20;1/6*t^5 + 5/4*t^4 + 11/3*t^3 + 21/4*t^2 + 11/3*t + 1;(1, 15, 39, 44, 26, 8, 1);1;1;1;t + 1;(1, 2, 1)
1|2|4;3|1|2|1;3;1;2;0;4;5;1/12;10;1/12*t^5 + 3/4*t^4 + 31/12*t^3 + 17/4*t^2 + 10/3*t + 1;(1, 12, 30, 34, 21, 7, 1);1;1;1;t + 1;(1, 2, 1)
1|2|4;3|1|3;2;0;2;0;2;5;1/12;10;1/12*t^5 + 3/4*t^4 + 31/12*t^3 + 17/4*t^2 + 10/3*t + 1;(1, 12, 30, 34, 21, 7, 1);1;1;1;t + 1;(1, 2, 1)
1|2|4;3|2|1|1;2;0;2;0;2;5;1/6;20;1/6*t^5 + 5/4*t^4 + 11/3*t^3 + 21/4*t^2 + 11/3*t + 1;(1, 15, 39, 44, 26, 8, 1);1;1;1;t + 1;(1, 2, 1)
1|2|4;3|2|2;2;1;1;0;3;6;1/8;90;1/8*t^6 + 9/8*t^5 + 33/8*t^4 + 63/8*t^3 + 33/4*t^2 + 9/2*t + 1;(1, 27, 87, 123, 95, 42, 10, 1);1;1;1;t + 1;(1, 2, 1)
1|2|4;3|3|1;2;0;2;0;2;5;1/12;10;1/12*t^5 + 3/4*t^4 + 31/12*t^3 + 17/4*t^2 + 10/3*t + 1;(1, 12, 30, 34, 21, 7, 1);1;1;1;t + 1;(1, 2, 1)
1|2|4;3|4;3;2;1;0;5;6;1/48;15;1/48*t^6 + 13/48*t^5 + 67/48*t^4 + 175/48*t^3 + 61/12*t^2 + 43/12*t + 1;(1, 15, 45, 65, 55, 28, 8, 1);1;1;1;t + 1;(1, 2, 1)
1|2|4;4|1|1|1;3;1;2;0;4;5;1/12;10;1/12*t^5 + 3/4*t^4 + 31/12*t^3 + 17/4*t^2 + 10/3*t + 1;(1, 12, 30, 34, 21, 7, 1);2;1/2;1;1/2*t^2 + 3/2*t + 1;(1, 3, 3, 1)
1|2|4;4|1|2;2;1;1;0;3;6;1/18;40;1/18*t^6 + 7/12*t^5 + 89/36*t^4 + 65/12*t^3 + 233/36*t^2 + 4*t + 1;(1, 20, 62, 88, 71, 34, 9, 1);2;1/2;1;1/2*t^2 + 3/2*t + 1;(1, 3, 3, 1)
1|2|4;4|2|1;3;2;1;0;5;6;1/36;20;1/36*t^6 + 1/3*t^5 + 29/18*t^4 + 4*t^3 + 193/36*t^2 + 11/3*t + 1;(1, 16, 48, 68, 56, 28, 8, 1);2;1/2;1;1/2*t^2 + 3/2*t + 1;(1, 3, 3, 1)
1|2|4;4|3;2;1;1;0;3;6;1/36;20;1/36*t^6 + 1/3*t^5 + 29/18*t^4 + 4*t^3 + 193/36*t^2 + 11/3*t + 1;(1, 16, 48, 68, 56, 28, 8, 1);2;1/2;1;1/2*t^2 + 3/2*t + 1;(1, 3, 3, 1)
1|2|4;5|1|1;2;0;2;0;2;5;3/40;9;3/40*t^5 + 2/3*t^4 + 55/24*t^3 + 23/6*t^2 + 47/15*t + 1;(1, 11, 31, 39, 25, 8, 1);2;1/2;1;1/2*t^2 + 3/2*t + 1;(1, 3, 3, 1)
1|2|4;5|2;1;0;1;0;1;6;19/360;38;19/360*t^6 + 11/20*t^5 + 167/72*t^4 + 61/12*t^3 + 1103/180*t^2 + 58/15*t + 1;(1, 19, 67, 105, 88, 41, 10, 1);3;1/6;1;1/6*t^3 + t^2 + 11/6*t + 1;(1, 4, 6, 4, 1)
1|2|4;6|1;1;0;1;0;1;6;1/40;18;1/40*t^6 + 3/10*t^5 + 35/24*t^4 + 11/3*t^3 + 301/60*t^2 + 53/15*t + 1;(1, 15, 55, 92, 82, 40, 10, 1);1;1;1;t + 1;(1, 2, 1)
1|2|4;7;2;1;1;0;3;6;1/90;8;1/90*t^6 + 19/120*t^5 + 65/72*t^4 + 21/8*t^3 + 1471/360*t^2 + 193/60*t + 1;(1, 12, 42, 70, 64, 33, 9, 1);1;1;1;t + 1;(1, 2, 1)
1|3|1|1|1;1|3|1|1|1;6;1;0;5;2;2;1/2;1;1/2*t^2 + 3/2*t + 1;(1, 3, 3, 1);0;1;1;1;(1, 1)
1|3|1|1|1;1|3|1|2;5;1;1;3;3;3;1/2;3;1/2*t^3 + 2*t^2 + 5/2*t + 1;(1, 6, 9, 5, 1);0;1;1;1;(1, 1)
1|3|1|1|1;1|3|2|1;5;1;1;3;3;3;1/2;3;1/2*t^3 + 2*t^2 + 5/2*t + 1;(1, 6, 9, 5, 1);0;1;1;1;(1, 1)
1|3|1|1|1;1|3|3;5;1;1;3;3;3;1/2;3;1/2*t^3 + 2*t^2 + 5/2*t + 1;(1, 6, 9, 5, 1);0;1;1;1;(1, 1)
1|3|1|1|1;1|4|1|1;4;0;1;3;1;3;1/6;1;1/6*t^3 + t^2 + 11/6*t + 1;(1, 4, 6, 4, 1);0;1;1;1;(1, 1)
1|3|1|1|1;1|4|2;3;0;2;1;2;4;1/6;4;1/6*t^4 + 7/6*t^3 + 17/6*t^2 + 17/6*t + 1;(1, 8, 16, 14, 6, 1);0;1;1;1;(1, 1)
1|3|1|1|1;1|5|1;4;0;2;2;2;3;1/6;1;1/6*t^3 + t^2 + 11/6*t + 1;(1, 4, 6, 4, 1);0;1;1;1;(1, 1)
1|3|1|1|1;1|6;3;0;2;1;2;4;1/12;2;1/12*t^4 + 2/3*t^3 + 23/12*t^2 + 7/3*t + 1;(1, 6, 13, 13, 6, 1);0;1;1;1;(1, 1)
1|3|1|1|1;2|1|1|1|1|1;5;0;1;4;1;2;1;2;t^2 + 2*t + 1;(1, 4, 4, 1);2;1/2;1;1/2*t^2 + 3/2*t + 1;(1, 3, 3, 1)
1|3|1|1|1;2|1|1|1|2;4;0;2;2;2;3;1;6;t^3 + 3*t^2 + 3*t + 1;(1, 8, 12, 6, 1);2;1/2;1;1/2*t^2 + 3/2*t + 1;(1, 3, 3, 1)
1|3|1|1|1;2|1|1|2|1;4;0;2;2;2;3;1;6;t^3 + 3*t^2 + 3*t + 1;(1, 8, 12, 6, 1);2;1/2;1;1/2*t^2 + 3/2*t + 1;(1, 3, 3, 1)
1|3|1|1|1;2|1|1|3;4;0;2;2;2;3;1;6;t^3 + 3*t^2 + 3*t + 1;(1, 8, 12, 6, 1);2;1/2;1;1/2*t^2 + 3/2*t + 1;(1, 3, 3, 1)
1|3|1|1|1;2|1|2|1|1;4;0;1;3;1;3;1;6;t^3 + 3*t^2 + 3*t + 1;(1, 8, 12, 6, 1);3;1/6;1;1/6*t^3 + t^2 + 11/6*t + 1;(1, 4, 6, 4, 1)
1|3|1|1|1;2|1|2|2;3;0;2;1;2;4;1;24;t^4 + 4*t^3 + 6*t^2 + 4*t + 1;(1, 16, 32, 24, 8, 1);3;1/6;1;1/6*t^3 + t^2 + 11/6*t + 1;(1, 4, 6, 4, 1)
1|3|1|1|1;2|1|3|1;4;0;1;3;1;3;1;6;t^3 + 3*t^2 + 3*t + 1;(1, 8, 12, 6, 1);3;1/6;1;1/6*t^3 + t^2 + 11/6*t + 1;(1, 4, 6, 4, 1)
1|3|1|1|1;2|1|4;3;0;2;1;2;4;1/2;12;1/2*t^4 + 5/2*t^3 + 9/2*t^2 + 7/2*t + 1;(1, 12, 24, 19, 7, 1);3;1/6;1;1/6*t^3 + t^2 + 11/6*t + 1;(1, 4, 6, 4, 1)
1|3|1|1|1;2|2|1|1|1;4;0;1;3;1;3;1/2;3;1/2*t^3 + 2*t^2 + 5/2*t + 1;(1, 6, 9, 5, 1);2;1/2;1;1/2*t^2 + 3/2*t + 1;(1, 3, 3, 1)
1|3|1|1|1;2|2|1|2;3;0;2;1;2;4;1/2;12;1/2*t^4 + 5/2*t^3 + 9/2*t^2 + 7/2*t + 1;(1, 12, 24, 19, 7, 1);2;1/2;1;1/2*t^2 + 3/2*t + 1;(1, 3, 3, 1)
1|3|1|1|1;2|2|2|1;3;0;2;1;2;4;1/2;12;1/2*t^4 + 5/2*t^3 + 9/2*t^2 + 7/2*t + 1;(1, 12, 24, 19, 7, 1);2;1/2;1;1/2*t^2 + 3/2*t + 1;(1, 3, 3, 1)
1|3|1|1|1;2|2|3;3;0;2;1;2;4;1/2;12;1/2*t^4 + 5/2*t^3 + 9/2*t^2 + 7/2*t + 1;(1, 12, 24, 19, 7, 1);2;1/2;1;1/2*t^2 + 3/2*t + 1;(1, 3, 3, 1)
1|3|1|1|1;2|3|1|1;4;0;2;2;2;3;1/2;3;1/2*t^3 + 2*t^2 + 5/2*t + 1;(1, 6, 9, 5, 1);2;1/2;1;1/2*t^2 + 3/2*t + 1;(1, 3, 3, 1)
1|3|1|1|1;2|3|2;3;0;3;0;3;4;1/2;12;1/2*t^4 + 5/2*t^3 + 9/2*t^2 + 7/2*t + 1;(1, 12, 24, 19, 7, 1);2;1/2;1;1/2*t^2 + 3/2*t + 1;(1, 3, 3, 1)
1|3|1|1|1;2|4|1;3;0;2;1;2;4;1/3;8;1/3*t^4 + 11/6*t^3 + 11/3*t^2 + 19/6*t + 1;(1, 10, 21, 18, 7, 1);3;1/6;1;1/6*t^3 + t^2 + 11/6*t + 1;(1, 4, 6, 4, 1)
1|3|1|1|1;2|5;3;0;2;1;2;4;1/3;8;1/3*t^4 + 11/6*t^3 + 11/3*t^2 + 19/6*t + 1;(1, 10, 21, 18, 7, 1);3;1/6;1;1/6*t^3 + t^2 + 11/6*t + 1;(1, 4, 6, 4, 1)
1|3|1|1|1;3|1|1|1|1;5;0;2;3;2;2;1/2;1;1/2*t^2 + 3/2*t + 1;(1, 3, 3, 1);1;1;1;t + 1;(1, 2, 1)
1|3|1|1|1;3|1|1|2;4;0;3;1;3;3;1/2;3;1/2*t^3 + 2*t^2 + 5/2*t + 1;(1, 6, 9, 5, 1);1;1;1;t + 1;(1, 2, 1)
1|3|1|1|1;3|1|2|1;4;0;3;1;3;3;1/2;3;1/2*t^3 + 2*t^2 + 5/2*t + 1;(1, 6, 9, 5, 1);1;1;1;t + 1;(1, 2, 1)
1|3|1|1|1;3|1|3;4;0;3;1;3;3;1/2;3;1/2*t^3 + 2*t^2 + 5/2*t + 1;(1, 6, 9, 5, 1);1;1;1;t + 1;(1, 2, 1)
1|3|1|1|1;3|2|1|1;4;0;2;2;2;3;1/2;3;1/2*t^3 + 2*t^2 + 5/2*t + 1;(1, 6, 9, 5, 1);1;1;1;t + 1;(1, 2, 1)
1|3|1|1|1;3|2|2;3;0;3;0;3;4;1/2;12;1/2*t^4 + 5/2*t^3 + 9/2*t^2 + 7/2*t + 1;(1, 12, 24, 19, 7, 1);1;1;1;t + 1;(1, 2, 1)
1|3|1|1|1;3|3|1;4;0;2;2;2;3;1/2;3;1/2*t^3 + 2*t^2 + 5/2*t + 1;(1, 6, 9, 5, 1);1;1;1;t + 1;(1, 2, 1)
1|3|1|1|1;3|4;3;0;3;0;3;4;1/4;6;1/4*t^4 + 3/2*t^3 + 13/4*t^2 + 3*t + 1;(1, 9, 18, 15, 6, 1);1;1;1;t + 1;(1, 2, 1)
1|3|1|1|1;4|1|1|1;4;0;1;3;1;3;1/6;1;1/6*t^3 + t^2 + 11/6*t + 1;(1, 4, 6, 4, 1);1;1;1;t + 1;(1, 2, 1)
1|3|1|1|1;4|1|2;3;0;2;1;2;4;1/6;4;1/6*t^4 + 7/6*t^3 + 17/6*t^2 + 17/6*t + 1;(1, 8, 16, 14, 6, 1);1;1;1;t + 1;(1, 2, 1)
1|3|1|1|1;4|2|1;3;0;2;1;2;4;1/6;4;1/6*t^4 + 7/6*t^3 + 17/6*t^2 + 17/6*t + 1;(1, 8, 16, 14, 6, 1);1;1;1;t + 1;(1, 2, 1)
1|3|1|1|1;4|3;3;0;2;1;2;4;1/6;4;1/6*t^4 + 7/6*t^3 + 17/6*t^2 + 17/6*t + 1;(1, 8, 16, 14, 6, 1);1;1;1;t + 1;(1, 2, 1)
1|3|1|1|1;5|1|1;5;1;1;3;3;3;1/6;1;1/6*t^3 + t^2 + 11/6*t + 1;(1, 4, 6, 4, 1);1;1;1;t + 1;(1, 2, 1)
1|3|1|1|1;5|2;4;1;2;1;4;4;1/6;4;1/6*t^4 + 7/6*t^3 + 17/6*t^2 + 17/6*t + 1;(1, 8, 16, 14, 6, 1);1;1;1;t + 1;(1, 2, 1)
1|3|1|1|1;6|1;3;0;2;1;2;4;1/24;1;1/24*t^4 + 5/12*t^3 + 35/24*t^2 + 25/12*t + 1;(1, 5, 10, 10, 5, 1);1;1;1;t + 1;(1, 2, 1)
1|3|1|1|1;7;3;0;3;0;3;4;1/24;1;1/24*t^4 + 5/12*t^3 + 35/24*t^2 + 25/12*t + 1;(1, 5, 10, 10, 5, 1);1;1;1;t + 1;(1, 2, 1)
1|3|1|2;1|3|1|2;5;2;0;3;4;4;1/4;6;1/4*t^4 + 3/2*t^3 + 13/4*t^2 + 3*t + 1;(1, 9, 18, 15, 6, 1);0;1;1;1;(1, 1)
1|3|1|2;1|3|2|1;4;1;1;2;3;4;1/2;12;1/2*t^4 + 5/2*t^3 + 9/2*t^2 + 7/2*t + 1;(1, 12, 24, 19, 7, 1);0;1;1;1;(1, 1)
1|3|1|2;1|3|3;4;1;1;2;3;4;1/4;6;1/4*t^4 + 3/2*t^3 + 13/4*t^2 + 3*t + 1;(1, 9, 18, 15, 6, 1);0;1;1;1;(1, 1)
1|3|1|2;1|4|1|1;3;0;2;1;2;4;1/6;4;1/6*t^4 + 7/6*t^3 + 17/6*t^2 + 17/6*t + 1;(1, 8, 16, 14, 6, 1);0;1;1;1;(1, 1)
1|3|1|2;1|4|2;3;1;1;1;3;5;1/12;10;1/12*t^5 + 3/4*t^4 + 31/12*t^3 + 17/4*t^2 + 10/3*t + 1;(1, 12, 30, 34, 21, 7, 1);0;1;1;1;(1, 1)
1|3|1|2;1|5|1;3;0;2;1;2;4;1/6;4;1/6*t^4 + 7/6*t^3 + 17/6*t^2 + 17/6*t + 1;(1, 8, 16, 14, 6, 1);0;1;1;1;(1, 1)
1|3|1|2;1|6;2;0;1;1;1;5;1/15;8;1/15*t^5 + 5/8*t^4 + 9/4*t^3 + 31/8*t^2 + 191/60*t + 1;(1, 11, 31, 39, 25, 8, 1);0;1;1;1;(1, 1)
1|3|1|2;2|1|1|1|1|1;4;0;2;2;2;3;1;6;t^3 + 3*t^2 + 3*t + 1;(1, 8, 12, 6, 1);2;1/2;1;1/2*t^2 + 3/2*t + 1;(1, 3, 3, 1)
1|3|1|2;2|1|1|1|2;4;1;1;2;3;4;1/2;12;1/2*t^4 + 5/2*t^3 + 9/2*t^2 + 7/2*t + 1;(1, 12, 24, 19, 7, 1);2;1/2;1;1/2*t^2 + 3/2*t + 1;(1, 3, 3, 1)
1|3|1|2;2|1|1|2|1;3;0;2;1;2;4;1;24;t^4 + 4*t^3 + 6*t^2 + 4*t + 1;(1, 16, 32, 24, 8, 1);2;1/2;1;1/2*t^2 + 3/2*t + 1;(1, 3, 3, 1)
1|3|1|2;2|1|1|3;3;0;2;1;2;4;1/2;12;1/2*t^4 + 5/2*t^3 + 9/2*t^2 + 7/2*t + 1;(1, 12, 24, 19, 7, 1);2;1/2;1;1/2*t^2 + 3/2*t + 1;(1, 3, 3, 1)
1|3|1|2;2|1|2|1|1;3;0;2;1;2;4;1;24;t^4 + 4*t^3 + 6*t^2 + 4*t + 1;(1, 16, 32, 24, 8, 1);3;1/6;1;1/6*t^3 + t^2 + 11/6*t + 1;(1, 4, 6, 4, 1)
1|3|1|2;2|1|2|2;3;1;1;1;3;5;1/2;60;1/2*t^5 + 3*t^4 + 7*t^3 + 8*t^2 + 9/2*t + 1;(1, 24, 60, 62, 33, 9, 1);3;1/6;1;1/6*t^3 + t^2 + 11/6*t + 1;(1, 4, 6, 4, 1)
1|3|1|2;2|1|3|1;3;0;1;2;1;4;1;24;t^4 + 4*t^3 + 6*t^2 + 4*t + 1;(1, 16, 32, 24, 8, 1);4;1/24;1;1/24*t^4 + 5/12*t^3 + 35/24*t^2 + 25/12*t + 1;(1, 5, 10, 10, 5, 1)
1|3|1|2;2|1|4;2;0;1;1;1;5;1/3;40;1/3*t^5 + 13/6*t^4 + 11/2*t^3 + 41/6*t^2 + 25/6*t + 1;(1, 20, 52, 57, 32, 9, 1);3;1/6;1;1/6*t^3 + t^2 + 11/6*t + 1;(1, 4, 6, 4, 1)
1|3|1|2;2|2|1|1|1;3;0;2;1;2;4;1/2;12;1/2*t^4 + 5/2*t^3 + 9/2*t^2 + 7/2*t + 1;(1, 12, 24, 19, 7, 1);2;1/2;1;1/2*t^2 + 3/2*t + 1;(1, 3, 3, 1)
1|3|1|2;2|2|1|2;3;1;1;1;3;5;1/4;30;1/4*t^5 + 7/4*t^4 + 19/4*t^3 + 25/4*t^2 + 4*t + 1;(1, 18, 45, 48, 27, 8, 1);2;1/2;1;1/2*t^2 + 3/2*t + 1;(1, 3, 3, 1)
1|3|1|2;2|2|2|1;2;0;2;0;2;5;1/2;60;1/2*t^5 + 3*t^4 + 7*t^3 + 8*t^2 + 9/2*t + 1;(1, 24, 60, 62, 33, 9, 1);2;1/2;1;1/2*t^2 + 3/2*t + 1;(1, 3, 3, 1)
1|3|1|2;2|2|3;2;0;2;0;2;5;1/4;30;1/4*t^5 + 7/4*t^4 + 19/4*t^3 + 25/4*t^2 + 4*t + 1;(1, 18, 45, 48, 27, 8, 1);2;1/2;1;1/2*t^2 + 3/2*t + 1;(1, 3, 3, 1)
1|3|1|2;2|3|1|1;3;0;3;0;3;4;1/2;12;1/2*t^4 + 5/2*t^3 + 9/2*t^2 + 7/2*t + 1;(1, 12, 24, 19, 7, 1);2;1/2;1;1/2*t^2 + 3/2*t + 1;(1, 3, 3, 1)
1|3|1|2;2|3|2;3;1;2;0;4;5;1/4;30;1/4*t^5 + 7/4*t^4 + 19/4*t^3 + 25/4*t^2 + 4*t + 1;(1, 18, 45, 48, 27, 8, 1);2;1/2;1;1/2*t^2 + 3/2*t + 1;(1, 3, 3, 1)
1|3|1|2;2|4|1;2;0;2;0;2;5;1/3;40;1/3*t^5 + 13/6*t^4 + 11/2*t^3 + 41/6*t^2 + 25/6*t + 1;(1, 20, 52, 57, 32, 9, 1);3;1/6;1;1/6*t^3 + t^2 + 11/6*t + 1;(1, 4, 6, 4, 1)
1|3|1|2;2|5;2;0;1;1;1;5;1/4;30;1/4*t^5 + 7/4*t^4 + 19/4*t^3 + 25/4*t^2 + 4*t + 1;(1, 18, 49, 56, 32, 9, 1);4;1/24;1;1/24*t^4 + 5/12*t^3 + 35/24*t^2 + 25/12*t + 1;(1, 5, 10, 10, 5, 1)
1|3|1|2;3|1|1|1|1;4;0;3;1;3;3;1/2;3;1/2*t^3 + 2*t^2 + 5/2*t + 1;(1, 6, 9, 5, 1);1;1;1;t + 1;(1, 2, 1)
1|3|1|2;3|1|1|2;4;1;2;1;4;4;1/4;6;1/4*t^4 + 3/2*t^3 + 13/4*t^2 + 3*t + 1;(1, 9, 18, 15, 6, 1);1;1;1;t + 1;(1, 2, 1)
1|3|1|2;3|1|2|1;3;0;3;0;3;4;1/2;12;1/2*t^4 + 5/2*t^3 + 9/2*t^2 + 7/2*t + 1;(1, 12, 24, 19, 7, 1);1;1;1;t + 1;(1, 2, 1)
1|3|1|2;3|1|3;3;0;3;0;3;4;1/4;6;1/4*t^4 + 3/2*t^3 + 13/4*t^2 + 3*t + 1;(1, 9, 18, 15, 6, 1);1;1;1;t + 1;(1, 2, 1)
1|3|1|2;3|2|1|1;3;0;3;0;3;4;1/2;12;1/2*t^4 + 5/2*t^3 + 9/2*t^2 + 7/2*t + 1;(1, 12, 24, 19, 7, 1);1;1;1;t + 1;(1, 2, 1)
1|3|1|2;3|2|2;3;1;2;0;4;5;1/4;30;1/4*t^5 + 7/4*t^4 + 19/4*t^3 + 25/4*t^2 + 4*t + 1;(1, 18, 45, 48, 27, 8, 1);1;1;1;t + 1;(1, 2, 1)
1|3|1|2;3|3|1;3;0;2;1;2;4;1/2;12;1/2*t^4 + 5/2*t^3 + 9/2*t^2 + 7/2*t + 1;(1, 12, 24, 19, 7, 1);1;1;1;t + 1;(1, 2, 1)
1|3|1|2;3|4;2;0;2;0;2;5;1/6;20;1/6*t^5 + 5/4*t^4 + 11/3*t^3 + 21/4*t^2 + 11/3*t + 1;(1, 15, 39, 44, 26, 8, 1);1;1;1;t + 1;(1, 2, 1)
1|3|1|2;4|1|1|1;3;0;2;1;2;4;1/6;4;1/6*t^4 + 7/6*t^3 + 17/6*t^2 + 17/6*t + 1;(1, 8, 16, 14, 6, 1);1;1;1;t + 1;(1, 2, 1)
1|3|1|2;4|1|2;3;1;1;1;3;5;1/12;10;1/12*t^5 + 3/4*t^4 + 31/12*t^3 + 17/4*t^2 + 10/3*t + 1;(1, 12, 30, 34, 21, 7, 1);1;1;1;t + 1;(1, 2, 1)
1|3|1|2;4|2|1;2;0;2;0;2;5;1/6;20;1/6*t^5 + 4/3*t^4 + 4*t^3 + 17/3*t^2 + 23/6*t + 1;(1, 16, 40, 44, 26, 8, 1);1;1;1;t + 1;(1, 2, 1)
1|3|1|2;4|3;2;0;2;0;2;5;1/12;10;1/12*t^5 + 3/4*t^4 + 31/12*t^3 + 17/4*t^2 + 10/3*t + 1;(1, 12, 30, 34, 21, 7, 1);1;1;1;t + 1;(1, 2, 1)
1|3|1|2;5|1|1;4;1;2;1;4;4;1/6;4;1/6*t^4 + 7/6*t^3 + 17/6*t^2 + 17/6*t + 1;(1, 8, 16, 14, 6, 1);1;1;1;t + 1;(1, 2, 1)
1|3|1|2;5|2;4;2;1;1;5;5;1/12;10;1/12*t^5 + 3/4*t^4 + 31/12*t^3 + 17/4*t^2 + 10/3*t + 1;(1, 12, 30, 34, 21, 7, 1);1;1;1;t + 1;(1, 2, 1)
1|3|1|2;6|1;2;0;2;0;2;5;1/24;5;1/24*t^5 + 11/24*t^4 + 15/8*t^3 + 85/24*t^2 + 37/12*t + 1;(1, 10, 25, 30, 20, 7, 1);2;1/2;1;1/2*t^2 + 3/2*t + 1;(1, 3, 3, 1)
1|3|1|2;7;2;0;2;0;2;5;1/30;4;1/30*t^5 + 3/8*t^4 + 19/12*t^3 + 25/8*t^2 + 173/60*t + 1;(1, 9, 24, 30, 20, 7, 1);1;1;1;t + 1;(1, 2, 1)
1|3|2|1;1|3|2|1;5;2;0;3;4;4;1/4;6;1/4*t^4 + 3/2*t^3 + 13/4*t^2 + 3*t + 1;(1, 9, 18, 15, 6, 1);0;1;1;1;(1, 1)
1|3|2|1;1|3|3;4;1;1;2;3;4;1/4;6;1/4*t^4 + 3/2*t^3 + 13/4*t^2 + 3*t + 1;(1, 9, 18, 15, 6, 1);0;1;1;1;(1, 1)
1|3|2|1;1|4|1|1;3;0;1;2;1;4;1/6;4;1/6*t^4 + 7/6*t^3 + 17/6*t^2 + 17/6*t + 1;(1, 8, 16, 14, 6, 1);0;1;1;1;(1, 1)
1|3|2|1;1|4|2;2;0;1;1;1;5;1/6;20;1/6*t^5 + 4/3*t^4 + 4*t^3 + 17/3*t^2 + 23/6*t + 1;(1, 16, 40, 44, 26, 8, 1);0;1;1;1;(1, 1)
1|3|2|1;1|5|1;3;0;1;2;1;4;1/8;3;1/8*t^4 + 11/12*t^3 + 19/8*t^2 + 31/12*t + 1;(1, 7, 15, 14, 6, 1);0;1;1;1;(1, 1)
1|3|2|1;1|6;2;0;1;1;1;5;1/20;6;1/20*t^5 + 1/2*t^4 + 23/12*t^3 + 7/2*t^2 + 91/30*t + 1;(1, 10, 29, 38, 25, 8, 1);0;1;1;1;(1, 1)
1|3|2|1;2|1|1|1|1|1;4;0;2;2;2;3;1;6;t^3 + 3*t^2 + 3*t + 1;(1, 8, 12, 6, 1);2;1/2;1;1/2*t^2 + 3/2*t + 1;(1, 3, 3, 1)
1|3|2|1;2|1|1|1|2;3;0;2;1;2;4;1;24;t^4 + 4*t^3 + 6*t^2 + 4*t + 1;(1, 16, 32, 24, 8, 1);2;1/2;1;1/2*t^2 + 3/2*t + 1;(1, 3, 3, 1)
1|3|2|1;2|1|1|2|1;4;1;1;2;3;4;1/2;12;1/2*t^4 + 5/2*t^3 + 9/2*t^2 + 7/2*t + 1;(1, 12, 24, 19, 7, 1);2;1/2;1;1/2*t^2 + 3/2*t + 1;(1, 3, 3, 1)
1|3|2|1;2|1|1|3;3;0;2;1;2;4;1/2;12;1/2*t^4 + 5/2*t^3 + 9/2*t^2 + 7/2*t + 1;(1, 12, 24, 19, 7, 1);2;1/2;1;1/2*t^2 + 3/2*t + 1;(1, 3, 3, 1)
1|3|2|1;2|1|2|1|1;3;0;1;2;1;4;1;24;t^4 + 4*t^3 + 6*t^2 + 4*t + 1;(1, 16, 32, 24, 8, 1);4;1/24;1;1/24*t^4 + 5/12*t^3 + 35/24*t^2 + 25/12*t + 1;(1, 5, 10, 10, 5, 1)
1|3|2|1;2|1|2|2;2;0;1;1;1;5;1;120;t^5 + 5*t^4 + 10*t^3 + 10*t^2 + 5*t + 1;(1, 32, 80, 80, 40, 10, 1);5;1/120;1;1/120*t^5 + 1/8*t^4 + 17/24*t^3 + 15/8*t^2 + 137/60*t + 1;(1, 6, 15, 20, 15, 6, 1)
1|3|2|1;2|1|3|1;3;0;1;2;1;4;1/2;12;1/2*t^4 + 5/2*t^3 + 9/2*t^2 + 7/2*t + 1;(1, 12, 24, 19, 7, 1);3;1/6;1;1/6*t^3 + t^2 + 11/6*t + 1;(1, 4, 6, 4, 1)
1|3|2|1;2|1|4;3;1;1;1;3;5;1/6;20;1/6*t^5 + 4/3*t^4 + 4*t^3 + 17/3*t^2 + 23/6*t + 1;(1, 16, 40, 44, 26, 8, 1);3;1/6;1;1/6*t^3 + t^2 + 11/6*t + 1;(1, 4, 6, 4, 1)
1|3|2|1;2|2|1|1|1;3;0;2;1;2;4;1/2;12;1/2*t^4 + 5/2*t^3 + 9/2*t^2 + 7/2*t + 1;(1, 12, 24, 19, 7, 1);2;1/2;1;1/2*t^2 + 3/2*t + 1;(1, 3, 3, 1)
1|3|2|1;2|2|1|2;2;0;2;0;2;5;1/2;60;1/2*t^5 + 3*t^4 + 7*t^3 + 8*t^2 + 9/2*t + 1;(1, 24, 60, 62, 33, 9, 1);2;1/2;1;1/2*t^2 + 3/2*t + 1;(1, 3, 3, 1)
1|3|2|1;2|2|2|1;3;1;1;1;3;5;1/4;30;1/4*t^5 + 7/4*t^4 + 19/4*t^3 + 25/4*t^2 + 4*t + 1;(1, 18, 45, 48, 27, 8, 1);2;1/2;1;1/2*t^2 + 3/2*t + 1;(1, 3, 3, 1)
1|3|2|1;2|2|3;2;0;2;0;2;5;1/4;30;1/4*t^5 + 7/4*t^4 + 19/4*t^3 + 25/4*t^2 + 4*t + 1;(1, 18, 45, 48, 27, 8, 1);2;1/2;1;1/2*t^2 + 3/2*t + 1;(1, 3, 3, 1)
1|3|2|1;2|3|1|1;3;0;2;1;2;4;1/2;12;1/2*t^4 + 5/2*t^3 + 9/2*t^2 + 7/2*t + 1;(1, 12, 24, 19, 7, 1);2;1/2;1;1/2*t^2 + 3/2*t + 1;(1, 3, 3, 1)
1|3|2|1;2|3|2;2;0;2;0;2;5;1/2;60;1/2*t^5 + 3*t^4 + 7*t^3 + 8*t^2 + 9/2*t + 1;(1, 24, 60, 62, 33, 9, 1);2;1/2;1;1/2*t^2 + 3/2*t + 1;(1, 3, 3, 1)
1|3|2|1;2|4|1;2;0;1;1;1;5;1/4;30;1/4*t^5 + 7/4*t^4 + 19/4*t^3 + 25/4*t^2 + 4*t + 1;(1, 18, 49, 56, 32, 9, 1);4;1/24;1;1/24*t^4 + 5/12*t^3 + 35/24*t^2 + 25/12*t + 1;(1, 5, 10, 10, 5, 1)
1|3|2|1;2|5;2;0;2;0;2;5;1/8;15;1/8*t^5 + 25/24*t^4 + 79/24*t^3 + 119/24*t^2 + 43/12*t + 1;(1, 14, 37, 43, 26, 8, 1);3;1/6;1;1/6*t^3 + t^2 + 11/6*t + 1;(1, 4, 6, 4, 1)
1|3|2|1;3|1|1|1|1;4;0;3;1;3;3;1/2;3;1/2*t^3 + 2*t^2 + 5/2*t + 1;(1, 6, 9, 5, 1);1;1;1;t + 1;(1, 2, 1)
1|3|2|1;3|1|1|2;3;0;3;0;3;4;1/2;12;1/2*t^4 + 5/2*t^3 + 9/2*t^2 + 7/2*t + 1;(1, 12, 24, 19, 7, 1);1;1;1;t + 1;(1, 2, 1)
1|3|2|1;3|1|2|1;4;1;2;1;4;4;1/4;6;1/4*t^4 + 3/2*t^3 + 13/4*t^2 + 3*t + 1;(1, 9, 18, 15, 6, 1);1;1;1;t + 1;(1, 2, 1)
1|3|2|1;3|1|3;3;0;3;0;3;4;1/4;6;1/4*t^4 + 3/2*t^3 + 13/4*t^2 + 3*t + 1;(1, 9, 18, 15, 6, 1);1;1;1;t + 1;(1, 2, 1)
1|3|2|1;3|2|1|1;3;0;2;1;2;4;1/2;12;1/2*t^4 + 5/2*t^3 + 9/2*t^2 + 7/2*t + 1;(1, 12, 24, 19, 7, 1);1;1;1;t + 1;(1, 2, 1)
1|3|2|1;3|2|2;2;0;2;0;2;5;1/2;60;1/2*t^5 + 3*t^4 + 7*t^3 + 8*t^2 + 9/2*t + 1;(1, 24, 60, 62, 33, 9, 1);1;1;1;t + 1;(1, 2, 1)
1|3|2|1;3|3|1;3;0;2;1;2;4;1/4;6;1/4*t^4 + 3/2*t^3 + 13/4*t^2 + 3*t + 1;(1, 9, 18, 15, 6, 1);1;1;1;t + 1;(1, 2, 1)
1|3|2|1;3|4;3;1;2;0;4;5;1/12;10;1/12*t^5 + 3/4*t^4 + 31/12*t^3 + 17/4*t^2 + 10/3*t + 1;(1, 12, 30, 34, 21, 7, 1);1;1;1;t + 1;(1, 2, 1)
1|3|2|1;4|1|1|1;3;0;2;1;2;4;1/6;4;1/6*t^4 + 7/6*t^3 + 17/6*t^2 + 17/6*t + 1;(1, 8, 16, 14, 6, 1);1;1;1;t + 1;(1, 2, 1)
1|3|2|1;4|1|2;2;0;2;0;2;5;1/6;20;1/6*t^5 + 4/3*t^4 + 4*t^3 + 17/3*t^2 + 23/6*t + 1;(1, 16, 40, 44, 26, 8, 1);1;1;1;t + 1;(1, 2, 1)
1|3|2|1;4|2|1;3;1;1;1;3;5;1/12;10;1/12*t^5 + 3/4*t^4 + 31/12*t^3 + 17/4*t^2 + 10/3*t + 1;(1, 12, 30, 34, 21, 7, 1);1;1;1;t + 1;(1, 2, 1)
1|3|2|1;4|3;2;0;2;0;2;5;1/12;10;1/12*t^5 + 3/4*t^4 + 31/12*t^3 + 17/4*t^2 + 10/3*t + 1;(1, 12, 30, 34, 21, 7, 1);1;1;1;t + 1;(1, 2, 1)
1|3|2|1;5|1|1;4;1;1;2;3;4;1/6;4;1/6*t^4 + 7/6*t^3 + 17/6*t^2 + 17/6*t + 1;(1, 8, 16, 14, 6, 1);2;1/2;1;1/2*t^2 + 3/2*t + 1;(1, 3, 3, 1)
1|3|2|1;5|2;3;1;1;1;3;5;1/6;20;1/6*t^5 + 4/3*t^4 + 4*t^3 + 17/3*t^2 + 23/6*t + 1;(1, 16, 40, 44, 26, 8, 1);3;1/6;1;1/6*t^3 + t^2 + 11/6*t + 1;(1, 4, 6, 4, 1)
1|3|2|1;6|1;2;0;1;1;1;5;1/30;4;1/30*t^5 + 3/8*t^4 + 19/12*t^3 + 25/8*t^2 + 173/60*t + 1;(1, 9, 24, 30, 20, 7, 1);1;1;1;t + 1;(1, 2, 1)
1|3|2|1;7;2;0;2;0;2;5;1/40;3;1/40*t^5 + 7/24*t^4 + 31/24*t^3 + 65/24*t^2 + 161/60*t + 1;(1, 8, 22, 29, 20, 7, 1);1;1;1;t + 1;(1, 2, 1)
1|3|3;1|3|3;5;2;0;3;4;4;1/4;6;1/4*t^4 + 3/2*t^3 + 13/4*t^2 + 3*t + 1;(1, 9, 18, 15, 6, 1);0;1;1;1;(1, 1)
1|3|3;1|4|1|1;3;0;1;2;1;4;1/6;4;1/6*t^4 + 7/6*t^3 + 17/6*t^2 + 17/6*t + 1;(1, 8, 16, 14, 6, 1);0;1;1;1;(1, 1)
1|3|3;1|4|2;2;0;1;1;1;5;1/12;10;1/12*t^5 + 3/4*t^4 + 31/12*t^3 + 17/4*t^2 + 10/3*t + 1;(1, 12, 30, 34, 21, 7, 1);0;1;1;1;(1, 1)
1|3|3;1|5|1;3;0;2;1;2;4;1/8;3;1/8*t^4 + 11/12*t^3 + 19/8*t^2 + 31/12*t + 1;(1, 7, 15, 14, 6, 1);0;1;1;1;(1, 1)
1|3|3;1|6;3;1;1;1;3;5;1/20;6;1/20*t^5 + 1/2*t^4 + 23/12*t^3 + 7/2*t^2 + 91/30*t + 1;(1, 10, 29, 38, 25, 8, 1);0;1;1;1;(1, 1)
1|3|3;2|1|1|1|1|1;4;0;2;2;2;3;1;6;t^3 + 3*t^2 + 3*t + 1;(1, 8, 12, 6, 1);2;1/2;1;1/2*t^2 + 3/2*t + 1;(1, 3, 3, 1)
1|3|3;2|1|1|1|2;3;0;2;1;2;4;1/2;12;1/2*t^4 + 5/2*t^3 + 9/2*t^2 + 7/2*t + 1;(1, 12, 24, 19, 7, 1);2;1/2;1;1/2*t^2 + 3/2*t + 1;(1, 3, 3, 1)
1|3|3;2|1|1|2|1;3;0;2;1;2;4;1/2;12;1/2*t^4 + 5/2*t^3 + 9/2*t^2 + 7/2*t + 1;(1, 12, 24, 19, 7, 1);2;1/2;1;1/2*t^2 + 3/2*t + 1;(1, 3, 3, 1)
1|3|3;2|1|1|3;4;1;1;2;3;4;1/2;12;1/2*t^4 + 5/2*t^3 + 9/2*t^2 + 7/2*t + 1;(1, 12, 24, 19, 7, 1);2;1/2;1;1/2*t^2 + 3/2*t + 1;(1, 3, 3, 1)
1|3|3;2|1|2|1|1;3;0;1;2;1;4;1;24;t^4 + 4*t^3 + 6*t^2 + 4*t + 1;(1, 16, 32, 24, 8, 1);4;1/24;1;1/24*t^4 + 5/12*t^3 + 35/24*t^2 + 25/12*t + 1;(1, 5, 10, 10, 5, 1)
1|3|3;2|1|2|2;2;0;1;1;1;5;1/2;60;1/2*t^5 + 3*t^4 + 7*t^3 + 8*t^2 + 9/2*t + 1;(1, 24, 60, 62, 33, 9, 1);4;1/24;1;1/24*t^4 + 5/12*t^3 + 35/24*t^2 + 25/12*t + 1;(1, 5, 10, 10, 5, 1)
1|3|3;2|1|3|1;3;0;2;1;2;4;1/2;12;1/2*t^4 + 5/2*t^3 + 9/2*t^2 + 7/2*t + 1;(1, 12, 24, 19, 7, 1);3;1/6;1;1/6*t^3 + t^2 + 11/6*t + 1;(1, 4, 6, 4, 1)
1|3|3;2|1|4;2;0;1;1;1;5;1/6;20;1/6*t^5 + 4/3*t^4 + 4*t^3 + 17/3*t^2 + 23/6*t + 1;(1, 16, 40, 44, 26, 8, 1);3;1/6;1;1/6*t^3 + t^2 + 11/6*t + 1;(1, 4, 6, 4, 1)
1|3|3;2|2|1|1|1;3;0;2;1;2;4;1/2;12;1/2*t^4 + 5/2*t^3 + 9/2*t^2 + 7/2*t + 1;(1, 12, 24, 19, 7, 1);2;1/2;1;1/2*t^2 + 3/2*t + 1;(1, 3, 3, 1)
1|3|3;2|2|1|2;2;0;2;0;2;5;1/4;30;1/4*t^5 + 7/4*t^4 + 19/4*t^3 + 25/4*t^2 + 4*t + 1;(1, 18, 45, 48, 27, 8, 1);2;1/2;1;1/2*t^2 + 3/2*t + 1;(1, 3, 3, 1)
1|3|3;2|2|2|1;2;0;2;0;2;5;1/4;30;1/4*t^5 + 7/4*t^4 + 19/4*t^3 + 25/4*t^2 + 4*t + 1;(1, 18, 45, 48, 27, 8, 1);2;1/2;1;1/2*t^2 + 3/2*t + 1;(1, 3, 3, 1)
1|3|3;2|2|3;3;1;1;1;3;5;1/4;30;1/4*t^5 + 7/4*t^4 + 19/4*t^3 + 25/4*t^2 + 4*t + 1;(1, 18, 45, 48, 27, 8, 1);2;1/2;1;1/2*t^2 + 3/2*t + 1;(1, 3, 3, 1)
1|3|3;2|3|1|1;3;0;2;1;2;4;1/2;12;1/2*t^4 + 5/2*t^3 + 9/2*t^2 + 7/2*t + 1;(1, 12, 24, 19, 7, 1);2;1/2;1;1/2*t^2 + 3/2*t + 1;(1, 3, 3, 1)
1|3|3;2|3|2;2;0;2;0;2;5;1/4;30;1/4*t^5 + 7/4*t^4 + 19/4*t^3 + 25/4*t^2 + 4*t + 1;(1, 18, 45, 48, 27, 8, 1);2;1/2;1;1/2*t^2 + 3/2*t + 1;(1, 3, 3, 1)
1|3|3;2|4|1;2;0;2;0;2;5;1/4;30;1/4*t^5 + 7/4*t^4 + 19/4*t^3 + 25/4*t^2 + 4*t + 1;(1, 18, 49, 56, 32, 9, 1);4;1/24;1;1/24*t^4 + 5/12*t^3 + 35/24*t^2 + 25/12*t + 1;(1, 5, 10, 10, 5, 1)
1|3|3;2|5;2;0;2;0;2;5;1/8;15;1/8*t^5 + 25/24*t^4 + 79/24*t^3 + 119/24*t^2 + 43/12*t + 1;(1, 14, 37, 43, 26, 8, 1);3;1/6;1;1/6*t^3 + t^2 + 11/6*t + 1;(1, 4, 6, 4, 1)
1|3|3;3|1|1|1|1;4;0;3;1;3;3;1/2;3;1/2*t^3 + 2*t^2 + 5/2*t + 1;(1, 6, 9, 5, 1);1;1;1;t + 1;(1, 2, 1)
1|3|3;3|1|1|2;3;0;3;0;3;4;1/4;6;1/4*t^4 + 3/2*t^3 + 13/4*t^2 + 3*t + 1;(1, 9, 18, 15, 6, 1);1;1;1;t + 1;(1, 2, 1)
1|3|3;3|1|2|1;3;0;3;0;3;4;1/4;6;1/4*t^4 + 3/2*t^3 + 13/4*t^2 + 3*t + 1;(1, 9, 18, 15, 6, 1);1;1;1;t + 1;(1, 2, 1)
1|3|3;3|1|3;4;1;2;1;4;4;1/4;6;1/4*t^4 + 3/2*t^3 + 13/4*t^2 + 3*t + 1;(1, 9, 18, 15, 6, 1);1;1;1;t + 1;(1, 2, 1)
1|3|3;3|2|1|1;3;0;2;1;2;4;1/2;12;1/2*t^4 + 5/2*t^3 + 9/2*t^2 + 7/2*t + 1;(1, 12, 24, 19, 7, 1);1;1;1;t + 1;(1, 2, 1)
1|3|3;3|2|2;2;0;2;0;2;5;1/4;30;1/4*t^5 + 7/4*t^4 + 19/4*t^3 + 25/4*t^2 + 4*t + 1;(1, 18, 45, 48, 27, 8, 1);1;1;1;t + 1;(1, 2, 1)
1|3|3;3|3|1;3;0;3;0;3;4;1/4;6;1/4*t^4 + 3/2*t^3 + 13/4*t^2 + 3*t + 1;(1, 9, 18, 15, 6, 1);1;1;1;t + 1;(1, 2, 1)
1|3|3;3|4;2;0;2;0;2;5;1/12;10;1/12*t^5 + 3/4*t^4 + 31/12*t^3 + 17/4*t^2 + 10/3*t + 1;(1, 12, 30, 34, 21, 7, 1);1;1;1;t + 1;(1, 2, 1)
1|3|3;4|1|1|1;3;0;2;1;2;4;1/6;4;1/6*t^4 + 7/6*t^3 + 17/6*t^2 + 17/6*t + 1;(1, 8, 16, 14, 6, 1);1;1;1;t + 1;(1, 2, 1)
1|3|3;4|1|2;2;0;2;0;2;5;1/12;10;1/12*t^5 + 3/4*t^4 + 31/12*t^3 + 17/4*t^2 + 10/3*t + 1;(1, 12, 30, 34, 21, 7, 1);1;1;1;t + 1;(1, 2, 1)
1|3|3;4|2|1;2;0;2;0;2;5;1/12;10;1/12*t^5 + 3/4*t^4 + 31/12*t^3 + 17/4*t^2 + 10/3*t + 1;(1, 12, 30, 34, 21, 7, 1);1;1;1;t + 1;(1, 2, 1)
1|3|3;4|3;3;1;1;1;3;5;1/12;10;1/12*t^5 + 3/4*t^4 + 31/12*t^3 + 17/4*t^2 + 10/3*t + 1;(1, 12, 30, 34, 21, 7, 1);1;1;1;t + 1;(1, 2, 1)
1|3|3;5|1|1;4;1;1;2;3;4;1/6;4;1/6*t^4 + 7/6*t^3 + 17/6*t^2 + 17/6*t + 1;(1, 8, 16, 14, 6, 1);2;1/2;1;1/2*t^2 + 3/2*t + 1;(1, 3, 3, 1)
1|3|3;5|2;3;1;1;1;3;5;1/12;10;1/12*t^5 + 3/4*t^4 + 31/12*t^3 + 17/4*t^2 + 10/3*t + 1;(1, 12, 30, 34, 21, 7, 1);2;1/2;1;1/2*t^2 + 3/2*t + 1;(1, 3, 3, 1)
1|3|3;6|1;2;0;2;0;2;5;1/30;4;1/30*t^5 + 3/8*t^4 + 19/12*t^3 + 25/8*t^2 + 173/60*t + 1;(1, 9, 24, 30, 20, 7, 1);1;1;1;t + 1;(1, 2, 1)
1|3|3;7;2;0;2;0;2;5;1/40;3;1/40*t^5 + 7/24*t^4 + 31/24*t^3 + 65/24*t^2 + 161/60*t + 1;(1, 8, 22, 29, 20, 7, 1);1;1;1;t + 1;(1, 2, 1)
1|4|1|1;1|4|1|1;5;2;0;3;4;4;1/24;1;1/24*t^4 + 5/12*t^3 + 35/24*t^2 + 25/12*t + 1;(1, 5, 10, 10, 5, 1);0;1;1;1;(1, 1)
1|4|1|1;1|4|2;4;2;1;1;5;5;1/24;5;1/24*t^5 + 11/24*t^4 + 15/8*t^3 + 85/24*t^2 + 37/12*t + 1;(1, 10, 25, 30, 20, 7, 1);0;1;1;1;(1, 1)
1|4|1|1;1|5|1;3;0;1;2;1;4;1/24;1;1/24*t^4 + 5/12*t^3 + 35/24*t^2 + 25/12*t + 1;(1, 5, 10, 10, 5, 1);0;1;1;1;(1, 1)
1|4|1|1;1|6;2;0;1;1;1;5;1/60;2;1/60*t^5 + 5/24*t^4 + t^3 + 55/24*t^2 + 149/60*t + 1;(1, 7, 19, 26, 19, 7, 1);0;1;1;1;(1, 1)
1|4|1|1;2|1|1|1|1|1;4;0;2;2;2;3;1/2;3;1/2*t^3 + 2*t^2 + 5/2*t + 1;(1, 6, 9, 5, 1);2;1/2;1;1/2*t^2 + 3/2*t + 1;(1, 3, 3, 1)
1|4|1|1;2|1|1|1|2;3;0;3;0;3;4;1/2;12;1/2*t^4 + 5/2*t^3 + 9/2*t^2 + 7/2*t + 1;(1, 12, 24, 19, 7, 1);2;1/2;1;1/2*t^2 + 3/2*t + 1;(1, 3, 3, 1)
1|4|1|1;2|1|1|2|1;3;0;2;1;2;4;1/2;12;1/2*t^4 + 5/2*t^3 + 9/2*t^2 + 7/2*t + 1;(1, 12, 24, 19, 7, 1);3;1/6;1;1/6*t^3 + t^2 + 11/6*t + 1;(1, 4, 6, 4, 1)
1|4|1|1;2|1|1|3;3;0;2;1;2;4;1/2;12;1/2*t^4 + 5/2*t^3 + 9/2*t^2 + 7/2*t + 1;(1, 12, 24, 19, 7, 1);3;1/6;1;1/6*t^3 + t^2 + 11/6*t + 1;(1, 4, 6, 4, 1)
1|4|1|1;2|1|2|1|1;3;0;1;2;1;4;1/3;8;1/3*t^4 + 11/6*t^3 + 11/3*t^2 + 19/6*t + 1;(1, 10, 21, 18, 7, 1);2;1/2;1;1/2*t^2 + 3/2*t + 1;(1, 3, 3, 1)
1|4|1|1;2|1|2|2;2;0;2;0;2;5;1/3;40;1/3*t^5 + 13/6*t^4 + 11/2*t^3 + 41/6*t^2 + 25/6*t + 1;(1, 20, 52, 57, 32, 9, 1);2;1/2;1;1/2*t^2 + 3/2*t + 1;(1, 3, 3, 1)
1|4|1|1;2|1|3|1;3;0;2;1;2;4;1/3;8;1/3*t^4 + 11/6*t^3 + 11/3*t^2 + 19/6*t + 1;(1, 10, 21, 18, 7, 1);2;1/2;1;1/2*t^2 + 3/2*t + 1;(1, 3, 3, 1)
1|4|1|1;2|1|4;2;0;2;0;2;5;5/24;25;5/24*t^5 + 35/24*t^4 + 97/24*t^3 + 133/24*t^2 + 15/4*t + 1;(1, 16, 44, 52, 31, 9, 1);3;1/6;1;1/6*t^3 + t^2 + 11/6*t + 1;(1, 4, 6, 4, 1)
1|4|1|1;2|2|1|1|1;4;1;1;2;3;4;1/6;4;1/6*t^4 + 7/6*t^3 + 17/6*t^2 + 17/6*t + 1;(1, 8, 16, 14, 6, 1);2;1/2;1;1/2*t^2 + 3/2*t + 1;(1, 3, 3, 1)
1|4|1|1;2|2|1|2;3;1;2;0;4;5;1/6;20;1/6*t^5 + 4/3*t^4 + 4*t^3 + 17/3*t^2 + 23/6*t + 1;(1, 16, 40, 44, 26, 8, 1);2;1/2;1;1/2*t^2 + 3/2*t + 1;(1, 3, 3, 1)
1|4|1|1;2|2|2|1;3;1;1;1;3;5;1/6;20;1/6*t^5 + 4/3*t^4 + 4*t^3 + 17/3*t^2 + 23/6*t + 1;(1, 16, 40, 44, 26, 8, 1);3;1/6;1;1/6*t^3 + t^2 + 11/6*t + 1;(1, 4, 6, 4, 1)
1|4|1|1;2|2|3;3;1;1;1;3;5;1/6;20;1/6*t^5 + 4/3*t^4 + 4*t^3 + 17/3*t^2 + 23/6*t + 1;(1, 16, 40, 44, 26, 8, 1);3;1/6;1;1/6*t^3 + t^2 + 11/6*t + 1;(1, 4, 6, 4, 1)
1|4|1|1;2|3|1|1;3;0;1;2;1;4;1/6;4;1/6*t^4 + 7/6*t^3 + 17/6*t^2 + 17/6*t + 1;(1, 8, 16, 14, 6, 1);2;1/2;1;1/2*t^2 + 3/2*t + 1;(1, 3, 3, 1)
1|4|1|1;2|3|2;2;0;2;0;2;5;1/6;20;1/6*t^5 + 4/3*t^4 + 4*t^3 + 17/3*t^2 + 23/6*t + 1;(1, 16, 40, 44, 26, 8, 1);2;1/2;1;1/2*t^2 + 3/2*t + 1;(1, 3, 3, 1)
1|4|1|1;2|4|1;2;0;1;1;1;5;1/12;10;1/12*t^5 + 3/4*t^4 + 31/12*t^3 + 17/4*t^2 + 10/3*t + 1;(1, 12, 32, 39, 25, 8, 1);2;1/2;1;1/2*t^2 + 3/2*t + 1;(1, 3, 3, 1)
1|4|1|1;2|5;2;0;2;0;2;5;1/12;10;1/12*t^5 + 3/4*t^4 + 31/12*t^3 + 17/4*t^2 + 10/3*t + 1;(1, 12, 32, 39, 25, 8, 1);2;1/2;1;1/2*t^2 + 3/2*t + 1;(1, 3, 3, 1)
1|4|1|1;3|1|1|1|1;4;0;2;2;2;3;1/3;2;1/3*t^3 + 3/2*t^2 + 13/6*t + 1;(1, 5, 8, 5, 1);2;1/2;1;1/2*t^2 + 3/2*t + 1;(1, 3, 3, 1)
1|4|1|1;3|1|1|2;3;0;3;0;3;4;1/3;8;1/3*t^4 + 11/6*t^3 + 11/3*t^2 + 19/6*t + 1;(1, 10, 21, 18, 7, 1);2;1/2;1;1/2*t^2 + 3/2*t + 1;(1, 3, 3, 1)
1|4|1|1;3|1|2|1;3;0;2;1;2;4;1/3;8;1/3*t^4 + 11/6*t^3 + 11/3*t^2 + 19/6*t + 1;(1, 10, 21, 18, 7, 1);2;1/2;1;1/2*t^2 + 3/2*t + 1;(1, 3, 3, 1)
1|4|1|1;3|1|3;3;0;2;1;2;4;1/3;8;1/3*t^4 + 11/6*t^3 + 11/3*t^2 + 19/6*t + 1;(1, 10, 21, 18, 7, 1);2;1/2;1;1/2*t^2 + 3/2*t + 1;(1, 3, 3, 1)
1|4|1|1;3|2|1|1;3;0;1;2;1;4;1/4;6;1/4*t^4 + 3/2*t^3 + 13/4*t^2 + 3*t + 1;(1, 9, 20, 18, 7, 1);3;1/6;1;1/6*t^3 + t^2 + 11/6*t + 1;(1, 4, 6, 4, 1)
1|4|1|1;3|2|2;2;0;2;0;2;5;1/4;30;1/4*t^5 + 7/4*t^4 + 19/4*t^3 + 25/4*t^2 + 4*t + 1;(1, 18, 49, 56, 32, 9, 1);3;1/6;1;1/6*t^3 + t^2 + 11/6*t + 1;(1, 4, 6, 4, 1)
1|4|1|1;3|3|1;3;0;2;1;2;4;1/4;6;1/4*t^4 + 3/2*t^3 + 13/4*t^2 + 3*t + 1;(1, 9, 20, 18, 7, 1);3;1/6;1;1/6*t^3 + t^2 + 11/6*t + 1;(1, 4, 6, 4, 1)
1|4|1|1;3|4;2;0;2;0;2;5;3/20;18;3/20*t^5 + 9/8*t^4 + 10/3*t^3 + 39/8*t^2 + 211/60*t + 1;(1, 14, 41, 51, 31, 9, 1);3;1/6;1;1/6*t^3 + t^2 + 11/6*t + 1;(1, 4, 6, 4, 1)
1|4|1|1;4|1|1|1;3;0;1;2;1;4;1/12;2;1/12*t^4 + 2/3*t^3 + 23/12*t^2 + 7/3*t + 1;(1, 6, 13, 13, 6, 1);1;1;1;t + 1;(1, 2, 1)
1|4|1|1;4|1|2;2;0;2;0;2;5;1/12;10;1/12*t^5 + 3/4*t^4 + 31/12*t^3 + 17/4*t^2 + 10/3*t + 1;(1, 12, 32, 39, 25, 8, 1);1;1;1;t + 1;(1, 2, 1)
1|4|1|1;4|2|1;2;0;1;1;1;5;1/12;10;1/12*t^5 + 3/4*t^4 + 31/12*t^3 + 17/4*t^2 + 10/3*t + 1;(1, 12, 32, 39, 25, 8, 1);1;1;1;t + 1;(1, 2, 1)
1|4|1|1;4|3;2;0;1;1;1;5;1/12;10;1/12*t^5 + 3/4*t^4 + 31/12*t^3 + 17/4*t^2 + 10/3*t + 1;(1, 12, 32, 39, 25, 8, 1);1;1;1;t + 1;(1, 2, 1)
1|4|1|1;5|1|1;3;0;1;2;1;4;1/24;1;1/24*t^4 + 5/12*t^3 + 35/24*t^2 + 25/12*t + 1;(1, 5, 10, 10, 5, 1);1;1;1;t + 1;(1, 2, 1)
1|4|1|1;5|2;2;0;2;0;2;5;1/24;5;1/24*t^5 + 11/24*t^4 + 15/8*t^3 + 85/24*t^2 + 37/12*t + 1;(1, 10, 25, 30, 20, 7, 1);1;1;1;t + 1;(1, 2, 1)
1|4|1|1;6|1;4;2;1;1;5;5;1/120;1;1/120*t^5 + 1/8*t^4 + 17/24*t^3 + 15/8*t^2 + 137/60*t + 1;(1, 6, 15, 20, 15, 6, 1);1;1;1;t + 1;(1, 2, 1)
1|4|1|1;7;2;0;2;0;2;5;1/120;1;1/120*t^5 + 1/8*t^4 + 17/24*t^3 + 15/8*t^2 + 137/60*t + 1;(1, 6, 15, 20, 15, 6, 1);1;1;1;t + 1;(1, 2, 1)
1|4|2;1|4|2;4;3;0;1;6;6;1/48;15;1/48*t^6 + 13/48*t^5 + 67/48*t^4 + 175/48*t^3 + 61/12*t^2 + 43/12*t + 1;(1, 15, 45, 65, 55, 28, 8, 1);0;1;1;1;(1, 1)
1|4|2;1|5|1;2;0;1;1;1;5;1/24;5;1/24*t^5 + 11/24*t^4 + 15/8*t^3 + 85/24*t^2 + 37/12*t + 1;(1, 10, 25, 30, 20, 7, 1);0;1;1;1;(1, 1)
1|4|2;1|6;2;1;0;1;2;6;1/72;10;1/72*t^6 + 23/120*t^5 + 19/18*t^4 + 71/24*t^3 + 319/72*t^2 + 67/20*t + 1;(1, 13, 44, 71, 64, 33, 9, 1);0;1;1;1;(1, 1)
1|4|2;2|1|1|1|1|1;3;0;3;0;3;4;1/2;12;1/2*t^4 + 5/2*t^3 + 9/2*t^2 + 7/2*t + 1;(1, 12, 24, 19, 7, 1);2;1/2;1;1/2*t^2 + 3/2*t + 1;(1, 3, 3, 1)
1|4|2;2|1|1|1|2;3;1;2;0;4;5;1/4;30;1/4*t^5 + 7/4*t^4 + 19/4*t^3 + 25/4*t^2 + 4*t + 1;(1, 18, 45, 48, 27, 8, 1);2;1/2;1;1/2*t^2 + 3/2*t + 1;(1, 3, 3, 1)
1|4|2;2|1|1|2|1;2;0;2;0;2;5;1/2;60;1/2*t^5 + 3*t^4 + 7*t^3 + 8*t^2 + 9/2*t + 1;(1, 24, 60, 62, 33, 9, 1);4;1/24;1;1/24*t^4 + 5/12*t^3 + 35/24*t^2 + 25/12*t + 1;(1, 5, 10, 10, 5, 1)
1|4|2;2|1|1|3;2;0;2;0;2;5;1/4;30;1/4*t^5 + 7/4*t^4 + 19/4*t^3 + 25/4*t^2 + 4*t + 1;(1, 18, 45, 48, 27, 8, 1);3;1/6;1;1/6*t^3 + t^2 + 11/6*t + 1;(1, 4, 6, 4, 1)
1|4|2;2|1|2|1|1;2;0;2;0;2;5;1/3;40;1/3*t^5 + 13/6*t^4 + 11/2*t^3 + 41/6*t^2 + 25/6*t + 1;(1, 20, 52, 57, 32, 9, 1);2;1/2;1;1/2*t^2 + 3/2*t + 1;(1, 3, 3, 1)
1|4|2;2|1|2|2;2;1;1;0;3;6;1/6;120;1/6*t^6 + 17/12*t^5 + 59/12*t^4 + 107/12*t^3 + 107/12*t^2 + 14/3*t + 1;(1, 30, 93, 127, 96, 42, 10, 1);2;1/2;1;1/2*t^2 + 3/2*t + 1;(1, 3, 3, 1)
1|4|2;2|1|3|1;2;0;2;0;2;5;1/3;40;1/3*t^5 + 13/6*t^4 + 11/2*t^3 + 41/6*t^2 + 25/6*t + 1;(1, 20, 52, 57, 32, 9, 1);2;1/2;1;1/2*t^2 + 3/2*t + 1;(1, 3, 3, 1)
1|4|2;2|1|4;1;0;1;0;1;6;3/20;108;3/20*t^6 + 51/40*t^5 + 107/24*t^4 + 197/24*t^3 + 1007/120*t^2 + 271/60*t + 1;(1, 28, 96, 143, 113, 49, 11, 1);4;1/24;1;1/24*t^4 + 5/12*t^3 + 35/24*t^2 + 25/12*t + 1;(1, 5, 10, 10, 5, 1)
1|4|2;2|2|1|1|1;3;1;2;0;4;5;1/6;20;1/6*t^5 + 4/3*t^4 + 4*t^3 + 17/3*t^2 + 23/6*t + 1;(1, 16, 40, 44, 26, 8, 1);2;1/2;1;1/2*t^2 + 3/2*t + 1;(1, 3, 3, 1)
1|4|2;2|2|1|2;3;2;1;0;5;6;1/12;60;1/12*t^6 + 5/6*t^5 + 10/3*t^4 + 41/6*t^3 + 91/12*t^2 + 13/3*t + 1;(1, 24, 72, 98, 76, 35, 9, 1);2;1/2;1;1/2*t^2 + 3/2*t + 1;(1, 3, 3, 1)
1|4|2;2|2|2|1;2;1;1;0;3;6;1/6;120;1/6*t^6 + 3/2*t^5 + 16/3*t^4 + 29/3*t^3 + 19/2*t^2 + 29/6*t + 1;(1, 32, 96, 128, 96, 42, 10, 1);4;1/24;1;1/24*t^4 + 5/12*t^3 + 35/24*t^2 + 25/12*t + 1;(1, 5, 10, 10, 5, 1)
1|4|2;2|2|3;2;1;1;0;3;6;1/12;60;1/12*t^6 + 5/6*t^5 + 10/3*t^4 + 41/6*t^3 + 91/12*t^2 + 13/3*t + 1;(1, 24, 72, 98, 76, 35, 9, 1);3;1/6;1;1/6*t^3 + t^2 + 11/6*t + 1;(1, 4, 6, 4, 1)
1|4|2;2|3|1|1;2;0;2;0;2;5;1/6;20;1/6*t^5 + 4/3*t^4 + 4*t^3 + 17/3*t^2 + 23/6*t + 1;(1, 16, 40, 44, 26, 8, 1);2;1/2;1;1/2*t^2 + 3/2*t + 1;(1, 3, 3, 1)
1|4|2;2|3|2;2;1;1;0;3;6;1/12;60;1/12*t^6 + 5/6*t^5 + 10/3*t^4 + 41/6*t^3 + 91/12*t^2 + 13/3*t + 1;(1, 24, 72, 98, 76, 35, 9, 1);2;1/2;1;1/2*t^2 + 3/2*t + 1;(1, 3, 3, 1)
1|4|2;2|4|1;1;0;1;0;1;6;1/12;60;1/12*t^6 + 5/6*t^5 + 10/3*t^4 + 41/6*t^3 + 91/12*t^2 + 13/3*t + 1;(1, 24, 76, 110, 89, 41, 10, 1);2;1/2;1;1/2*t^2 + 3/2*t + 1;(1, 3, 3, 1)
1|4|2;2|5;2;1;1;0;3;6;1/15;48;1/15*t^6 + 83/120*t^5 + 23/8*t^4 + 49/8*t^3 + 847/120*t^2 + 251/60*t + 1;(1, 22, 73, 109, 89, 41, 10, 1);2;1/2;1;1/2*t^2 + 3/2*t + 1;(1, 3, 3, 1)
1|4|2;3|1|1|1|1;3;0;3;0;3;4;1/3;8;1/3*t^4 + 11/6*t^3 + 11/3*t^2 + 19/6*t + 1;(1, 10, 21, 18, 7, 1);2;1/2;1;1/2*t^2 + 3/2*t + 1;(1, 3, 3, 1)
1|4|2;3|1|1|2;3;1;2;0;4;5;1/6;20;1/6*t^5 + 5/4*t^4 + 11/3*t^3 + 21/4*t^2 + 11/3*t + 1;(1, 15, 39, 44, 26, 8, 1);2;1/2;1;1/2*t^2 + 3/2*t + 1;(1, 3, 3, 1)
1|4|2;3|1|2|1;2;0;2;0;2;5;1/3;40;1/3*t^5 + 13/6*t^4 + 11/2*t^3 + 41/6*t^2 + 25/6*t + 1;(1, 20, 52, 57, 32, 9, 1);2;1/2;1;1/2*t^2 + 3/2*t + 1;(1, 3, 3, 1)
1|4|2;3|1|3;2;0;2;0;2;5;1/6;20;1/6*t^5 + 5/4*t^4 + 11/3*t^3 + 21/4*t^2 + 11/3*t + 1;(1, 15, 39, 44, 26, 8, 1);2;1/2;1;1/2*t^2 + 3/2*t + 1;(1, 3, 3, 1)
1|4|2;3|2|1|1;2;0;2;0;2;5;1/4;30;1/4*t^5 + 7/4*t^4 + 19/4*t^3 + 25/4*t^2 + 4*t + 1;(1, 18, 49, 56, 32, 9, 1);3;1/6;1;1/6*t^3 + t^2 + 11/6*t + 1;(1, 4, 6, 4, 1)
1|4|2;3|2|2;2;1;1;0;3;6;1/8;90;1/8*t^6 + 9/8*t^5 + 33/8*t^4 + 63/8*t^3 + 33/4*t^2 + 9/2*t + 1;(1, 27, 87, 123, 95, 42, 10, 1);3;1/6;1;1/6*t^3 + t^2 + 11/6*t + 1;(1, 4, 6, 4, 1)
1|4|2;3|3|1;2;0;2;0;2;5;1/4;30;1/4*t^5 + 7/4*t^4 + 19/4*t^3 + 25/4*t^2 + 4*t + 1;(1, 18, 49, 56, 32, 9, 1);4;1/24;1;1/24*t^4 + 5/12*t^3 + 35/24*t^2 + 25/12*t + 1;(1, 5, 10, 10, 5, 1)
1|4|2;3|4;1;0;1;0;1;6;19/180;76;19/180*t^6 + 19/20*t^5 + 253/72*t^4 + 41/6*t^3 + 2657/360*t^2 + 253/60*t + 1;(1, 24, 88, 138, 112, 49, 11, 1);3;1/6;1;1/6*t^3 + t^2 + 11/6*t + 1;(1, 4, 6, 4, 1)
1|4|2;4|1|1|1;2;0;2;0;2;5;1/12;10;1/12*t^5 + 3/4*t^4 + 31/12*t^3 + 17/4*t^2 + 10/3*t + 1;(1, 12, 32, 39, 25, 8, 1);1;1;1;t + 1;(1, 2, 1)
1|4|2;4|1|2;2;1;1;0;3;6;1/24;30;1/24*t^6 + 11/24*t^5 + 49/24*t^4 + 113/24*t^3 + 71/12*t^2 + 23/6*t + 1;(1, 18, 57, 84, 70, 34, 9, 1);1;1;1;t + 1;(1, 2, 1)
1|4|2;4|2|1;1;0;1;0;1;6;1/12;60;1/12*t^6 + 5/6*t^5 + 10/3*t^4 + 41/6*t^3 + 91/12*t^2 + 13/3*t + 1;(1, 24, 76, 110, 89, 41, 10, 1);1;1;1;t + 1;(1, 2, 1)
1|4|2;4|3;1;0;1;0;1;6;1/24;30;1/24*t^6 + 11/24*t^5 + 49/24*t^4 + 113/24*t^3 + 71/12*t^2 + 23/6*t + 1;(1, 18, 57, 84, 70, 34, 9, 1);1;1;1;t + 1;(1, 2, 1)
1|4|2;5|1|1;2;0;2;0;2;5;1/24;5;1/24*t^5 + 11/24*t^4 + 15/8*t^3 + 85/24*t^2 + 37/12*t + 1;(1, 10, 25, 30, 20, 7, 1);1;1;1;t + 1;(1, 2, 1)
1|4|2;5|2;2;1;1;0;3;6;1/48;15;1/48*t^6 + 13/48*t^5 + 67/48*t^4 + 175/48*t^3 + 61/12*t^2 + 43/12*t + 1;(1, 15, 45, 65, 55, 28, 8, 1);1;1;1;t + 1;(1, 2, 1)
1|4|2;6|1;3;2;1;0;5;6;1/120;6;1/120*t^6 + 2/15*t^5 + 5/6*t^4 + 31/12*t^3 + 499/120*t^2 + 197/60*t + 1;(1, 12, 36, 55, 50, 27, 8, 1);2;1/2;1;1/2*t^2 + 3/2*t + 1;(1, 3, 3, 1)
1|4|2;7;1;0;1;0;1;6;1/144;5;1/144*t^6 + 9/80*t^5 + 103/144*t^4 + 109/48*t^3 + 34/9*t^2 + 187/60*t + 1;(1, 11, 35, 55, 50, 27, 8, 1);1;1;1;t + 1;(1, 2, 1)
1|5|1;1|5|1;5;2;0;3;4;4;1/24;1;1/24*t^4 + 5/12*t^3 + 35/24*t^2 + 25/12*t + 1;(1, 5, 10, 10, 5, 1);0;1;1;1;(1, 1)
1|5|1;1|6;2;0;1;1;1;5;1/120;1;1/120*t^5 + 1/8*t^4 + 17/24*t^3 + 15/8*t^2 + 137/60*t + 1;(1, 6, 15, 20, 15, 6, 1);0;1;1;1;(1, 1)
1|5|1;2|1|1|1|1|1;4;0;2;2;2;3;1/2;3;1/2*t^3 + 2*t^2 + 5/2*t + 1;(1, 6, 9, 5, 1);2;1/2;1;1/2*t^2 + 3/2*t + 1;(1, 3, 3, 1)
1|5|1;2|1|1|1|2;3;0;2;1;2;4;1/2;12;1/2*t^4 + 5/2*t^3 + 9/2*t^2 + 7/2*t + 1;(1, 12, 24, 19, 7, 1);3;1/6;1;1/6*t^3 + t^2 + 11/6*t + 1;(1, 4, 6, 4, 1)
1|5|1;2|1|1|2|1;3;0;1;2;1;4;1/3;8;1/3*t^4 + 11/6*t^3 + 11/3*t^2 + 19/6*t + 1;(1, 10, 21, 18, 7, 1);2;1/2;1;1/2*t^2 + 3/2*t + 1;(1, 3, 3, 1)
1|5|1;2|1|1|3;3;0;2;1;2;4;1/3;8;1/3*t^4 + 11/6*t^3 + 11/3*t^2 + 19/6*t + 1;(1, 10, 21, 18, 7, 1);2;1/2;1;1/2*t^2 + 3/2*t + 1;(1, 3, 3, 1)
1|5|1;2|1|2|1|1;3;0;2;1;2;4;1/6;4;1/6*t^4 + 7/6*t^3 + 17/6*t^2 + 17/6*t + 1;(1, 8, 16, 14, 6, 1);2;1/2;1;1/2*t^2 + 3/2*t + 1;(1, 3, 3, 1)
1|5|1;2|1|2|2;2;0;2;0;2;5;1/6;20;1/6*t^5 + 4/3*t^4 + 4*t^3 + 17/3*t^2 + 23/6*t + 1;(1, 16, 40, 44, 26, 8, 1);3;1/6;1;1/6*t^3 + t^2 + 11/6*t + 1;(1, 4, 6, 4, 1)
1|5|1;2|1|3|1;3;0;2;1;2;4;1/6;4;1/6*t^4 + 7/6*t^3 + 17/6*t^2 + 17/6*t + 1;(1, 8, 16, 14, 6, 1);2;1/2;1;1/2*t^2 + 3/2*t + 1;(1, 3, 3, 1)
1|5|1;2|1|4;2;0;2;0;2;5;1/12;10;1/12*t^5 + 3/4*t^4 + 31/12*t^3 + 17/4*t^2 + 10/3*t + 1;(1, 12, 32, 39, 25, 8, 1);2;1/2;1;1/2*t^2 + 3/2*t + 1;(1, 3, 3, 1)
1|5|1;2|2|1|1|1;3;0;2;1;2;4;1/6;4;1/6*t^4 + 7/6*t^3 + 17/6*t^2 + 17/6*t + 1;(1, 8, 16, 14, 6, 1);2;1/2;1;1/2*t^2 + 3/2*t + 1;(1, 3, 3, 1)
1|5|1;2|2|1|2;2;0;2;0;2;5;1/6;20;1/6*t^5 + 4/3*t^4 + 4*t^3 + 17/3*t^2 + 23/6*t + 1;(1, 16, 40, 44, 26, 8, 1);3;1/6;1;1/6*t^3 + t^2 + 11/6*t + 1;(1, 4, 6, 4, 1)
1|5|1;2|2|2|1;2;0;1;1;1;5;1/8;15;1/8*t^5 + 25/24*t^4 + 79/24*t^3 + 119/24*t^2 + 43/12*t + 1;(1, 14, 37, 43, 26, 8, 1);2;1/2;1;1/2*t^2 + 3/2*t + 1;(1, 3, 3, 1)
1|5|1;2|2|3;2;0;2;0;2;5;1/8;15;1/8*t^5 + 25/24*t^4 + 79/24*t^3 + 119/24*t^2 + 43/12*t + 1;(1, 14, 37, 43, 26, 8, 1);2;1/2;1;1/2*t^2 + 3/2*t + 1;(1, 3, 3, 1)
1|5|1;2|3|1|1;4;1;1;2;3;4;1/6;4;1/6*t^4 + 7/6*t^3 + 17/6*t^2 + 17/6*t + 1;(1, 8, 16, 14, 6, 1);2;1/2;1;1/2*t^2 + 3/2*t + 1;(1, 3, 3, 1)
1|5|1;2|3|2;3;1;1;1;3;5;1/6;20;1/6*t^5 + 4/3*t^4 + 4*t^3 + 17/3*t^2 + 23/6*t + 1;(1, 16, 40, 44, 26, 8, 1);3;1/6;1;1/6*t^3 + t^2 + 11/6*t + 1;(1, 4, 6, 4, 1)
1|5|1;2|4|1;2;0;1;1;1;5;1/24;5;1/24*t^5 + 11/24*t^4 + 15/8*t^3 + 85/24*t^2 + 37/12*t + 1;(1, 10, 25, 30, 20, 7, 1);2;1/2;1;1/2*t^2 + 3/2*t + 1;(1, 3, 3, 1)
1|5|1;2|5;2;0;2;0;2;5;1/24;5;1/24*t^5 + 11/24*t^4 + 15/8*t^3 + 85/24*t^2 + 37/12*t + 1;(1, 10, 25, 30, 20, 7, 1);2;1/2;1;1/2*t^2 + 3/2*t + 1;(1, 3, 3, 1)
1|5|1;3|1|1|1|1;4;0;2;2;2;3;1/3;2;1/3*t^3 + 3/2*t^2 + 13/6*t + 1;(1, 5, 8, 5, 1);2;1/2;1;1/2*t^2 + 3/2*t + 1;(1, 3, 3, 1)
1|5|1;3|1|1|2;3;0;2;1;2;4;1/3;8;1/3*t^4 + 11/6*t^3 + 11/3*t^2 + 19/6*t + 1;(1, 10, 21, 18, 7, 1);2;1/2;1;1/2*t^2 + 3/2*t + 1;(1, 3, 3, 1)
1|5|1;3|1|2|1;3;0;1;2;1;4;1/4;6;1/4*t^4 + 3/2*t^3 + 13/4*t^2 + 3*t + 1;(1, 9, 20, 18, 7, 1);3;1/6;1;1/6*t^3 + t^2 + 11/6*t + 1;(1, 4, 6, 4, 1)
1|5|1;3|1|3;3;0;2;1;2;4;1/4;6;1/4*t^4 + 3/2*t^3 + 13/4*t^2 + 3*t + 1;(1, 9, 20, 18, 7, 1);3;1/6;1;1/6*t^3 + t^2 + 11/6*t + 1;(1, 4, 6, 4, 1)
1|5|1;3|2|1|1;3;0;2;1;2;4;1/8;3;1/8*t^4 + 11/12*t^3 + 19/8*t^2 + 31/12*t + 1;(1, 7, 15, 14, 6, 1);2;1/2;1;1/2*t^2 + 3/2*t + 1;(1, 3, 3, 1)
1|5|1;3|2|2;2;0;2;0;2;5;1/8;15;1/8*t^5 + 25/24*t^4 + 79/24*t^3 + 119/24*t^2 + 43/12*t + 1;(1, 14, 37, 43, 26, 8, 1);2;1/2;1;1/2*t^2 + 3/2*t + 1;(1, 3, 3, 1)
1|5|1;3|3|1;3;0;2;1;2;4;1/8;3;1/8*t^4 + 11/12*t^3 + 19/8*t^2 + 31/12*t + 1;(1, 7, 15, 14, 6, 1);2;1/2;1;1/2*t^2 + 3/2*t + 1;(1, 3, 3, 1)
1|5|1;3|4;2;0;2;0;2;5;1/15;8;1/15*t^5 + 5/8*t^4 + 9/4*t^3 + 31/8*t^2 + 191/60*t + 1;(1, 11, 31, 39, 25, 8, 1);3;1/6;1;1/6*t^3 + t^2 + 11/6*t + 1;(1, 4, 6, 4, 1)
1|5|1;4|1|1|1;3;0;2;1;2;4;1/12;2;1/12*t^4 + 2/3*t^3 + 23/12*t^2 + 7/3*t + 1;(1, 6, 13, 13, 6, 1);1;1;1;t + 1;(1, 2, 1)
1|5|1;4|1|2;2;0;2;0;2;5;1/12;10;1/12*t^5 + 3/4*t^4 + 31/12*t^3 + 17/4*t^2 + 10/3*t + 1;(1, 12, 32, 39, 25, 8, 1);1;1;1;t + 1;(1, 2, 1)
1|5|1;4|2|1;3;1;1;1;3;5;1/15;8;1/15*t^5 + 5/8*t^4 + 9/4*t^3 + 31/8*t^2 + 191/60*t + 1;(1, 11, 31, 39, 25, 8, 1);1;1;1;t + 1;(1, 2, 1)
1|5|1;4|3;2;0;2;0;2;5;1/15;8;1/15*t^5 + 5/8*t^4 + 9/4*t^3 + 31/8*t^2 + 191/60*t + 1;(1, 11, 31, 39, 25, 8, 1);1;1;1;t + 1;(1, 2, 1)
1|5|1;5|1|1;3;0;2;1;2;4;1/24;1;1/24*t^4 + 5/12*t^3 + 35/24*t^2 + 25/12*t + 1;(1, 5, 10, 10, 5, 1);1;1;1;t + 1;(1, 2, 1)
1|5|1;5|2;2;0;2;0;2;5;1/24;5;1/24*t^5 + 11/24*t^4 + 15/8*t^3 + 85/24*t^2 + 37/12*t + 1;(1, 10, 25, 30, 20, 7, 1);1;1;1;t + 1;(1, 2, 1)
1|5|1;6|1;2;0;1;1;1;5;1/120;1;1/120*t^5 + 1/8*t^4 + 17/24*t^3 + 15/8*t^2 + 137/60*t + 1;(1, 6, 15, 20, 15, 6, 1);1;1;1;t + 1;(1, 2, 1)
1|5|1;7;4;2;1;1;5;5;1/120;1;1/120*t^5 + 1/8*t^4 + 17/24*t^3 + 15/8*t^2 + 137/60*t + 1;(1, 6, 15, 20, 15, 6, 1);1;1;1;t + 1;(1, 2, 1)
1|6;1|6;4;3;0;1;6;6;1/720;1;1/720*t^6 + 7/240*t^5 + 35/144*t^4 + 49/48*t^3 + 203/90*t^2 + 49/20*t + 1;(1, 7, 21, 35, 35, 21, 7, 1);0;1;1;1;(1, 1)
1|6;2|1|1|1|1|1;3;0;3;0;3;4;1/6;4;1/6*t^4 + 7/6*t^3 + 17/6*t^2 + 17/6*t + 1;(1, 8, 16, 14, 6, 1);2;1/2;1;1/2*t^2 + 3/2*t + 1;(1, 3, 3, 1)
1|6;2|1|1|1|2;2;0;2;0;2;5;1/8;15;1/8*t^5 + 25/24*t^4 + 79/24*t^3 + 119/24*t^2 + 43/12*t + 1;(1, 14, 37, 43, 26, 8, 1);2;1/2;1;1/2*t^2 + 3/2*t + 1;(1, 3, 3, 1)
1|6;2|1|1|2|1;2;0;2;0;2;5;1/12;10;1/12*t^5 + 3/4*t^4 + 31/12*t^3 + 17/4*t^2 + 10/3*t + 1;(1, 12, 32, 39, 25, 8, 1);2;1/2;1;1/2*t^2 + 3/2*t + 1;(1, 3, 3, 1)
1|6;2|1|1|3;2;0;2;0;2;5;1/12;10;1/12*t^5 + 3/4*t^4 + 31/12*t^3 + 17/4*t^2 + 10/3*t + 1;(1, 12, 32, 39, 25, 8, 1);2;1/2;1;1/2*t^2 + 3/2*t + 1;(1, 3, 3, 1)
1|6;2|1|2|1|1;3;1;2;0;4;5;1/24;5;1/24*t^5 + 11/24*t^4 + 15/8*t^3 + 85/24*t^2 + 37/12*t + 1;(1, 10, 25, 30, 20, 7, 1);2;1/2;1;1/2*t^2 + 3/2*t + 1;(1, 3, 3, 1)
1|6;2|1|2|2;2;1;1;0;3;6;1/30;24;1/30*t^6 + 49/120*t^5 + 47/24*t^4 + 113/24*t^3 + 721/120*t^2 + 233/60*t + 1;(1, 18, 57, 84, 70, 34, 9, 1);2;1/2;1;1/2*t^2 + 3/2*t + 1;(1, 3, 3, 1)
1|6;2|1|3|1;2;0;2;0;2;5;1/24;5;1/24*t^5 + 11/24*t^4 + 15/8*t^3 + 85/24*t^2 + 37/12*t + 1;(1, 10, 25, 30, 20, 7, 1);2;1/2;1;1/2*t^2 + 3/2*t + 1;(1, 3, 3, 1)
1|6;2|1|4;1;0;1;0;1;6;1/60;12;1/60*t^6 + 9/40*t^5 + 29/24*t^4 + 79/24*t^3 + 191/40*t^2 + 209/60*t + 1;(1, 14, 45, 71, 64, 33, 9, 1);2;1/2;1;1/2*t^2 + 3/2*t + 1;(1, 3, 3, 1)
1|6;2|2|1|1|1;2;0;2;0;2;5;1/12;10;1/12*t^5 + 3/4*t^4 + 31/12*t^3 + 17/4*t^2 + 10/3*t + 1;(1, 12, 32, 39, 25, 8, 1);2;1/2;1;1/2*t^2 + 3/2*t + 1;(1, 3, 3, 1)
1|6;2|2|1|2;1;0;1;0;1;6;1/15;48;1/15*t^6 + 83/120*t^5 + 23/8*t^4 + 49/8*t^3 + 847/120*t^2 + 251/60*t + 1;(1, 22, 73, 109, 89, 41, 10, 1);2;1/2;1;1/2*t^2 + 3/2*t + 1;(1, 3, 3, 1)
1|6;2|2|2|1;2;1;1;0;3;6;1/20;36;1/20*t^6 + 11/20*t^5 + 29/12*t^4 + 65/12*t^3 + 98/15*t^2 + 121/30*t + 1;(1, 20, 68, 105, 88, 41, 10, 1);2;1/2;1;1/2*t^2 + 3/2*t + 1;(1, 3, 3, 1)
1|6;2|2|3;1;0;1;0;1;6;1/20;36;1/20*t^6 + 11/20*t^5 + 29/12*t^4 + 65/12*t^3 + 98/15*t^2 + 121/30*t + 1;(1, 20, 68, 105, 88, 41, 10, 1);2;1/2;1;1/2*t^2 + 3/2*t + 1;(1, 3, 3, 1)
1|6;2|3|1|1;2;0;2;0;2;5;1/24;5;1/24*t^5 + 11/24*t^4 + 15/8*t^3 + 85/24*t^2 + 37/12*t + 1;(1, 10, 25, 30, 20, 7, 1);2;1/2;1;1/2*t^2 + 3/2*t + 1;(1, 3, 3, 1)
1|6;2|3|2;1;0;1;0;1;6;1/30;24;1/30*t^6 + 49/120*t^5 + 47/24*t^4 + 113/24*t^3 + 721/120*t^2 + 233/60*t + 1;(1, 18, 57, 84, 70, 34, 9, 1);2;1/2;1;1/2*t^2 + 3/2*t + 1;(1, 3, 3, 1)
1|6;2|4|1;3;2;1;0;5;6;1/120;6;1/120*t^6 + 2/15*t^5 + 5/6*t^4 + 31/12*t^3 + 499/120*t^2 + 197/60*t + 1;(1, 12, 36, 55, 50, 27, 8, 1);2;1/2;1;1/2*t^2 + 3/2*t + 1;(1, 3, 3, 1)
1|6;2|5;1;0;1;0;1;6;1/120;6;1/120*t^6 + 2/15*t^5 + 5/6*t^4 + 31/12*t^3 + 499/120*t^2 + 197/60*t + 1;(1, 12, 36, 55, 50, 27, 8, 1);2;1/2;1;1/2*t^2 + 3/2*t + 1;(1, 3, 3, 1)
1|6;3|1|1|1|1;3;0;3;0;3;4;1/8;3;1/8*t^4 + 11/12*t^3 + 19/8*t^2 + 31/12*t + 1;(1, 7, 15, 14, 6, 1);2;1/2;1;1/2*t^2 + 3/2*t + 1;(1, 3, 3, 1)
1|6;3|1|1|2;2;0;2;0;2;5;1/10;12;1/10*t^5 + 7/8*t^4 + 35/12*t^3 + 37/8*t^2 + 209/60*t + 1;(1, 13, 36, 43, 26, 8, 1);3;1/6;1;1/6*t^3 + t^2 + 11/6*t + 1;(1, 4, 6, 4, 1)
1|6;3|1|2|1;2;0;2;0;2;5;1/15;8;1/15*t^5 + 5/8*t^4 + 9/4*t^3 + 31/8*t^2 + 191/60*t + 1;(1, 11, 31, 39, 25, 8, 1);2;1/2;1;1/2*t^2 + 3/2*t + 1;(1, 3, 3, 1)
1|6;3|1|3;2;0;2;0;2;5;1/15;8;1/15*t^5 + 5/8*t^4 + 9/4*t^3 + 31/8*t^2 + 191/60*t + 1;(1, 11, 31, 39, 25, 8, 1);2;1/2;1;1/2*t^2 + 3/2*t + 1;(1, 3, 3, 1)
1|6;3|2|1|1;3;1;2;0;4;5;1/30;4;1/30*t^5 + 3/8*t^4 + 19/12*t^3 + 25/8*t^2 + 173/60*t + 1;(1, 9, 24, 30, 20, 7, 1);2;1/2;1;1/2*t^2 + 3/2*t + 1;(1, 3, 3, 1)
1|6;3|2|2;2;1;1;0;3;6;1/36;20;1/36*t^6 + 7/20*t^5 + 125/72*t^4 + 13/3*t^3 + 413/72*t^2 + 229/60*t + 1;(1, 17, 56, 84, 70, 34, 9, 1);3;1/6;1;1/6*t^3 + t^2 + 11/6*t + 1;(1, 4, 6, 4, 1)
1|6;3|3|1;2;0;2;0;2;5;1/30;4;1/30*t^5 + 3/8*t^4 + 19/12*t^3 + 25/8*t^2 + 173/60*t + 1;(1, 9, 24, 30, 20, 7, 1);2;1/2;1;1/2*t^2 + 3/2*t + 1;(1, 3, 3, 1)
1|6;3|4;1;0;1;0;1;6;1/72;10;1/72*t^6 + 23/120*t^5 + 19/18*t^4 + 71/24*t^3 + 319/72*t^2 + 67/20*t + 1;(1, 13, 44, 71, 64, 33, 9, 1);2;1/2;1;1/2*t^2 + 3/2*t + 1;(1, 3, 3, 1)
1|6;4|1|1|1;2;0;2;0;2;5;1/24;5;1/24*t^5 + 5/12*t^4 + 13/8*t^3 + 37/12*t^2 + 17/6*t + 1;(1, 9, 26, 35, 24, 8, 1);2;1/2;1;1/2*t^2 + 3/2*t + 1;(1, 3, 3, 1)
1|6;4|1|2;2;1;1;0;3;6;5/144;25;5/144*t^6 + 19/48*t^5 + 263/144*t^4 + 209/48*t^3 + 203/36*t^2 + 15/4*t + 1;(1, 17, 60, 96, 83, 40, 10, 1);2;1/2;1;1/2*t^2 + 3/2*t + 1;(1, 3, 3, 1)
1|6;4|2|1;1;0;1;0;1;6;1/40;18;1/40*t^6 + 3/10*t^5 + 35/24*t^4 + 11/3*t^3 + 301/60*t^2 + 53/15*t + 1;(1, 15, 55, 92, 82, 40, 10, 1);3;1/6;1;1/6*t^3 + t^2 + 11/6*t + 1;(1, 4, 6, 4, 1)
1|6;4|3;1;0;1;0;1;6;1/40;18;1/40*t^6 + 3/10*t^5 + 35/24*t^4 + 11/3*t^3 + 301/60*t^2 + 53/15*t + 1;(1, 15, 55, 92, 82, 40, 10, 1);3;1/6;1;1/6*t^3 + t^2 + 11/6*t + 1;(1, 4, 6, 4, 1)
1|6;5|1|1;2;0;2;0;2;5;1/60;2;1/60*t^5 + 5/24*t^4 + t^3 + 55/24*t^2 + 149/60*t + 1;(1, 7, 19, 26, 19, 7, 1);1;1;1;t + 1;(1, 2, 1)
1|6;5|2;1;0;1;0;1;6;1/72;10;1/72*t^6 + 23/120*t^5 + 19/18*t^4 + 71/24*t^3 + 319/72*t^2 + 67/20*t + 1;(1, 13, 44, 71, 64, 33, 9, 1);1;1;1;t + 1;(1, 2, 1)
1|6;6|1;1;0;1;0;1;6;1/360;2;1/360*t^6 + 1/20*t^5 + 13/36*t^4 + 4/3*t^3 + 949/360*t^2 + 157/60*t + 1;(1, 8, 26, 45, 45, 26, 8, 1);1;1;1;t + 1;(1, 2, 1)
1|6;7;1;0;1;0;1;6;1/720;1;1/720*t^6 + 7/240*t^5 + 35/144*t^4 + 49/48*t^3 + 203/90*t^2 + 49/20*t + 1;(1, 7, 21, 35, 35, 21, 7, 1);1;1;1;t + 1;(1, 2, 1)
2|1|1|1|1|1;2|1|1|1|1|1;6;1;0;5;2;2;1/2;1;1/2*t^2 + 3/2*t + 1;(1, 3, 3, 1);2;1/2;1;1/2*t^2 + 3/2*t + 1;(1, 3, 3, 1)
2|1|1|1|1|1;2|1|1|1|2;5;1;1;3;3;3;1/2;3;1/2*t^3 + 2*t^2 + 5/2*t + 1;(1, 6, 9, 5, 1);2;1/2;1;1/2*t^2 + 3/2*t + 1;(1, 3, 3, 1)
2|1|1|1|1|1;2|1|1|2|1;5;1;1;3;3;3;1/2;3;1/2*t^3 + 2*t^2 + 5/2*t + 1;(1, 6, 9, 5, 1);2;1/2;1;1/2*t^2 + 3/2*t + 1;(1, 3, 3, 1)
2|1|1|1|1|1;2|1|1|3;5;1;1;3;3;3;1/2;3;1/2*t^3 + 2*t^2 + 5/2*t + 1;(1, 6, 9, 5, 1);2;1/2;1;1/2*t^2 + 3/2*t + 1;(1, 3, 3, 1)
2|1|1|1|1|1;2|1|2|1|1;5;1;1;3;3;3;1/2;3;1/2*t^3 + 2*t^2 + 5/2*t + 1;(1, 6, 9, 5, 1);2;1/2;1;1/2*t^2 + 3/2*t + 1;(1, 3, 3, 1)
2|1|1|1|1|1;2|1|2|2;4;1;2;1;4;4;1/2;12;1/2*t^4 + 5/2*t^3 + 9/2*t^2 + 7/2*t + 1;(1, 12, 24, 19, 7, 1);2;1/2;1;1/2*t^2 + 3/2*t + 1;(1, 3, 3, 1)
2|1|1|1|1|1;2|1|3|1;5;1;1;3;3;3;1/2;3;1/2*t^3 + 2*t^2 + 5/2*t + 1;(1, 6, 9, 5, 1);2;1/2;1;1/2*t^2 + 3/2*t + 1;(1, 3, 3, 1)
2|1|1|1|1|1;2|1|4;4;1;2;1;4;4;1/4;6;1/4*t^4 + 3/2*t^3 + 13/4*t^2 + 3*t + 1;(1, 9, 18, 15, 6, 1);2;1/2;1;1/2*t^2 + 3/2*t + 1;(1, 3, 3, 1)
2|1|1|1|1|1;2|2|1|1|1;5;1;1;3;3;3;1/2;3;1/2*t^3 + 2*t^2 + 5/2*t + 1;(1, 6, 9, 5, 1);2;1/2;1;1/2*t^2 + 3/2*t + 1;(1, 3, 3, 1)
2|1|1|1|1|1;2|2|1|2;4;1;2;1;4;4;1/2;12;1/2*t^4 + 5/2*t^3 + 9/2*t^2 + 7/2*t + 1;(1, 12, 24, 19, 7, 1);2;1/2;1;1/2*t^2 + 3/2*t + 1;(1, 3, 3, 1)
2|1|1|1|1|1;2|2|2|1;4;1;2;1;4;4;1/2;12;1/2*t^4 + 5/2*t^3 + 9/2*t^2 + 7/2*t + 1;(1, 12, 24, 19, 7, 1);2;1/2;1;1/2*t^2 + 3/2*t + 1;(1, 3, 3, 1)
2|1|1|1|1|1;2|2|3;4;1;2;1;4;4;1/2;12;1/2*t^4 + 5/2*t^3 + 9/2*t^2 + 7/2*t + 1;(1, 12, 24, 19, 7, 1);2;1/2;1;1/2*t^2 + 3/2*t + 1;(1, 3, 3, 1)
2|1|1|1|1|1;2|3|1|1;5;1;1;3;3;3;1/2;3;1/2*t^3 + 2*t^2 + 5/2*t + 1;(1, 6, 9, 5, 1);2;1/2;1;1/2*t^2 + 3/2*t + 1;(1, 3, 3, 1)
2|1|1|1|1|1;2|3|2;4;1;2;1;4;4;1/2;12;1/2*t^4 + 5/2*t^3 + 9/2*t^2 + 7/2*t + 1;(1, 12, 24, 19, 7, 1);2;1/2;1;1/2*t^2 + 3/2*t + 1;(1, 3, 3, 1)
2|1|1|1|1|1;2|4|1;4;1;2;1;4;4;1/4;6;1/4*t^4 + 3/2*t^3 + 13/4*t^2 + 3*t + 1;(1, 9, 18, 15, 6, 1);2;1/2;1;1/2*t^2 + 3/2*t + 1;(1, 3, 3, 1)
2|1|1|1|1|1;2|5;4;1;2;1;4;4;1/4;6;1/4*t^4 + 3/2*t^3 + 13/4*t^2 + 3*t + 1;(1, 9, 18, 15, 6, 1);2;1/2;1;1/2*t^2 + 3/2*t + 1;(1, 3, 3, 1)
2|1|1|1|1|1;3|1|1|1|1;5;0;1;4;1;2;1/2;1;1/2*t^2 + 3/2*t + 1;(1, 3, 3, 1);2;1/2;1;1/2*t^2 + 3/2*t + 1;(1, 3, 3, 1)
2|1|1|1|1|1;3|1|1|2;4;0;2;2;2;3;1/2;3;1/2*t^3 + 2*t^2 + 5/2*t + 1;(1, 6, 9, 5, 1);2;1/2;1;1/2*t^2 + 3/2*t + 1;(1, 3, 3, 1)
2|1|1|1|1|1;3|1|2|1;4;0;2;2;2;3;1/2;3;1/2*t^3 + 2*t^2 + 5/2*t + 1;(1, 6, 9, 5, 1);2;1/2;1;1/2*t^2 + 3/2*t + 1;(1, 3, 3, 1)
2|1|1|1|1|1;3|1|3;4;0;2;2;2;3;1/2;3;1/2*t^3 + 2*t^2 + 5/2*t + 1;(1, 6, 9, 5, 1);2;1/2;1;1/2*t^2 + 3/2*t + 1;(1, 3, 3, 1)
2|1|1|1|1|1;3|2|1|1;4;0;2;2;2;3;1/2;3;1/2*t^3 + 2*t^2 + 5/2*t + 1;(1, 6, 9, 5, 1);2;1/2;1;1/2*t^2 + 3/2*t + 1;(1, 3, 3, 1)
2|1|1|1|1|1;3|2|2;3;0;3;0;3;4;1/2;12;1/2*t^4 + 5/2*t^3 + 9/2*t^2 + 7/2*t + 1;(1, 12, 24, 19, 7, 1);2;1/2;1;1/2*t^2 + 3/2*t + 1;(1, 3, 3, 1)
2|1|1|1|1|1;3|3|1;4;0;2;2;2;3;1/2;3;1/2*t^3 + 2*t^2 + 5/2*t + 1;(1, 6, 9, 5, 1);2;1/2;1;1/2*t^2 + 3/2*t + 1;(1, 3, 3, 1)
2|1|1|1|1|1;3|4;3;0;3;0;3;4;1/4;6;1/4*t^4 + 3/2*t^3 + 13/4*t^2 + 3*t + 1;(1, 9, 18, 15, 6, 1);2;1/2;1;1/2*t^2 + 3/2*t + 1;(1, 3, 3, 1)
2|1|1|1|1|1;4|1|1|1;4;0;1;3;1;3;1/3;2;1/3*t^3 + 3/2*t^2 + 13/6*t + 1;(1, 5, 8, 5, 1);3;1/6;1;1/6*t^3 + t^2 + 11/6*t + 1;(1, 4, 6, 4, 1)
2|1|1|1|1|1;4|1|2;3;0;2;1;2;4;1/3;8;1/3*t^4 + 11/6*t^3 + 11/3*t^2 + 19/6*t + 1;(1, 10, 21, 18, 7, 1);3;1/6;1;1/6*t^3 + t^2 + 11/6*t + 1;(1, 4, 6, 4, 1)
2|1|1|1|1|1;4|2|1;3;0;2;1;2;4;1/3;8;1/3*t^4 + 11/6*t^3 + 11/3*t^2 + 19/6*t + 1;(1, 10, 21, 18, 7, 1);3;1/6;1;1/6*t^3 + t^2 + 11/6*t + 1;(1, 4, 6, 4, 1)
2|1|1|1|1|1;4|3;3;0;2;1;2;4;1/3;8;1/3*t^4 + 11/6*t^3 + 11/3*t^2 + 19/6*t + 1;(1, 10, 21, 18, 7, 1);3;1/6;1;1/6*t^3 + t^2 + 11/6*t + 1;(1, 4, 6, 4, 1)
2|1|1|1|1|1;5|1|1;4;0;1;3;1;3;1/3;2;1/3*t^3 + 3/2*t^2 + 13/6*t + 1;(1, 5, 8, 5, 1);3;1/6;1;1/6*t^3 + t^2 + 11/6*t + 1;(1, 4, 6, 4, 1)
2|1|1|1|1|1;5|2;3;0;2;1;2;4;1/3;8;1/3*t^4 + 11/6*t^3 + 11/3*t^2 + 19/6*t + 1;(1, 10, 21, 18, 7, 1);3;1/6;1;1/6*t^3 + t^2 + 11/6*t + 1;(1, 4, 6, 4, 1)
2|1|1|1|1|1;6|1;3;0;2;1;2;4;1/8;3;1/8*t^4 + 11/12*t^3 + 19/8*t^2 + 31/12*t + 1;(1, 7, 15, 14, 6, 1);3;1/6;1;1/6*t^3 + t^2 + 11/6*t + 1;(1, 4, 6, 4, 1)
2|1|1|1|1|1;7;3;0;2;1;2;4;1/8;3;1/8*t^4 + 11/12*t^3 + 19/8*t^2 + 31/12*t + 1;(1, 7, 15, 14, 6, 1);3;1/6;1;1/6*t^3 + t^2 + 11/6*t + 1;(1, 4, 6, 4, 1)
2|1|1|1|2;2|1|1|1|2;5;2;0;3;4;4;1/4;6;1/4*t^4 + 3/2*t^3 + 13/4*t^2 + 3*t + 1;(1, 9, 18, 15, 6, 1);2;1/2;1;1/2*t^2 + 3/2*t + 1;(1, 3, 3, 1)
2|1|1|1|2;2|1|1|2|1;4;1;1;2;3;4;1/2;12;1/2*t^4 + 5/2*t^3 + 9/2*t^2 + 7/2*t + 1;(1, 12, 24, 19, 7, 1);2;1/2;1;1/2*t^2 + 3/2*t + 1;(1, 3, 3, 1)
2|1|1|1|2;2|1|1|3;4;1;1;2;3;4;1/4;6;1/4*t^4 + 3/2*t^3 + 13/4*t^2 + 3*t + 1;(1, 9, 18, 15, 6, 1);2;1/2;1;1/2*t^2 + 3/2*t + 1;(1, 3, 3, 1)
2|1|1|1|2;2|1|2|1|1;4;1;2;1;4;4;1/2;12;1/2*t^4 + 5/2*t^3 + 9/2*t^2 + 7/2*t + 1;(1, 12, 24, 19, 7, 1);2;1/2;1;1/2*t^2 + 3/2*t + 1;(1, 3, 3, 1)
2|1|1|1|2;2|1|2|2;4;2;1;1;5;5;1/4;30;1/4*t^5 + 7/4*t^4 + 19/4*t^3 + 25/4*t^2 + 4*t + 1;(1, 18, 45, 48, 27, 8, 1);2;1/2;1;1/2*t^2 + 3/2*t + 1;(1, 3, 3, 1)
2|1|1|1|2;2|1|3|1;4;1;1;2;3;4;1/2;12;1/2*t^4 + 5/2*t^3 + 9/2*t^2 + 7/2*t + 1;(1, 12, 24, 19, 7, 1);2;1/2;1;1/2*t^2 + 3/2*t + 1;(1, 3, 3, 1)
2|1|1|1|2;2|1|4;3;1;1;1;3;5;1/6;20;1/6*t^5 + 5/4*t^4 + 11/3*t^3 + 21/4*t^2 + 11/3*t + 1;(1, 15, 39, 44, 26, 8, 1);2;1/2;1;1/2*t^2 + 3/2*t + 1;(1, 3, 3, 1)
2|1|1|1|2;2|2|1|1|1;4;1;2;1;4;4;1/2;12;1/2*t^4 + 5/2*t^3 + 9/2*t^2 + 7/2*t + 1;(1, 12, 24, 19, 7, 1);2;1/2;1;1/2*t^2 + 3/2*t + 1;(1, 3, 3, 1)
2|1|1|1|2;2|2|1|2;4;2;1;1;5;5;1/4;30;1/4*t^5 + 7/4*t^4 + 19/4*t^3 + 25/4*t^2 + 4*t + 1;(1, 18, 45, 48, 27, 8, 1);2;1/2;1;1/2*t^2 + 3/2*t + 1;(1, 3, 3, 1)
2|1|1|1|2;2|2|2|1;3;1;2;0;4;5;1/2;60;1/2*t^5 + 3*t^4 + 7*t^3 + 8*t^2 + 9/2*t + 1;(1, 24, 60, 62, 33, 9, 1);2;1/2;1;1/2*t^2 + 3/2*t + 1;(1, 3, 3, 1)
2|1|1|1|2;2|2|3;3;1;2;0;4;5;1/4;30;1/4*t^5 + 7/4*t^4 + 19/4*t^3 + 25/4*t^2 + 4*t + 1;(1, 18, 45, 48, 27, 8, 1);2;1/2;1;1/2*t^2 + 3/2*t + 1;(1, 3, 3, 1)
2|1|1|1|2;2|3|1|1;4;1;2;1;4;4;1/2;12;1/2*t^4 + 5/2*t^3 + 9/2*t^2 + 7/2*t + 1;(1, 12, 24, 19, 7, 1);2;1/2;1;1/2*t^2 + 3/2*t + 1;(1, 3, 3, 1)
2|1|1|1|2;2|3|2;4;2;1;1;5;5;1/4;30;1/4*t^5 + 7/4*t^4 + 19/4*t^3 + 25/4*t^2 + 4*t + 1;(1, 18, 45, 48, 27, 8, 1);2;1/2;1;1/2*t^2 + 3/2*t + 1;(1, 3, 3, 1)
2|1|1|1|2;2|4|1;3;1;2;0;4;5;1/4;30;1/4*t^5 + 7/4*t^4 + 19/4*t^3 + 25/4*t^2 + 4*t + 1;(1, 18, 45, 48, 27, 8, 1);2;1/2;1;1/2*t^2 + 3/2*t + 1;(1, 3, 3, 1)
2|1|1|1|2;2|5;3;1;1;1;3;5;1/6;20;1/6*t^5 + 5/4*t^4 + 11/3*t^3 + 21/4*t^2 + 11/3*t + 1;(1, 15, 39, 44, 26, 8, 1);2;1/2;1;1/2*t^2 + 3/2*t + 1;(1, 3, 3, 1)
2|1|1|1|2;3|1|1|1|1;4;0;2;2;2;3;1/2;3;1/2*t^3 + 2*t^2 + 5/2*t + 1;(1, 6, 9, 5, 1);2;1/2;1;1/2*t^2 + 3/2*t + 1;(1, 3, 3, 1)
2|1|1|1|2;3|1|1|2;4;1;1;2;3;4;1/4;6;1/4*t^4 + 3/2*t^3 + 13/4*t^2 + 3*t + 1;(1, 9, 18, 15, 6, 1);2;1/2;1;1/2*t^2 + 3/2*t + 1;(1, 3, 3, 1)
2|1|1|1|2;3|1|2|1;3;0;2;1;2;4;1/2;12;1/2*t^4 + 5/2*t^3 + 9/2*t^2 + 7/2*t + 1;(1, 12, 24, 19, 7, 1);2;1/2;1;1/2*t^2 + 3/2*t + 1;(1, 3, 3, 1)
2|1|1|1|2;3|1|3;3;0;2;1;2;4;1/4;6;1/4*t^4 + 3/2*t^3 + 13/4*t^2 + 3*t + 1;(1, 9, 18, 15, 6, 1);2;1/2;1;1/2*t^2 + 3/2*t + 1;(1, 3, 3, 1)
2|1|1|1|2;3|2|1|1;3;0;3;0;3;4;1/2;12;1/2*t^4 + 5/2*t^3 + 9/2*t^2 + 7/2*t + 1;(1, 12, 24, 19, 7, 1);2;1/2;1;1/2*t^2 + 3/2*t + 1;(1, 3, 3, 1)
2|1|1|1|2;3|2|2;3;1;2;0;4;5;1/4;30;1/4*t^5 + 7/4*t^4 + 19/4*t^3 + 25/4*t^2 + 4*t + 1;(1, 18, 45, 48, 27, 8, 1);2;1/2;1;1/2*t^2 + 3/2*t + 1;(1, 3, 3, 1)
2|1|1|1|2;3|3|1;3;0;2;1;2;4;1/2;12;1/2*t^4 + 5/2*t^3 + 9/2*t^2 + 7/2*t + 1;(1, 12, 24, 19, 7, 1);2;1/2;1;1/2*t^2 + 3/2*t + 1;(1, 3, 3, 1)
2|1|1|1|2;3|4;2;0;2;0;2;5;1/6;20;1/6*t^5 + 5/4*t^4 + 11/3*t^3 + 21/4*t^2 + 11/3*t + 1;(1, 15, 39, 44, 26, 8, 1);2;1/2;1;1/2*t^2 + 3/2*t + 1;(1, 3, 3, 1)
2|1|1|1|2;4|1|1|1;3;0;2;1;2;4;1/3;8;1/3*t^4 + 11/6*t^3 + 11/3*t^2 + 19/6*t + 1;(1, 10, 21, 18, 7, 1);3;1/6;1;1/6*t^3 + t^2 + 11/6*t + 1;(1, 4, 6, 4, 1)
2|1|1|1|2;4|1|2;3;1;1;1;3;5;1/6;20;1/6*t^5 + 5/4*t^4 + 11/3*t^3 + 21/4*t^2 + 11/3*t + 1;(1, 15, 39, 44, 26, 8, 1);3;1/6;1;1/6*t^3 + t^2 + 11/6*t + 1;(1, 4, 6, 4, 1)
2|1|1|1|2;4|2|1;2;0;2;0;2;5;1/3;40;1/3*t^5 + 13/6*t^4 + 11/2*t^3 + 41/6*t^2 + 25/6*t + 1;(1, 20, 52, 57, 32, 9, 1);3;1/6;1;1/6*t^3 + t^2 + 11/6*t + 1;(1, 4, 6, 4, 1)
2|1|1|1|2;4|3;2;0;2;0;2;5;1/6;20;1/6*t^5 + 5/4*t^4 + 11/3*t^3 + 21/4*t^2 + 11/3*t + 1;(1, 15, 39, 44, 26, 8, 1);3;1/6;1;1/6*t^3 + t^2 + 11/6*t + 1;(1, 4, 6, 4, 1)
2|1|1|1|2;5|1|1;3;0;2;1;2;4;1/3;8;1/3*t^4 + 11/6*t^3 + 11/3*t^2 + 19/6*t + 1;(1, 10, 21, 18, 7, 1);3;1/6;1;1/6*t^3 + t^2 + 11/6*t + 1;(1, 4, 6, 4, 1)
2|1|1|1|2;5|2;3;1;1;1;3;5;1/6;20;1/6*t^5 + 5/4*t^4 + 11/3*t^3 + 21/4*t^2 + 11/3*t + 1;(1, 15, 39, 44, 26, 8, 1);3;1/6;1;1/6*t^3 + t^2 + 11/6*t + 1;(1, 4, 6, 4, 1)
2|1|1|1|2;6|1;2;0;2;0;2;5;1/8;15;1/8*t^5 + 25/24*t^4 + 79/24*t^3 + 119/24*t^2 + 43/12*t + 1;(1, 14, 37, 43, 26, 8, 1);4;1/24;1;1/24*t^4 + 5/12*t^3 + 35/24*t^2 + 25/12*t + 1;(1, 5, 10, 10, 5, 1)
2|1|1|1|2;7;3;1;1;1;3;5;1/10;12;1/10*t^5 + 7/8*t^4 + 35/12*t^3 + 37/8*t^2 + 209/60*t + 1;(1, 13, 36, 43, 26, 8, 1);4;1/24;1;1/24*t^4 + 5/12*t^3 + 35/24*t^2 + 25/12*t + 1;(1, 5, 10, 10, 5, 1)
2|1|1|2|1;2|1|1|2|1;5;2;0;3;4;4;1/4;6;1/4*t^4 + 3/2*t^3 + 13/4*t^2 + 3*t + 1;(1, 9, 18, 15, 6, 1);2;1/2;1;1/2*t^2 + 3/2*t + 1;(1, 3, 3, 1)
2|1|1|2|1;2|1|1|3;4;1;1;2;3;4;1/4;6;1/4*t^4 + 3/2*t^3 + 13/4*t^2 + 3*t + 1;(1, 9, 18, 15, 6, 1);2;1/2;1;1/2*t^2 + 3/2*t + 1;(1, 3, 3, 1)
2|1|1|2|1;2|1|2|1|1;4;1;1;2;3;4;1/2;12;1/2*t^4 + 5/2*t^3 + 9/2*t^2 + 7/2*t + 1;(1, 12, 24, 19, 7, 1);2;1/2;1;1/2*t^2 + 3/2*t + 1;(1, 3, 3, 1)
2|1|1|2|1;2|1|2|2;3;1;1;1;3;5;1/2;60;1/2*t^5 + 3*t^4 + 7*t^3 + 8*t^2 + 9/2*t + 1;(1, 24, 60, 62, 33, 9, 1);2;1/2;1;1/2*t^2 + 3/2*t + 1;(1, 3, 3, 1)
2|1|1|2|1;2|1|3|1;4;1;1;2;3;4;1/4;6;1/4*t^4 + 3/2*t^3 + 13/4*t^2 + 3*t + 1;(1, 9, 18, 15, 6, 1);2;1/2;1;1/2*t^2 + 3/2*t + 1;(1, 3, 3, 1)
2|1|1|2|1;2|1|4;4;2;1;1;5;5;1/12;10;1/12*t^5 + 3/4*t^4 + 31/12*t^3 + 17/4*t^2 + 10/3*t + 1;(1, 12, 30, 34, 21, 7, 1);2;1/2;1;1/2*t^2 + 3/2*t + 1;(1, 3, 3, 1)
2|1|1|2|1;2|2|1|1|1;4;1;2;1;4;4;1/2;12;1/2*t^4 + 5/2*t^3 + 9/2*t^2 + 7/2*t + 1;(1, 12, 24, 19, 7, 1);2;1/2;1;1/2*t^2 + 3/2*t + 1;(1, 3, 3, 1)
2|1|1|2|1;2|2|1|2;3;1;2;0;4;5;1/2;60;1/2*t^5 + 3*t^4 + 7*t^3 + 8*t^2 + 9/2*t + 1;(1, 24, 60, 62, 33, 9, 1);2;1/2;1;1/2*t^2 + 3/2*t + 1;(1, 3, 3, 1)
2|1|1|2|1;2|2|2|1;4;2;1;1;5;5;1/4;30;1/4*t^5 + 7/4*t^4 + 19/4*t^3 + 25/4*t^2 + 4*t + 1;(1, 18, 45, 48, 27, 8, 1);2;1/2;1;1/2*t^2 + 3/2*t + 1;(1, 3, 3, 1)
2|1|1|2|1;2|2|3;3;1;2;0;4;5;1/4;30;1/4*t^5 + 7/4*t^4 + 19/4*t^3 + 25/4*t^2 + 4*t + 1;(1, 18, 45, 48, 27, 8, 1);2;1/2;1;1/2*t^2 + 3/2*t + 1;(1, 3, 3, 1)
2|1|1|2|1;2|3|1|1;4;1;1;2;3;4;1/2;12;1/2*t^4 + 5/2*t^3 + 9/2*t^2 + 7/2*t + 1;(1, 12, 24, 19, 7, 1);2;1/2;1;1/2*t^2 + 3/2*t + 1;(1, 3, 3, 1)
2|1|1|2|1;2|3|2;3;1;1;1;3;5;1/2;60;1/2*t^5 + 3*t^4 + 7*t^3 + 8*t^2 + 9/2*t + 1;(1, 24, 60, 62, 33, 9, 1);2;1/2;1;1/2*t^2 + 3/2*t + 1;(1, 3, 3, 1)
2|1|1|2|1;2|4|1;3;1;1;1;3;5;1/6;20;1/6*t^5 + 5/4*t^4 + 11/3*t^3 + 21/4*t^2 + 11/3*t + 1;(1, 15, 39, 44, 26, 8, 1);2;1/2;1;1/2*t^2 + 3/2*t + 1;(1, 3, 3, 1)
2|1|1|2|1;2|5;3;1;2;0;4;5;1/12;10;1/12*t^5 + 3/4*t^4 + 31/12*t^3 + 17/4*t^2 + 10/3*t + 1;(1, 12, 30, 34, 21, 7, 1);2;1/2;1;1/2*t^2 + 3/2*t + 1;(1, 3, 3, 1)
2|1|1|2|1;3|1|1|1|1;4;0;2;2;2;3;1/2;3;1/2*t^3 + 2*t^2 + 5/2*t + 1;(1, 6, 9, 5, 1);2;1/2;1;1/2*t^2 + 3/2*t + 1;(1, 3, 3, 1)
2|1|1|2|1;3|1|1|2;3;0;2;1;2;4;1/2;12;1/2*t^4 + 5/2*t^3 + 9/2*t^2 + 7/2*t + 1;(1, 12, 24, 19, 7, 1);2;1/2;1;1/2*t^2 + 3/2*t + 1;(1, 3, 3, 1)
2|1|1|2|1;3|1|2|1;4;1;1;2;3;4;1/4;6;1/4*t^4 + 3/2*t^3 + 13/4*t^2 + 3*t + 1;(1, 9, 18, 15, 6, 1);2;1/2;1;1/2*t^2 + 3/2*t + 1;(1, 3, 3, 1)
2|1|1|2|1;3|1|3;3;0;2;1;2;4;1/4;6;1/4*t^4 + 3/2*t^3 + 13/4*t^2 + 3*t + 1;(1, 9, 18, 15, 6, 1);2;1/2;1;1/2*t^2 + 3/2*t + 1;(1, 3, 3, 1)
2|1|1|2|1;3|2|1|1;3;0;2;1;2;4;1/2;12;1/2*t^4 + 5/2*t^3 + 9/2*t^2 + 7/2*t + 1;(1, 12, 24, 19, 7, 1);2;1/2;1;1/2*t^2 + 3/2*t + 1;(1, 3, 3, 1)
2|1|1|2|1;3|2|2;2;0;2;0;2;5;1/2;60;1/2*t^5 + 3*t^4 + 7*t^3 + 8*t^2 + 9/2*t + 1;(1, 24, 60, 62, 33, 9, 1);2;1/2;1;1/2*t^2 + 3/2*t + 1;(1, 3, 3, 1)
2|1|1|2|1;3|3|1;3;0;2;1;2;4;1/4;6;1/4*t^4 + 3/2*t^3 + 13/4*t^2 + 3*t + 1;(1, 9, 18, 15, 6, 1);2;1/2;1;1/2*t^2 + 3/2*t + 1;(1, 3, 3, 1)
2|1|1|2|1;3|4;3;1;2;0;4;5;1/12;10;1/12*t^5 + 3/4*t^4 + 31/12*t^3 + 17/4*t^2 + 10/3*t + 1;(1, 12, 30, 34, 21, 7, 1);2;1/2;1;1/2*t^2 + 3/2*t + 1;(1, 3, 3, 1)
2|1|1|2|1;4|1|1|1;3;0;2;1;2;4;1/3;8;1/3*t^4 + 11/6*t^3 + 11/3*t^2 + 19/6*t + 1;(1, 10, 21, 18, 7, 1);3;1/6;1;1/6*t^3 + t^2 + 11/6*t + 1;(1, 4, 6, 4, 1)
2|1|1|2|1;4|1|2;2;0;2;0;2;5;1/3;40;1/3*t^5 + 13/6*t^4 + 11/2*t^3 + 41/6*t^2 + 25/6*t + 1;(1, 20, 52, 57, 32, 9, 1);3;1/6;1;1/6*t^3 + t^2 + 11/6*t + 1;(1, 4, 6, 4, 1)
2|1|1|2|1;4|2|1;3;1;1;1;3;5;1/6;20;1/6*t^5 + 5/4*t^4 + 11/3*t^3 + 21/4*t^2 + 11/3*t + 1;(1, 15, 39, 44, 26, 8, 1);3;1/6;1;1/6*t^3 + t^2 + 11/6*t + 1;(1, 4, 6, 4, 1)
2|1|1|2|1;4|3;2;0;2;0;2;5;1/6;20;1/6*t^5 + 5/4*t^4 + 11/3*t^3 + 21/4*t^2 + 11/3*t + 1;(1, 15, 39, 44, 26, 8, 1);3;1/6;1;1/6*t^3 + t^2 + 11/6*t + 1;(1, 4, 6, 4, 1)
2|1|1|2|1;5|1|1;3;0;1;2;1;4;1/3;8;1/3*t^4 + 11/6*t^3 + 11/3*t^2 + 19/6*t + 1;(1, 10, 21, 18, 7, 1);4;1/24;1;1/24*t^4 + 5/12*t^3 + 35/24*t^2 + 25/12*t + 1;(1, 5, 10, 10, 5, 1)
2|1|1|2|1;5|2;2;0;1;1;1;5;1/3;40;1/3*t^5 + 13/6*t^4 + 11/2*t^3 + 41/6*t^2 + 25/6*t + 1;(1, 20, 52, 57, 32, 9, 1);5;1/120;1;1/120*t^5 + 1/8*t^4 + 17/24*t^3 + 15/8*t^2 + 137/60*t + 1;(1, 6, 15, 20, 15, 6, 1)
2|1|1|2|1;6|1;3;1;1;1;3;5;1/10;12;1/10*t^5 + 7/8*t^4 + 35/12*t^3 + 37/8*t^2 + 209/60*t + 1;(1, 13, 36, 43, 26, 8, 1);4;1/24;1;1/24*t^4 + 5/12*t^3 + 35/24*t^2 + 25/12*t + 1;(1, 5, 10, 10, 5, 1)
2|1|1|2|1;7;2;0;1;1;1;5;1/15;8;1/15*t^5 + 5/8*t^4 + 9/4*t^3 + 31/8*t^2 + 191/60*t + 1;(1, 11, 31, 39, 25, 8, 1);3;1/6;1;1/6*t^3 + t^2 + 11/6*t + 1;(1, 4, 6, 4, 1)
2|1|1|3;2|1|1|3;5;2;0;3;4;4;1/4;6;1/4*t^4 + 3/2*t^3 + 13/4*t^2 + 3*t + 1;(1, 9, 18, 15, 6, 1);2;1/2;1;1/2*t^2 + 3/2*t + 1;(1, 3, 3, 1)
2|1|1|3;2|1|2|1|1;4;1;1;2;3;4;1/2;12;1/2*t^4 + 5/2*t^3 + 9/2*t^2 + 7/2*t + 1;(1, 12, 24, 19, 7, 1);2;1/2;1;1/2*t^2 + 3/2*t + 1;(1, 3, 3, 1)
2|1|1|3;2|1|2|2;3;1;1;1;3;5;1/4;30;1/4*t^5 + 7/4*t^4 + 19/4*t^3 + 25/4*t^2 + 4*t + 1;(1, 18, 45, 48, 27, 8, 1);2;1/2;1;1/2*t^2 + 3/2*t + 1;(1, 3, 3, 1)
2|1|1|3;2|1|3|1;4;1;2;1;4;4;1/4;6;1/4*t^4 + 3/2*t^3 + 13/4*t^2 + 3*t + 1;(1, 9, 18, 15, 6, 1);2;1/2;1;1/2*t^2 + 3/2*t + 1;(1, 3, 3, 1)
2|1|1|3;2|1|4;3;1;1;1;3;5;1/12;10;1/12*t^5 + 3/4*t^4 + 31/12*t^3 + 17/4*t^2 + 10/3*t + 1;(1, 12, 30, 34, 21, 7, 1);2;1/2;1;1/2*t^2 + 3/2*t + 1;(1, 3, 3, 1)
2|1|1|3;2|2|1|1|1;4;1;2;1;4;4;1/2;12;1/2*t^4 + 5/2*t^3 + 9/2*t^2 + 7/2*t + 1;(1, 12, 24, 19, 7, 1);2;1/2;1;1/2*t^2 + 3/2*t + 1;(1, 3, 3, 1)
2|1|1|3;2|2|1|2;3;1;2;0;4;5;1/4;30;1/4*t^5 + 7/4*t^4 + 19/4*t^3 + 25/4*t^2 + 4*t + 1;(1, 18, 45, 48, 27, 8, 1);2;1/2;1;1/2*t^2 + 3/2*t + 1;(1, 3, 3, 1)
2|1|1|3;2|2|2|1;3;1;2;0;4;5;1/4;30;1/4*t^5 + 7/4*t^4 + 19/4*t^3 + 25/4*t^2 + 4*t + 1;(1, 18, 45, 48, 27, 8, 1);2;1/2;1;1/2*t^2 + 3/2*t + 1;(1, 3, 3, 1)
2|1|1|3;2|2|3;4;2;1;1;5;5;1/4;30;1/4*t^5 + 7/4*t^4 + 19/4*t^3 + 25/4*t^2 + 4*t + 1;(1, 18, 45, 48, 27, 8, 1);2;1/2;1;1/2*t^2 + 3/2*t + 1;(1, 3, 3, 1)
2|1|1|3;2|3|1|1;4;1;1;2;3;4;1/2;12;1/2*t^4 + 5/2*t^3 + 9/2*t^2 + 7/2*t + 1;(1, 12, 24, 19, 7, 1);2;1/2;1;1/2*t^2 + 3/2*t + 1;(1, 3, 3, 1)
2|1|1|3;2|3|2;3;1;1;1;3;5;1/4;30;1/4*t^5 + 7/4*t^4 + 19/4*t^3 + 25/4*t^2 + 4*t + 1;(1, 18, 45, 48, 27, 8, 1);2;1/2;1;1/2*t^2 + 3/2*t + 1;(1, 3, 3, 1)
2|1|1|3;2|4|1;3;1;2;0;4;5;1/6;20;1/6*t^5 + 5/4*t^4 + 11/3*t^3 + 21/4*t^2 + 11/3*t + 1;(1, 15, 39, 44, 26, 8, 1);2;1/2;1;1/2*t^2 + 3/2*t + 1;(1, 3, 3, 1)
2|1|1|3;2|5;3;1;2;0;4;5;1/12;10;1/12*t^5 + 3/4*t^4 + 31/12*t^3 + 17/4*t^2 + 10/3*t + 1;(1, 12, 30, 34, 21, 7, 1);2;1/2;1;1/2*t^2 + 3/2*t + 1;(1, 3, 3, 1)
2|1|1|3;3|1|1|1|1;4;0;2;2;2;3;1/2;3;1/2*t^3 + 2*t^2 + 5/2*t + 1;(1, 6, 9, 5, 1);2;1/2;1;1/2*t^2 + 3/2*t + 1;(1, 3, 3, 1)
2|1|1|3;3|1|1|2;3;0;2;1;2;4;1/4;6;1/4*t^4 + 3/2*t^3 + 13/4*t^2 + 3*t + 1;(1, 9, 18, 15, 6, 1);2;1/2;1;1/2*t^2 + 3/2*t + 1;(1, 3, 3, 1)
2|1|1|3;3|1|2|1;3;0;2;1;2;4;1/4;6;1/4*t^4 + 3/2*t^3 + 13/4*t^2 + 3*t + 1;(1, 9, 18, 15, 6, 1);2;1/2;1;1/2*t^2 + 3/2*t + 1;(1, 3, 3, 1)
2|1|1|3;3|1|3;4;1;1;2;3;4;1/4;6;1/4*t^4 + 3/2*t^3 + 13/4*t^2 + 3*t + 1;(1, 9, 18, 15, 6, 1);2;1/2;1;1/2*t^2 + 3/2*t + 1;(1, 3, 3, 1)
2|1|1|3;3|2|1|1;3;0;2;1;2;4;1/2;12;1/2*t^4 + 5/2*t^3 + 9/2*t^2 + 7/2*t + 1;(1, 12, 24, 19, 7, 1);2;1/2;1;1/2*t^2 + 3/2*t + 1;(1, 3, 3, 1)
2|1|1|3;3|2|2;2;0;2;0;2;5;1/4;30;1/4*t^5 + 7/4*t^4 + 19/4*t^3 + 25/4*t^2 + 4*t + 1;(1, 18, 45, 48, 27, 8, 1);2;1/2;1;1/2*t^2 + 3/2*t + 1;(1, 3, 3, 1)
2|1|1|3;3|3|1;3;0;3;0;3;4;1/4;6;1/4*t^4 + 3/2*t^3 + 13/4*t^2 + 3*t + 1;(1, 9, 18, 15, 6, 1);2;1/2;1;1/2*t^2 + 3/2*t + 1;(1, 3, 3, 1)
2|1|1|3;3|4;2;0;2;0;2;5;1/12;10;1/12*t^5 + 3/4*t^4 + 31/12*t^3 + 17/4*t^2 + 10/3*t + 1;(1, 12, 30, 34, 21, 7, 1);2;1/2;1;1/2*t^2 + 3/2*t + 1;(1, 3, 3, 1)
2|1|1|3;4|1|1|1;3;0;2;1;2;4;1/3;8;1/3*t^4 + 11/6*t^3 + 11/3*t^2 + 19/6*t + 1;(1, 10, 21, 18, 7, 1);3;1/6;1;1/6*t^3 + t^2 + 11/6*t + 1;(1, 4, 6, 4, 1)
2|1|1|3;4|1|2;2;0;2;0;2;5;1/6;20;1/6*t^5 + 5/4*t^4 + 11/3*t^3 + 21/4*t^2 + 11/3*t + 1;(1, 15, 39, 44, 26, 8, 1);3;1/6;1;1/6*t^3 + t^2 + 11/6*t + 1;(1, 4, 6, 4, 1)
2|1|1|3;4|2|1;2;0;2;0;2;5;1/6;20;1/6*t^5 + 5/4*t^4 + 11/3*t^3 + 21/4*t^2 + 11/3*t + 1;(1, 15, 39, 44, 26, 8, 1);3;1/6;1;1/6*t^3 + t^2 + 11/6*t + 1;(1, 4, 6, 4, 1)
2|1|1|3;4|3;3;1;1;1;3;5;1/6;20;1/6*t^5 + 5/4*t^4 + 11/3*t^3 + 21/4*t^2 + 11/3*t + 1;(1, 15, 39, 44, 26, 8, 1);3;1/6;1;1/6*t^3 + t^2 + 11/6*t + 1;(1, 4, 6, 4, 1)
2|1|1|3;5|1|1;3;0;1;2;1;4;1/3;8;1/3*t^4 + 11/6*t^3 + 11/3*t^2 + 19/6*t + 1;(1, 10, 21, 18, 7, 1);4;1/24;1;1/24*t^4 + 5/12*t^3 + 35/24*t^2 + 25/12*t + 1;(1, 5, 10, 10, 5, 1)
2|1|1|3;5|2;2;0;1;1;1;5;1/6;20;1/6*t^5 + 5/4*t^4 + 11/3*t^3 + 21/4*t^2 + 11/3*t + 1;(1, 15, 39, 44, 26, 8, 1);4;1/24;1;1/24*t^4 + 5/12*t^3 + 35/24*t^2 + 25/12*t + 1;(1, 5, 10, 10, 5, 1)
2|1|1|3;6|1;2;0;2;0;2;5;1/10;12;1/10*t^5 + 7/8*t^4 + 35/12*t^3 + 37/8*t^2 + 209/60*t + 1;(1, 13, 36, 43, 26, 8, 1);4;1/24;1;1/24*t^4 + 5/12*t^3 + 35/24*t^2 + 25/12*t + 1;(1, 5, 10, 10, 5, 1)
2|1|1|3;7;2;0;1;1;1;5;1/15;8;1/15*t^5 + 5/8*t^4 + 9/4*t^3 + 31/8*t^2 + 191/60*t + 1;(1, 11, 31, 39, 25, 8, 1);3;1/6;1;1/6*t^3 + t^2 + 11/6*t + 1;(1, 4, 6, 4, 1)
2|1|2|1|1;2|1|2|1|1;5;2;0;3;4;4;1/4;6;1/4*t^4 + 3/2*t^3 + 13/4*t^2 + 3*t + 1;(1, 9, 18, 15, 6, 1);2;1/2;1;1/2*t^2 + 3/2*t + 1;(1, 3, 3, 1)
2|1|2|1|1;2|1|2|2;4;2;1;1;5;5;1/4;30;1/4*t^5 + 7/4*t^4 + 19/4*t^3 + 25/4*t^2 + 4*t + 1;(1, 18, 45, 48, 27, 8, 1);2;1/2;1;1/2*t^2 + 3/2*t + 1;(1, 3, 3, 1)
2|1|2|1|1;2|1|3|1;4;1;1;2;3;4;1/4;6;1/4*t^4 + 3/2*t^3 + 13/4*t^2 + 3*t + 1;(1, 9, 18, 15, 6, 1);2;1/2;1;1/2*t^2 + 3/2*t + 1;(1, 3, 3, 1)
2|1|2|1|1;2|1|4;3;1;1;1;3;5;1/6;20;1/6*t^5 + 5/4*t^4 + 11/3*t^3 + 21/4*t^2 + 11/3*t + 1;(1, 15, 39, 44, 26, 8, 1);2;1/2;1;1/2*t^2 + 3/2*t + 1;(1, 3, 3, 1)
2|1|2|1|1;2|2|1|1|1;4;1;1;2;3;4;1/2;12;1/2*t^4 + 5/2*t^3 + 9/2*t^2 + 7/2*t + 1;(1, 12, 24, 19, 7, 1);2;1/2;1;1/2*t^2 + 3/2*t + 1;(1, 3, 3, 1)
2|1|2|1|1;2|2|1|2;3;1;2;0;4;5;1/2;60;1/2*t^5 + 3*t^4 + 7*t^3 + 8*t^2 + 9/2*t + 1;(1, 24, 60, 62, 33, 9, 1);2;1/2;1;1/2*t^2 + 3/2*t + 1;(1, 3, 3, 1)
2|1|2|1|1;2|2|2|1;3;1;1;1;3;5;1/2;60;1/2*t^5 + 3*t^4 + 7*t^3 + 8*t^2 + 9/2*t + 1;(1, 24, 60, 62, 33, 9, 1);2;1/2;1;1/2*t^2 + 3/2*t + 1;(1, 3, 3, 1)
2|1|2|1|1;2|2|3;3;1;1;1;3;5;1/2;60;1/2*t^5 + 3*t^4 + 7*t^3 + 8*t^2 + 9/2*t + 1;(1, 24, 60, 62, 33, 9, 1);2;1/2;1;1/2*t^2 + 3/2*t + 1;(1, 3, 3, 1)
2|1|2|1|1;2|3|1|1;4;1;1;2;3;4;1/4;6;1/4*t^4 + 3/2*t^3 + 13/4*t^2 + 3*t + 1;(1, 9, 18, 15, 6, 1);2;1/2;1;1/2*t^2 + 3/2*t + 1;(1, 3, 3, 1)
2|1|2|1|1;2|3|2;3;1;2;0;4;5;1/4;30;1/4*t^5 + 7/4*t^4 + 19/4*t^3 + 25/4*t^2 + 4*t + 1;(1, 18, 45, 48, 27, 8, 1);2;1/2;1;1/2*t^2 + 3/2*t + 1;(1, 3, 3, 1)
2|1|2|1|1;2|4|1;4;2;1;1;5;5;1/12;10;1/12*t^5 + 3/4*t^4 + 31/12*t^3 + 17/4*t^2 + 10/3*t + 1;(1, 12, 30, 34, 21, 7, 1);2;1/2;1;1/2*t^2 + 3/2*t + 1;(1, 3, 3, 1)
2|1|2|1|1;2|5;3;1;2;0;4;5;1/12;10;1/12*t^5 + 3/4*t^4 + 31/12*t^3 + 17/4*t^2 + 10/3*t + 1;(1, 12, 30, 34, 21, 7, 1);2;1/2;1;1/2*t^2 + 3/2*t + 1;(1, 3, 3, 1)
2|1|2|1|1;3|1|1|1|1;4;0;2;2;2;3;1/2;3;1/2*t^3 + 2*t^2 + 5/2*t + 1;(1, 6, 9, 5, 1);2;1/2;1;1/2*t^2 + 3/2*t + 1;(1, 3, 3, 1)
2|1|2|1|1;3|1|1|2;3;0;3;0;3;4;1/2;12;1/2*t^4 + 5/2*t^3 + 9/2*t^2 + 7/2*t + 1;(1, 12, 24, 19, 7, 1);2;1/2;1;1/2*t^2 + 3/2*t + 1;(1, 3, 3, 1)
2|1|2|1|1;3|1|2|1;3;0;2;1;2;4;1/2;12;1/2*t^4 + 5/2*t^3 + 9/2*t^2 + 7/2*t + 1;(1, 12, 24, 19, 7, 1);2;1/2;1;1/2*t^2 + 3/2*t + 1;(1, 3, 3, 1)
2|1|2|1|1;3|1|3;3;0;2;1;2;4;1/2;12;1/2*t^4 + 5/2*t^3 + 9/2*t^2 + 7/2*t + 1;(1, 12, 24, 19, 7, 1);2;1/2;1;1/2*t^2 + 3/2*t + 1;(1, 3, 3, 1)
2|1|2|1|1;3|2|1|1;4;1;1;2;3;4;1/4;6;1/4*t^4 + 3/2*t^3 + 13/4*t^2 + 3*t + 1;(1, 9, 18, 15, 6, 1);2;1/2;1;1/2*t^2 + 3/2*t + 1;(1, 3, 3, 1)
2|1|2|1|1;3|2|2;3;1;2;0;4;5;1/4;30;1/4*t^5 + 7/4*t^4 + 19/4*t^3 + 25/4*t^2 + 4*t + 1;(1, 18, 45, 48, 27, 8, 1);2;1/2;1;1/2*t^2 + 3/2*t + 1;(1, 3, 3, 1)
2|1|2|1|1;3|3|1;3;0;2;1;2;4;1/4;6;1/4*t^4 + 3/2*t^3 + 13/4*t^2 + 3*t + 1;(1, 9, 18, 15, 6, 1);2;1/2;1;1/2*t^2 + 3/2*t + 1;(1, 3, 3, 1)
2|1|2|1|1;3|4;2;0;2;0;2;5;1/6;20;1/6*t^5 + 5/4*t^4 + 11/3*t^3 + 21/4*t^2 + 11/3*t + 1;(1, 15, 39, 44, 26, 8, 1);2;1/2;1;1/2*t^2 + 3/2*t + 1;(1, 3, 3, 1)
2|1|2|1|1;4|1|1|1;3;0;1;2;1;4;1/3;8;1/3*t^4 + 11/6*t^3 + 11/3*t^2 + 19/6*t + 1;(1, 10, 21, 18, 7, 1);4;1/24;1;1/24*t^4 + 5/12*t^3 + 35/24*t^2 + 25/12*t + 1;(1, 5, 10, 10, 5, 1)
2|1|2|1|1;4|1|2;2;0;2;0;2;5;1/3;40;1/3*t^5 + 13/6*t^4 + 11/2*t^3 + 41/6*t^2 + 25/6*t + 1;(1, 20, 52, 57, 32, 9, 1);4;1/24;1;1/24*t^4 + 5/12*t^3 + 35/24*t^2 + 25/12*t + 1;(1, 5, 10, 10, 5, 1)
2|1|2|1|1;4|2|1;2;0;1;1;1;5;1/3;40;1/3*t^5 + 13/6*t^4 + 11/2*t^3 + 41/6*t^2 + 25/6*t + 1;(1, 20, 52, 57, 32, 9, 1);5;1/120;1;1/120*t^5 + 1/8*t^4 + 17/24*t^3 + 15/8*t^2 + 137/60*t + 1;(1, 6, 15, 20, 15, 6, 1)
2|1|2|1|1;4|3;2;0;1;1;1;5;1/3;40;1/3*t^5 + 13/6*t^4 + 11/2*t^3 + 41/6*t^2 + 25/6*t + 1;(1, 20, 52, 57, 32, 9, 1);5;1/120;1;1/120*t^5 + 1/8*t^4 + 17/24*t^3 + 15/8*t^2 + 137/60*t + 1;(1, 6, 15, 20, 15, 6, 1)
2|1|2|1|1;5|1|1;4;1;0;3;2;4;1/4;6;1/4*t^4 + 3/2*t^3 + 13/4*t^2 + 3*t + 1;(1, 9, 20, 18, 7, 1);4;1/24;1;1/24*t^4 + 5/12*t^3 + 35/24*t^2 + 25/12*t + 1;(1, 5, 10, 10, 5, 1)
2|1|2|1|1;5|2;3;1;1;1;3;5;1/4;30;1/4*t^5 + 7/4*t^4 + 19/4*t^3 + 25/4*t^2 + 4*t + 1;(1, 18, 49, 56, 32, 9, 1);4;1/24;1;1/24*t^4 + 5/12*t^3 + 35/24*t^2 + 25/12*t + 1;(1, 5, 10, 10, 5, 1)
2|1|2|1|1;6|1;2;0;1;1;1;5;1/15;8;1/15*t^5 + 5/8*t^4 + 9/4*t^3 + 31/8*t^2 + 191/60*t + 1;(1, 11, 31, 39, 25, 8, 1);3;1/6;1;1/6*t^3 + t^2 + 11/6*t + 1;(1, 4, 6, 4, 1)
2|1|2|1|1;7;2;0;2;0;2;5;1/30;4;1/30*t^5 + 3/8*t^4 + 19/12*t^3 + 25/8*t^2 + 173/60*t + 1;(1, 9, 24, 30, 20, 7, 1);3;1/6;1;1/6*t^3 + t^2 + 11/6*t + 1;(1, 4, 6, 4, 1)
2|1|2|2;2|1|2|2;4;3;0;1;6;6;1/8;90;1/8*t^6 + 9/8*t^5 + 33/8*t^4 + 63/8*t^3 + 33/4*t^2 + 9/2*t + 1;(1, 27, 81, 108, 81, 36, 9, 1);2;1/2;1;1/2*t^2 + 3/2*t + 1;(1, 3, 3, 1)
2|1|2|2;2|1|3|1;3;1;1;1;3;5;1/4;30;1/4*t^5 + 7/4*t^4 + 19/4*t^3 + 25/4*t^2 + 4*t + 1;(1, 18, 45, 48, 27, 8, 1);2;1/2;1;1/2*t^2 + 3/2*t + 1;(1, 3, 3, 1)
2|1|2|2;2|1|4;3;2;0;1;4;6;1/8;90;1/8*t^6 + 9/8*t^5 + 33/8*t^4 + 63/8*t^3 + 33/4*t^2 + 9/2*t + 1;(1, 27, 87, 123, 95, 42, 10, 1);2;1/2;1;1/2*t^2 + 3/2*t + 1;(1, 3, 3, 1)
2|1|2|2;2|2|1|1|1;3;1;2;0;4;5;1/2;60;1/2*t^5 + 3*t^4 + 7*t^3 + 8*t^2 + 9/2*t + 1;(1, 24, 60, 62, 33, 9, 1);2;1/2;1;1/2*t^2 + 3/2*t + 1;(1, 3, 3, 1)
2|1|2|2;2|2|1|2;3;2;1;0;5;6;1/4;180;1/4*t^6 + 2*t^5 + 13/2*t^4 + 11*t^3 + 41/4*t^2 + 5*t + 1;(1, 36, 108, 141, 102, 43, 10, 1);2;1/2;1;1/2*t^2 + 3/2*t + 1;(1, 3, 3, 1)
2|1|2|2;2|2|2|1;2;1;1;0;3;6;1/2;360;1/2*t^6 + 7/2*t^5 + 10*t^4 + 15*t^3 + 25/2*t^2 + 11/2*t + 1;(1, 48, 144, 184, 128, 51, 11, 1);2;1/2;1;1/2*t^2 + 3/2*t + 1;(1, 3, 3, 1)
2|1|2|2;2|2|3;2;1;1;0;3;6;1/4;180;1/4*t^6 + 2*t^5 + 13/2*t^4 + 11*t^3 + 41/4*t^2 + 5*t + 1;(1, 36, 108, 141, 102, 43, 10, 1);2;1/2;1;1/2*t^2 + 3/2*t + 1;(1, 3, 3, 1)
2|1|2|2;2|3|1|1;3;1;2;0;4;5;1/4;30;1/4*t^5 + 7/4*t^4 + 19/4*t^3 + 25/4*t^2 + 4*t + 1;(1, 18, 45, 48, 27, 8, 1);2;1/2;1;1/2*t^2 + 3/2*t + 1;(1, 3, 3, 1)
2|1|2|2;2|3|2;3;2;1;0;5;6;1/8;90;1/8*t^6 + 9/8*t^5 + 33/8*t^4 + 63/8*t^3 + 33/4*t^2 + 9/2*t + 1;(1, 27, 81, 108, 81, 36, 9, 1);2;1/2;1;1/2*t^2 + 3/2*t + 1;(1, 3, 3, 1)
2|1|2|2;2|4|1;3;2;1;0;5;6;1/12;60;1/12*t^6 + 5/6*t^5 + 10/3*t^4 + 41/6*t^3 + 91/12*t^2 + 13/3*t + 1;(1, 24, 72, 98, 76, 35, 9, 1);2;1/2;1;1/2*t^2 + 3/2*t + 1;(1, 3, 3, 1)
2|1|2|2;2|5;2;1;1;0;3;6;1/16;45;1/16*t^6 + 31/48*t^5 + 43/16*t^4 + 277/48*t^3 + 27/4*t^2 + 49/12*t + 1;(1, 21, 66, 94, 75, 35, 9, 1);2;1/2;1;1/2*t^2 + 3/2*t + 1;(1, 3, 3, 1)
2|1|2|2;3|1|1|1|1;3;0;3;0;3;4;1/2;12;1/2*t^4 + 5/2*t^3 + 9/2*t^2 + 7/2*t + 1;(1, 12, 24, 19, 7, 1);2;1/2;1;1/2*t^2 + 3/2*t + 1;(1, 3, 3, 1)
2|1|2|2;3|1|1|2;3;1;2;0;4;5;1/4;30;1/4*t^5 + 7/4*t^4 + 19/4*t^3 + 25/4*t^2 + 4*t + 1;(1, 18, 45, 48, 27, 8, 1);2;1/2;1;1/2*t^2 + 3/2*t + 1;(1, 3, 3, 1)
2|1|2|2;3|1|2|1;2;0;2;0;2;5;1/2;60;1/2*t^5 + 3*t^4 + 7*t^3 + 8*t^2 + 9/2*t + 1;(1, 24, 60, 62, 33, 9, 1);2;1/2;1;1/2*t^2 + 3/2*t + 1;(1, 3, 3, 1)
2|1|2|2;3|1|3;2;0;2;0;2;5;1/4;30;1/4*t^5 + 7/4*t^4 + 19/4*t^3 + 25/4*t^2 + 4*t + 1;(1, 18, 45, 48, 27, 8, 1);2;1/2;1;1/2*t^2 + 3/2*t + 1;(1, 3, 3, 1)
2|1|2|2;3|2|1|1;3;1;2;0;4;5;1/4;30;1/4*t^5 + 7/4*t^4 + 19/4*t^3 + 25/4*t^2 + 4*t + 1;(1, 18, 45, 48, 27, 8, 1);2;1/2;1;1/2*t^2 + 3/2*t + 1;(1, 3, 3, 1)
2|1|2|2;3|2|2;3;2;1;0;5;6;1/8;90;1/8*t^6 + 9/8*t^5 + 33/8*t^4 + 63/8*t^3 + 33/4*t^2 + 9/2*t + 1;(1, 27, 81, 108, 81, 36, 9, 1);2;1/2;1;1/2*t^2 + 3/2*t + 1;(1, 3, 3, 1)
2|1|2|2;3|3|1;2;0;2;0;2;5;1/4;30;1/4*t^5 + 7/4*t^4 + 19/4*t^3 + 25/4*t^2 + 4*t + 1;(1, 18, 45, 48, 27, 8, 1);2;1/2;1;1/2*t^2 + 3/2*t + 1;(1, 3, 3, 1)
2|1|2|2;3|4;2;1;1;0;3;6;1/8;90;1/8*t^6 + 9/8*t^5 + 33/8*t^4 + 63/8*t^3 + 33/4*t^2 + 9/2*t + 1;(1, 27, 87, 123, 95, 42, 10, 1);2;1/2;1;1/2*t^2 + 3/2*t + 1;(1, 3, 3, 1)
2|1|2|2;4|1|1|1;2;0;2;0;2;5;1/3;40;1/3*t^5 + 13/6*t^4 + 11/2*t^3 + 41/6*t^2 + 25/6*t + 1;(1, 20, 52, 57, 32, 9, 1);4;1/24;1;1/24*t^4 + 5/12*t^3 + 35/24*t^2 + 25/12*t + 1;(1, 5, 10, 10, 5, 1)
2|1|2|2;4|1|2;2;1;1;0;3;6;1/6;120;1/6*t^6 + 17/12*t^5 + 59/12*t^4 + 107/12*t^3 + 107/12*t^2 + 14/3*t + 1;(1, 30, 93, 127, 96, 42, 10, 1);4;1/24;1;1/24*t^4 + 5/12*t^3 + 35/24*t^2 + 25/12*t + 1;(1, 5, 10, 10, 5, 1)
2|1|2|2;4|2|1;1;0;1;0;1;6;1/3;240;1/3*t^6 + 5/2*t^5 + 23/3*t^4 + 37/3*t^3 + 11*t^2 + 31/6*t + 1;(1, 40, 124, 166, 121, 50, 11, 1);6;1/720;1;1/720*t^6 + 7/240*t^5 + 35/144*t^4 + 49/48*t^3 + 203/90*t^2 + 49/20*t + 1;(1, 7, 21, 35, 35, 21, 7, 1)
2|1|2|2;4|3;1;0;1;0;1;6;1/6;120;1/6*t^6 + 17/12*t^5 + 59/12*t^4 + 107/12*t^3 + 107/12*t^2 + 14/3*t + 1;(1, 30, 93, 127, 96, 42, 10, 1);5;1/120;1;1/120*t^5 + 1/8*t^4 + 17/24*t^3 + 15/8*t^2 + 137/60*t + 1;(1, 6, 15, 20, 15, 6, 1)
2|1|2|2;5|1|1;3;1;1;1;3;5;1/4;30;1/4*t^5 + 7/4*t^4 + 19/4*t^3 + 25/4*t^2 + 4*t + 1;(1, 18, 49, 56, 32, 9, 1);4;1/24;1;1/24*t^4 + 5/12*t^3 + 35/24*t^2 + 25/12*t + 1;(1, 5, 10, 10, 5, 1)
2|1|2|2;5|2;3;2;0;1;4;6;1/8;90;1/8*t^6 + 9/8*t^5 + 33/8*t^4 + 63/8*t^3 + 33/4*t^2 + 9/2*t + 1;(1, 27, 87, 123, 95, 42, 10, 1);4;1/24;1;1/24*t^4 + 5/12*t^3 + 35/24*t^2 + 25/12*t + 1;(1, 5, 10, 10, 5, 1)
2|1|2|2;6|1;1;0;1;0;1;6;1/15;48;1/15*t^6 + 83/120*t^5 + 23/8*t^4 + 49/8*t^3 + 847/120*t^2 + 251/60*t + 1;(1, 22, 73, 109, 89, 41, 10, 1);4;1/24;1;1/24*t^4 + 5/12*t^3 + 35/24*t^2 + 25/12*t + 1;(1, 5, 10, 10, 5, 1)
2|1|2|2;7;2;1;1;0;3;6;1/36;20;1/36*t^6 + 7/20*t^5 + 125/72*t^4 + 13/3*t^3 + 413/72*t^2 + 229/60*t + 1;(1, 17, 56, 84, 70, 34, 9, 1);4;1/24;1;1/24*t^4 + 5/12*t^3 + 35/24*t^2 + 25/12*t + 1;(1, 5, 10, 10, 5, 1)
2|1|3|1;2|1|3|1;5;2;0;3;4;4;1/4;6;1/4*t^4 + 3/2*t^3 + 13/4*t^2 + 3*t + 1;(1, 9, 18, 15, 6, 1);2;1/2;1;1/2*t^2 + 3/2*t + 1;(1, 3, 3, 1)
2|1|3|1;2|1|4;3;1;1;1;3;5;1/12;10;1/12*t^5 + 3/4*t^4 + 31/12*t^3 + 17/4*t^2 + 10/3*t + 1;(1, 12, 30, 34, 21, 7, 1);2;1/2;1;1/2*t^2 + 3/2*t + 1;(1, 3, 3, 1)
2|1|3|1;2|2|1|1|1;4;1;1;2;3;4;1/2;12;1/2*t^4 + 5/2*t^3 + 9/2*t^2 + 7/2*t + 1;(1, 12, 24, 19, 7, 1);2;1/2;1;1/2*t^2 + 3/2*t + 1;(1, 3, 3, 1)
2|1|3|1;2|2|1|2;3;1;1;1;3;5;1/2;60;1/2*t^5 + 3*t^4 + 7*t^3 + 8*t^2 + 9/2*t + 1;(1, 24, 60, 62, 33, 9, 1);2;1/2;1;1/2*t^2 + 3/2*t + 1;(1, 3, 3, 1)
2|1|3|1;2|2|2|1;3;1;1;1;3;5;1/4;30;1/4*t^5 + 7/4*t^4 + 19/4*t^3 + 25/4*t^2 + 4*t + 1;(1, 18, 45, 48, 27, 8, 1);2;1/2;1;1/2*t^2 + 3/2*t + 1;(1, 3, 3, 1)
2|1|3|1;2|2|3;3;1;2;0;4;5;1/4;30;1/4*t^5 + 7/4*t^4 + 19/4*t^3 + 25/4*t^2 + 4*t + 1;(1, 18, 45, 48, 27, 8, 1);2;1/2;1;1/2*t^2 + 3/2*t + 1;(1, 3, 3, 1)
2|1|3|1;2|3|1|1;4;1;2;1;4;4;1/4;6;1/4*t^4 + 3/2*t^3 + 13/4*t^2 + 3*t + 1;(1, 9, 18, 15, 6, 1);2;1/2;1;1/2*t^2 + 3/2*t + 1;(1, 3, 3, 1)
2|1|3|1;2|3|2;3;1;2;0;4;5;1/4;30;1/4*t^5 + 7/4*t^4 + 19/4*t^3 + 25/4*t^2 + 4*t + 1;(1, 18, 45, 48, 27, 8, 1);2;1/2;1;1/2*t^2 + 3/2*t + 1;(1, 3, 3, 1)
2|1|3|1;2|4|1;3;1;1;1;3;5;1/12;10;1/12*t^5 + 3/4*t^4 + 31/12*t^3 + 17/4*t^2 + 10/3*t + 1;(1, 12, 30, 34, 21, 7, 1);2;1/2;1;1/2*t^2 + 3/2*t + 1;(1, 3, 3, 1)
2|1|3|1;2|5;4;2;1;1;5;5;1/12;10;1/12*t^5 + 3/4*t^4 + 31/12*t^3 + 17/4*t^2 + 10/3*t + 1;(1, 12, 30, 34, 21, 7, 1);2;1/2;1;1/2*t^2 + 3/2*t + 1;(1, 3, 3, 1)
2|1|3|1;3|1|1|1|1;4;0;2;2;2;3;1/2;3;1/2*t^3 + 2*t^2 + 5/2*t + 1;(1, 6, 9, 5, 1);2;1/2;1;1/2*t^2 + 3/2*t + 1;(1, 3, 3, 1)
2|1|3|1;3|1|1|2;3;0;2;1;2;4;1/2;12;1/2*t^4 + 5/2*t^3 + 9/2*t^2 + 7/2*t + 1;(1, 12, 24, 19, 7, 1);2;1/2;1;1/2*t^2 + 3/2*t + 1;(1, 3, 3, 1)
2|1|3|1;3|1|2|1;3;0;2;1;2;4;1/4;6;1/4*t^4 + 3/2*t^3 + 13/4*t^2 + 3*t + 1;(1, 9, 18, 15, 6, 1);2;1/2;1;1/2*t^2 + 3/2*t + 1;(1, 3, 3, 1)
2|1|3|1;3|1|3;3;0;3;0;3;4;1/4;6;1/4*t^4 + 3/2*t^3 + 13/4*t^2 + 3*t + 1;(1, 9, 18, 15, 6, 1);2;1/2;1;1/2*t^2 + 3/2*t + 1;(1, 3, 3, 1)
2|1|3|1;3|2|1|1;3;0;2;1;2;4;1/4;6;1/4*t^4 + 3/2*t^3 + 13/4*t^2 + 3*t + 1;(1, 9, 18, 15, 6, 1);2;1/2;1;1/2*t^2 + 3/2*t + 1;(1, 3, 3, 1)
2|1|3|1;3|2|2;2;0;2;0;2;5;1/4;30;1/4*t^5 + 7/4*t^4 + 19/4*t^3 + 25/4*t^2 + 4*t + 1;(1, 18, 45, 48, 27, 8, 1);2;1/2;1;1/2*t^2 + 3/2*t + 1;(1, 3, 3, 1)
2|1|3|1;3|3|1;4;1;1;2;3;4;1/4;6;1/4*t^4 + 3/2*t^3 + 13/4*t^2 + 3*t + 1;(1, 9, 18, 15, 6, 1);2;1/2;1;1/2*t^2 + 3/2*t + 1;(1, 3, 3, 1)
2|1|3|1;3|4;2;0;2;0;2;5;1/12;10;1/12*t^5 + 3/4*t^4 + 31/12*t^3 + 17/4*t^2 + 10/3*t + 1;(1, 12, 30, 34, 21, 7, 1);2;1/2;1;1/2*t^2 + 3/2*t + 1;(1, 3, 3, 1)
2|1|3|1;4|1|1|1;3;0;1;2;1;4;1/3;8;1/3*t^4 + 11/6*t^3 + 11/3*t^2 + 19/6*t + 1;(1, 10, 21, 18, 7, 1);4;1/24;1;1/24*t^4 + 5/12*t^3 + 35/24*t^2 + 25/12*t + 1;(1, 5, 10, 10, 5, 1)
2|1|3|1;4|1|2;2;0;1;1;1;5;1/3;40;1/3*t^5 + 13/6*t^4 + 11/2*t^3 + 41/6*t^2 + 25/6*t + 1;(1, 20, 52, 57, 32, 9, 1);5;1/120;1;1/120*t^5 + 1/8*t^4 + 17/24*t^3 + 15/8*t^2 + 137/60*t + 1;(1, 6, 15, 20, 15, 6, 1)
2|1|3|1;4|2|1;2;0;1;1;1;5;1/6;20;1/6*t^5 + 5/4*t^4 + 11/3*t^3 + 21/4*t^2 + 11/3*t + 1;(1, 15, 39, 44, 26, 8, 1);4;1/24;1;1/24*t^4 + 5/12*t^3 + 35/24*t^2 + 25/12*t + 1;(1, 5, 10, 10, 5, 1)
2|1|3|1;4|3;2;0;2;0;2;5;1/6;20;1/6*t^5 + 5/4*t^4 + 11/3*t^3 + 21/4*t^2 + 11/3*t + 1;(1, 15, 39, 44, 26, 8, 1);4;1/24;1;1/24*t^4 + 5/12*t^3 + 35/24*t^2 + 25/12*t + 1;(1, 5, 10, 10, 5, 1)
2|1|3|1;5|1|1;3;0;1;2;1;4;1/4;6;1/4*t^4 + 3/2*t^3 + 13/4*t^2 + 3*t + 1;(1, 9, 20, 18, 7, 1);4;1/24;1;1/24*t^4 + 5/12*t^3 + 35/24*t^2 + 25/12*t + 1;(1, 5, 10, 10, 5, 1)
2|1|3|1;5|2;2;0;1;1;1;5;1/4;30;1/4*t^5 + 7/4*t^4 + 19/4*t^3 + 25/4*t^2 + 4*t + 1;(1, 18, 49, 56, 32, 9, 1);5;1/120;1;1/120*t^5 + 1/8*t^4 + 17/24*t^3 + 15/8*t^2 + 137/60*t + 1;(1, 6, 15, 20, 15, 6, 1)
2|1|3|1;6|1;2;0;1;1;1;5;1/15;8;1/15*t^5 + 5/8*t^4 + 9/4*t^3 + 31/8*t^2 + 191/60*t + 1;(1, 11, 31, 39, 25, 8, 1);3;1/6;1;1/6*t^3 + t^2 + 11/6*t + 1;(1, 4, 6, 4, 1)
2|1|3|1;7;2;0;2;0;2;5;1/30;4;1/30*t^5 + 3/8*t^4 + 19/12*t^3 + 25/8*t^2 + 173/60*t + 1;(1, 9, 24, 30, 20, 7, 1);3;1/6;1;1/6*t^3 + t^2 + 11/6*t + 1;(1, 4, 6, 4, 1)
2|1|4;2|1|4;4;3;0;1;6;6;1/48;15;1/48*t^6 + 13/48*t^5 + 67/48*t^4 + 175/48*t^3 + 61/12*t^2 + 43/12*t + 1;(1, 15, 45, 65, 55, 28, 8, 1);2;1/2;1;1/2*t^2 + 3/2*t + 1;(1, 3, 3, 1)
2|1|4;2|2|1|1|1;3;1;2;0;4;5;1/4;30;1/4*t^5 + 7/4*t^4 + 19/4*t^3 + 25/4*t^2 + 4*t + 1;(1, 18, 45, 48, 27, 8, 1);2;1/2;1;1/2*t^2 + 3/2*t + 1;(1, 3, 3, 1)
2|1|4;2|2|1|2;2;1;1;0;3;6;1/6;120;1/6*t^6 + 17/12*t^5 + 59/12*t^4 + 107/12*t^3 + 107/12*t^2 + 14/3*t + 1;(1, 30, 93, 127, 96, 42, 10, 1);2;1/2;1;1/2*t^2 + 3/2*t + 1;(1, 3, 3, 1)
2|1|4;2|2|2|1;3;2;1;0;5;6;1/12;60;1/12*t^6 + 5/6*t^5 + 10/3*t^4 + 41/6*t^3 + 91/12*t^2 + 13/3*t + 1;(1, 24, 72, 98, 76, 35, 9, 1);2;1/2;1;1/2*t^2 + 3/2*t + 1;(1, 3, 3, 1)
2|1|4;2|2|3;2;1;1;0;3;6;1/12;60;1/12*t^6 + 5/6*t^5 + 10/3*t^4 + 41/6*t^3 + 91/12*t^2 + 13/3*t + 1;(1, 24, 72, 98, 76, 35, 9, 1);2;1/2;1;1/2*t^2 + 3/2*t + 1;(1, 3, 3, 1)
2|1|4;2|3|1|1;3;1;2;0;4;5;1/6;20;1/6*t^5 + 5/4*t^4 + 11/3*t^3 + 21/4*t^2 + 11/3*t + 1;(1, 15, 39, 44, 26, 8, 1);2;1/2;1;1/2*t^2 + 3/2*t + 1;(1, 3, 3, 1)
2|1|4;2|3|2;2;1;1;0;3;6;1/8;90;1/8*t^6 + 9/8*t^5 + 33/8*t^4 + 63/8*t^3 + 33/4*t^2 + 9/2*t + 1;(1, 27, 87, 123, 95, 42, 10, 1);2;1/2;1;1/2*t^2 + 3/2*t + 1;(1, 3, 3, 1)
2|1|4;2|4|1;2;1;1;0;3;6;1/24;30;1/24*t^6 + 11/24*t^5 + 49/24*t^4 + 113/24*t^3 + 71/12*t^2 + 23/6*t + 1;(1, 18, 57, 84, 70, 34, 9, 1);2;1/2;1;1/2*t^2 + 3/2*t + 1;(1, 3, 3, 1)
2|1|4;2|5;2;1;1;0;3;6;1/48;15;1/48*t^6 + 13/48*t^5 + 67/48*t^4 + 175/48*t^3 + 61/12*t^2 + 43/12*t + 1;(1, 15, 45, 65, 55, 28, 8, 1);2;1/2;1;1/2*t^2 + 3/2*t + 1;(1, 3, 3, 1)
2|1|4;3|1|1|1|1;3;0;3;0;3;4;1/4;6;1/4*t^4 + 3/2*t^3 + 13/4*t^2 + 3*t + 1;(1, 9, 18, 15, 6, 1);2;1/2;1;1/2*t^2 + 3/2*t + 1;(1, 3, 3, 1)
2|1|4;3|1|1|2;2;0;2;0;2;5;1/6;20;1/6*t^5 + 5/4*t^4 + 11/3*t^3 + 21/4*t^2 + 11/3*t + 1;(1, 15, 39, 44, 26, 8, 1);2;1/2;1;1/2*t^2 + 3/2*t + 1;(1, 3, 3, 1)
2|1|4;3|1|2|1;3;1;2;0;4;5;1/12;10;1/12*t^5 + 3/4*t^4 + 31/12*t^3 + 17/4*t^2 + 10/3*t + 1;(1, 12, 30, 34, 21, 7, 1);2;1/2;1;1/2*t^2 + 3/2*t + 1;(1, 3, 3, 1)
2|1|4;3|1|3;2;0;2;0;2;5;1/12;10;1/12*t^5 + 3/4*t^4 + 31/12*t^3 + 17/4*t^2 + 10/3*t + 1;(1, 12, 30, 34, 21, 7, 1);2;1/2;1;1/2*t^2 + 3/2*t + 1;(1, 3, 3, 1)
2|1|4;3|2|1|1;2;0;2;0;2;5;1/6;20;1/6*t^5 + 5/4*t^4 + 11/3*t^3 + 21/4*t^2 + 11/3*t + 1;(1, 15, 39, 44, 26, 8, 1);2;1/2;1;1/2*t^2 + 3/2*t + 1;(1, 3, 3, 1)
2|1|4;3|2|2;2;1;1;0;3;6;1/8;90;1/8*t^6 + 9/8*t^5 + 33/8*t^4 + 63/8*t^3 + 33/4*t^2 + 9/2*t + 1;(1, 27, 87, 123, 95, 42, 10, 1);2;1/2;1;1/2*t^2 + 3/2*t + 1;(1, 3, 3, 1)
2|1|4;3|3|1;2;0;2;0;2;5;1/12;10;1/12*t^5 + 3/4*t^4 + 31/12*t^3 + 17/4*t^2 + 10/3*t + 1;(1, 12, 30, 34, 21, 7, 1);2;1/2;1;1/2*t^2 + 3/2*t + 1;(1, 3, 3, 1)
2|1|4;3|4;3;2;1;0;5;6;1/48;15;1/48*t^6 + 13/48*t^5 + 67/48*t^4 + 175/48*t^3 + 61/12*t^2 + 43/12*t + 1;(1, 15, 45, 65, 55, 28, 8, 1);2;1/2;1;1/2*t^2 + 3/2*t + 1;(1, 3, 3, 1)
2|1|4;4|1|1|1;2;0;2;0;2;5;1/6;20;1/6*t^5 + 5/4*t^4 + 11/3*t^3 + 21/4*t^2 + 11/3*t + 1;(1, 15, 39, 44, 26, 8, 1);4;1/24;1;1/24*t^4 + 5/12*t^3 + 35/24*t^2 + 25/12*t + 1;(1, 5, 10, 10, 5, 1)
2|1|4;4|1|2;1;0;1;0;1;6;1/9;80;1/9*t^6 + t^5 + 133/36*t^4 + 43/6*t^3 + 277/36*t^2 + 13/3*t + 1;(1, 25, 80, 114, 90, 41, 10, 1);4;1/24;1;1/24*t^4 + 5/12*t^3 + 35/24*t^2 + 25/12*t + 1;(1, 5, 10, 10, 5, 1)
2|1|4;4|2|1;2;1;1;0;3;6;1/18;40;1/18*t^6 + 7/12*t^5 + 89/36*t^4 + 65/12*t^3 + 233/36*t^2 + 4*t + 1;(1, 20, 62, 88, 71, 34, 9, 1);4;1/24;1;1/24*t^4 + 5/12*t^3 + 35/24*t^2 + 25/12*t + 1;(1, 5, 10, 10, 5, 1)
2|1|4;4|3;1;0;1;0;1;6;1/18;40;1/18*t^6 + 7/12*t^5 + 89/36*t^4 + 65/12*t^3 + 233/36*t^2 + 4*t + 1;(1, 20, 62, 88, 71, 34, 9, 1);4;1/24;1;1/24*t^4 + 5/12*t^3 + 35/24*t^2 + 25/12*t + 1;(1, 5, 10, 10, 5, 1)
2|1|4;5|1|1;2;0;1;1;1;5;3/20;18;3/20*t^5 + 9/8*t^4 + 10/3*t^3 + 39/8*t^2 + 211/60*t + 1;(1, 14, 41, 51, 31, 9, 1);5;1/120;1;1/120*t^5 + 1/8*t^4 + 17/24*t^3 + 15/8*t^2 + 137/60*t + 1;(1, 6, 15, 20, 15, 6, 1)
2|1|4;5|2;2;1;0;1;2;6;19/180;76;19/180*t^6 + 19/20*t^5 + 253/72*t^4 + 41/6*t^3 + 2657/360*t^2 + 253/60*t + 1;(1, 24, 88, 138, 112, 49, 11, 1);6;1/720;1;1/720*t^6 + 7/240*t^5 + 35/144*t^4 + 49/48*t^3 + 203/90*t^2 + 49/20*t + 1;(1, 7, 21, 35, 35, 21, 7, 1)
2|1|4;6|1;2;1;1;0;3;6;5/144;25;5/144*t^6 + 19/48*t^5 + 263/144*t^4 + 209/48*t^3 + 203/36*t^2 + 15/4*t + 1;(1, 17, 60, 96, 83, 40, 10, 1);4;1/24;1;1/24*t^4 + 5/12*t^3 + 35/24*t^2 + 25/12*t + 1;(1, 5, 10, 10, 5, 1)
2|1|4;7;1;0;1;0;1;6;1/72;10;1/72*t^6 + 23/120*t^5 + 19/18*t^4 + 71/24*t^3 + 319/72*t^2 + 67/20*t + 1;(1, 13, 44, 71, 64, 33, 9, 1);3;1/6;1;1/6*t^3 + t^2 + 11/6*t + 1;(1, 4, 6, 4, 1)
2|2|1|1|1;2|2|1|1|1;5;2;0;3;4;4;1/4;6;1/4*t^4 + 3/2*t^3 + 13/4*t^2 + 3*t + 1;(1, 9, 18, 15, 6, 1);2;1/2;1;1/2*t^2 + 3/2*t + 1;(1, 3, 3, 1)
2|2|1|1|1;2|2|1|2;4;2;1;1;5;5;1/4;30;1/4*t^5 + 7/4*t^4 + 19/4*t^3 + 25/4*t^2 + 4*t + 1;(1, 18, 45, 48, 27, 8, 1);2;1/2;1;1/2*t^2 + 3/2*t + 1;(1, 3, 3, 1)
2|2|1|1|1;2|2|2|1;4;2;1;1;5;5;1/4;30;1/4*t^5 + 7/4*t^4 + 19/4*t^3 + 25/4*t^2 + 4*t + 1;(1, 18, 45, 48, 27, 8, 1);2;1/2;1;1/2*t^2 + 3/2*t + 1;(1, 3, 3, 1)
2|2|1|1|1;2|2|3;4;2;1;1;5;5;1/4;30;1/4*t^5 + 7/4*t^4 + 19/4*t^3 + 25/4*t^2 + 4*t + 1;(1, 18, 45, 48, 27, 8, 1);2;1/2;1;1/2*t^2 + 3/2*t + 1;(1, 3, 3, 1)
2|2|1|1|1;2|3|1|1;4;1;1;2;3;4;1/4;6;1/4*t^4 + 3/2*t^3 + 13/4*t^2 + 3*t + 1;(1, 9, 18, 15, 6, 1);2;1/2;1;1/2*t^2 + 3/2*t + 1;(1, 3, 3, 1)
2|2|1|1|1;2|3|2;3;1;2;0;4;5;1/4;30;1/4*t^5 + 7/4*t^4 + 19/4*t^3 + 25/4*t^2 + 4*t + 1;(1, 18, 45, 48, 27, 8, 1);2;1/2;1;1/2*t^2 + 3/2*t + 1;(1, 3, 3, 1)
2|2|1|1|1;2|4|1;3;1;1;1;3;5;1/6;20;1/6*t^5 + 5/4*t^4 + 11/3*t^3 + 21/4*t^2 + 11/3*t + 1;(1, 15, 39, 44, 26, 8, 1);2;1/2;1;1/2*t^2 + 3/2*t + 1;(1, 3, 3, 1)
2|2|1|1|1;2|5;3;1;1;1;3;5;1/6;20;1/6*t^5 + 5/4*t^4 + 11/3*t^3 + 21/4*t^2 + 11/3*t + 1;(1, 15, 39, 44, 26, 8, 1);2;1/2;1;1/2*t^2 + 3/2*t + 1;(1, 3, 3, 1)
2|2|1|1|1;3|1|1|1|1;4;0;1;3;1;3;1/2;3;1/2*t^3 + 2*t^2 + 5/2*t + 1;(1, 6, 9, 5, 1);3;1/6;1;1/6*t^3 + t^2 + 11/6*t + 1;(1, 4, 6, 4, 1)
2|2|1|1|1;3|1|1|2;3;0;2;1;2;4;1/2;12;1/2*t^4 + 5/2*t^3 + 9/2*t^2 + 7/2*t + 1;(1, 12, 24, 19, 7, 1);3;1/6;1;1/6*t^3 + t^2 + 11/6*t + 1;(1, 4, 6, 4, 1)
2|2|1|1|1;3|1|2|1;3;0;2;1;2;4;1/2;12;1/2*t^4 + 5/2*t^3 + 9/2*t^2 + 7/2*t + 1;(1, 12, 24, 19, 7, 1);3;1/6;1;1/6*t^3 + t^2 + 11/6*t + 1;(1, 4, 6, 4, 1)
2|2|1|1|1;3|1|3;3;0;2;1;2;4;1/2;12;1/2*t^4 + 5/2*t^3 + 9/2*t^2 + 7/2*t + 1;(1, 12, 24, 19, 7, 1);3;1/6;1;1/6*t^3 + t^2 + 11/6*t + 1;(1, 4, 6, 4, 1)
2|2|1|1|1;3|2|1|1;3;0;1;2;1;4;1/2;12;1/2*t^4 + 5/2*t^3 + 9/2*t^2 + 7/2*t + 1;(1, 12, 24, 19, 7, 1);4;1/24;1;1/24*t^4 + 5/12*t^3 + 35/24*t^2 + 25/12*t + 1;(1, 5, 10, 10, 5, 1)
2|2|1|1|1;3|2|2;2;0;2;0;2;5;1/2;60;1/2*t^5 + 3*t^4 + 7*t^3 + 8*t^2 + 9/2*t + 1;(1, 24, 60, 62, 33, 9, 1);4;1/24;1;1/24*t^4 + 5/12*t^3 + 35/24*t^2 + 25/12*t + 1;(1, 5, 10, 10, 5, 1)
2|2|1|1|1;3|3|1;3;0;1;2;1;4;1/2;12;1/2*t^4 + 5/2*t^3 + 9/2*t^2 + 7/2*t + 1;(1, 12, 24, 19, 7, 1);4;1/24;1;1/24*t^4 + 5/12*t^3 + 35/24*t^2 + 25/12*t + 1;(1, 5, 10, 10, 5, 1)
2|2|1|1|1;3|4;2;0;2;0;2;5;1/4;30;1/4*t^5 + 7/4*t^4 + 19/4*t^3 + 25/4*t^2 + 4*t + 1;(1, 18, 45, 48, 27, 8, 1);4;1/24;1;1/24*t^4 + 5/12*t^3 + 35/24*t^2 + 25/12*t + 1;(1, 5, 10, 10, 5, 1)
2|2|1|1|1;4|1|1|1;4;1;0;3;2;4;1/4;6;1/4*t^4 + 3/2*t^3 + 13/4*t^2 + 3*t + 1;(1, 9, 20, 18, 7, 1);4;1/24;1;1/24*t^4 + 5/12*t^3 + 35/24*t^2 + 25/12*t + 1;(1, 5, 10, 10, 5, 1)
2|2|1|1|1;4|1|2;3;1;1;1;3;5;1/4;30;1/4*t^5 + 7/4*t^4 + 19/4*t^3 + 25/4*t^2 + 4*t + 1;(1, 18, 49, 56, 32, 9, 1);4;1/24;1;1/24*t^4 + 5/12*t^3 + 35/24*t^2 + 25/12*t + 1;(1, 5, 10, 10, 5, 1)
2|2|1|1|1;4|2|1;3;1;1;1;3;5;1/4;30;1/4*t^5 + 7/4*t^4 + 19/4*t^3 + 25/4*t^2 + 4*t + 1;(1, 18, 49, 56, 32, 9, 1);4;1/24;1;1/24*t^4 + 5/12*t^3 + 35/24*t^2 + 25/12*t + 1;(1, 5, 10, 10, 5, 1)
2|2|1|1|1;4|3;3;1;1;1;3;5;1/4;30;1/4*t^5 + 7/4*t^4 + 19/4*t^3 + 25/4*t^2 + 4*t + 1;(1, 18, 49, 56, 32, 9, 1);4;1/24;1;1/24*t^4 + 5/12*t^3 + 35/24*t^2 + 25/12*t + 1;(1, 5, 10, 10, 5, 1)
2|2|1|1|1;5|1|1;3;0;1;2;1;4;1/8;3;1/8*t^4 + 11/12*t^3 + 19/8*t^2 + 31/12*t + 1;(1, 7, 15, 14, 6, 1);3;1/6;1;1/6*t^3 + t^2 + 11/6*t + 1;(1, 4, 6, 4, 1)
2|2|1|1|1;5|2;2;0;2;0;2;5;1/8;15;1/8*t^5 + 25/24*t^4 + 79/24*t^3 + 119/24*t^2 + 43/12*t + 1;(1, 14, 37, 43, 26, 8, 1);3;1/6;1;1/6*t^3 + t^2 + 11/6*t + 1;(1, 4, 6, 4, 1)
2|2|1|1|1;6|1;3;1;1;1;3;5;1/30;4;1/30*t^5 + 3/8*t^4 + 19/12*t^3 + 25/8*t^2 + 173/60*t + 1;(1, 9, 24, 30, 20, 7, 1);3;1/6;1;1/6*t^3 + t^2 + 11/6*t + 1;(1, 4, 6, 4, 1)
2|2|1|1|1;7;2;0;2;0;2;5;1/30;4;1/30*t^5 + 3/8*t^4 + 19/12*t^3 + 25/8*t^2 + 173/60*t + 1;(1, 9, 24, 30, 20, 7, 1);3;1/6;1;1/6*t^3 + t^2 + 11/6*t + 1;(1, 4, 6, 4, 1)
2|2|1|2;2|2|1|2;4;3;0;1;6;6;1/8;90;1/8*t^6 + 9/8*t^5 + 33/8*t^4 + 63/8*t^3 + 33/4*t^2 + 9/2*t + 1;(1, 27, 81, 108, 81, 36, 9, 1);2;1/2;1;1/2*t^2 + 3/2*t + 1;(1, 3, 3, 1)
2|2|1|2;2|2|2|1;3;2;1;0;5;6;1/4;180;1/4*t^6 + 2*t^5 + 13/2*t^4 + 11*t^3 + 41/4*t^2 + 5*t + 1;(1, 36, 108, 141, 102, 43, 10, 1);2;1/2;1;1/2*t^2 + 3/2*t + 1;(1, 3, 3, 1)
2|2|1|2;2|2|3;3;2;1;0;5;6;1/8;90;1/8*t^6 + 9/8*t^5 + 33/8*t^4 + 63/8*t^3 + 33/4*t^2 + 9/2*t + 1;(1, 27, 81, 108, 81, 36, 9, 1);2;1/2;1;1/2*t^2 + 3/2*t + 1;(1, 3, 3, 1)
2|2|1|2;2|3|1|1;3;1;2;0;4;5;1/4;30;1/4*t^5 + 7/4*t^4 + 19/4*t^3 + 25/4*t^2 + 4*t + 1;(1, 18, 45, 48, 27, 8, 1);2;1/2;1;1/2*t^2 + 3/2*t + 1;(1, 3, 3, 1)
2|2|1|2;2|3|2;3;2;1;0;5;6;1/8;90;1/8*t^6 + 9/8*t^5 + 33/8*t^4 + 63/8*t^3 + 33/4*t^2 + 9/2*t + 1;(1, 27, 81, 108, 81, 36, 9, 1);2;1/2;1;1/2*t^2 + 3/2*t + 1;(1, 3, 3, 1)
2|2|1|2;2|4|1;2;1;1;0;3;6;1/6;120;1/6*t^6 + 17/12*t^5 + 59/12*t^4 + 107/12*t^3 + 107/12*t^2 + 14/3*t + 1;(1, 30, 93, 127, 96, 42, 10, 1);2;1/2;1;1/2*t^2 + 3/2*t + 1;(1, 3, 3, 1)
2|2|1|2;2|5;3;2;0;1;4;6;1/8;90;1/8*t^6 + 9/8*t^5 + 33/8*t^4 + 63/8*t^3 + 33/4*t^2 + 9/2*t + 1;(1, 27, 87, 123, 95, 42, 10, 1);2;1/2;1;1/2*t^2 + 3/2*t + 1;(1, 3, 3, 1)
2|2|1|2;3|1|1|1|1;3;0;2;1;2;4;1/2;12;1/2*t^4 + 5/2*t^3 + 9/2*t^2 + 7/2*t + 1;(1, 12, 24, 19, 7, 1);3;1/6;1;1/6*t^3 + t^2 + 11/6*t + 1;(1, 4, 6, 4, 1)
2|2|1|2;3|1|1|2;3;1;1;1;3;5;1/4;30;1/4*t^5 + 7/4*t^4 + 19/4*t^3 + 25/4*t^2 + 4*t + 1;(1, 18, 45, 48, 27, 8, 1);3;1/6;1;1/6*t^3 + t^2 + 11/6*t + 1;(1, 4, 6, 4, 1)
2|2|1|2;3|1|2|1;2;0;2;0;2;5;1/2;60;1/2*t^5 + 3*t^4 + 7*t^3 + 8*t^2 + 9/2*t + 1;(1, 24, 60, 62, 33, 9, 1);3;1/6;1;1/6*t^3 + t^2 + 11/6*t + 1;(1, 4, 6, 4, 1)
2|2|1|2;3|1|3;2;0;2;0;2;5;1/4;30;1/4*t^5 + 7/4*t^4 + 19/4*t^3 + 25/4*t^2 + 4*t + 1;(1, 18, 45, 48, 27, 8, 1);3;1/6;1;1/6*t^3 + t^2 + 11/6*t + 1;(1, 4, 6, 4, 1)
2|2|1|2;3|2|1|1;2;0;2;0;2;5;1/2;60;1/2*t^5 + 3*t^4 + 7*t^3 + 8*t^2 + 9/2*t + 1;(1, 24, 60, 62, 33, 9, 1);4;1/24;1;1/24*t^4 + 5/12*t^3 + 35/24*t^2 + 25/12*t + 1;(1, 5, 10, 10, 5, 1)
2|2|1|2;3|2|2;2;1;1;0;3;6;1/4;180;1/4*t^6 + 2*t^5 + 13/2*t^4 + 11*t^3 + 41/4*t^2 + 5*t + 1;(1, 36, 108, 141, 102, 43, 10, 1);4;1/24;1;1/24*t^4 + 5/12*t^3 + 35/24*t^2 + 25/12*t + 1;(1, 5, 10, 10, 5, 1)
2|2|1|2;3|3|1;2;0;1;1;1;5;1/2;60;1/2*t^5 + 3*t^4 + 7*t^3 + 8*t^2 + 9/2*t + 1;(1, 24, 60, 62, 33, 9, 1);5;1/120;1;1/120*t^5 + 1/8*t^4 + 17/24*t^3 + 15/8*t^2 + 137/60*t + 1;(1, 6, 15, 20, 15, 6, 1)
2|2|1|2;3|4;1;0;1;0;1;6;1/6;120;1/6*t^6 + 17/12*t^5 + 59/12*t^4 + 107/12*t^3 + 107/12*t^2 + 14/3*t + 1;(1, 30, 93, 127, 96, 42, 10, 1);4;1/24;1;1/24*t^4 + 5/12*t^3 + 35/24*t^2 + 25/12*t + 1;(1, 5, 10, 10, 5, 1)
2|2|1|2;4|1|1|1;3;1;1;1;3;5;1/4;30;1/4*t^5 + 7/4*t^4 + 19/4*t^3 + 25/4*t^2 + 4*t + 1;(1, 18, 49, 56, 32, 9, 1);4;1/24;1;1/24*t^4 + 5/12*t^3 + 35/24*t^2 + 25/12*t + 1;(1, 5, 10, 10, 5, 1)
2|2|1|2;4|1|2;3;2;0;1;4;6;1/8;90;1/8*t^6 + 9/8*t^5 + 33/8*t^4 + 63/8*t^3 + 33/4*t^2 + 9/2*t + 1;(1, 27, 87, 123, 95, 42, 10, 1);4;1/24;1;1/24*t^4 + 5/12*t^3 + 35/24*t^2 + 25/12*t + 1;(1, 5, 10, 10, 5, 1)
2|2|1|2;4|2|1;2;1;1;0;3;6;1/4;180;1/4*t^6 + 2*t^5 + 13/2*t^4 + 11*t^3 + 41/4*t^2 + 5*t + 1;(1, 36, 116, 161, 120, 50, 11, 1);4;1/24;1;1/24*t^4 + 5/12*t^3 + 35/24*t^2 + 25/12*t + 1;(1, 5, 10, 10, 5, 1)
2|2|1|2;4|3;2;1;1;0;3;6;1/8;90;1/8*t^6 + 9/8*t^5 + 33/8*t^4 + 63/8*t^3 + 33/4*t^2 + 9/2*t + 1;(1, 27, 87, 123, 95, 42, 10, 1);4;1/24;1;1/24*t^4 + 5/12*t^3 + 35/24*t^2 + 25/12*t + 1;(1, 5, 10, 10, 5, 1)
2|2|1|2;5|1|1;2;0;2;0;2;5;1/8;15;1/8*t^5 + 25/24*t^4 + 79/24*t^3 + 119/24*t^2 + 43/12*t + 1;(1, 14, 37, 43, 26, 8, 1);3;1/6;1;1/6*t^3 + t^2 + 11/6*t + 1;(1, 4, 6, 4, 1)
2|2|1|2;5|2;2;1;1;0;3;6;1/16;45;1/16*t^6 + 31/48*t^5 + 43/16*t^4 + 277/48*t^3 + 27/4*t^2 + 49/12*t + 1;(1, 21, 66, 94, 75, 35, 9, 1);3;1/6;1;1/6*t^3 + t^2 + 11/6*t + 1;(1, 4, 6, 4, 1)
2|2|1|2;6|1;2;1;1;0;3;6;1/30;24;1/30*t^6 + 49/120*t^5 + 47/24*t^4 + 113/24*t^3 + 721/120*t^2 + 233/60*t + 1;(1, 18, 57, 84, 70, 34, 9, 1);4;1/24;1;1/24*t^4 + 5/12*t^3 + 35/24*t^2 + 25/12*t + 1;(1, 5, 10, 10, 5, 1)
2|2|1|2;7;2;1;1;0;3;6;1/36;20;1/36*t^6 + 7/20*t^5 + 125/72*t^4 + 13/3*t^3 + 413/72*t^2 + 229/60*t + 1;(1, 17, 56, 84, 70, 34, 9, 1);4;1/24;1;1/24*t^4 + 5/12*t^3 + 35/24*t^2 + 25/12*t + 1;(1, 5, 10, 10, 5, 1)
2|2|2|1;2|2|2|1;4;3;0;1;6;6;1/8;90;1/8*t^6 + 9/8*t^5 + 33/8*t^4 + 63/8*t^3 + 33/4*t^2 + 9/2*t + 1;(1, 27, 81, 108, 81, 36, 9, 1);2;1/2;1;1/2*t^2 + 3/2*t + 1;(1, 3, 3, 1)
2|2|2|1;2|2|3;3;2;1;0;5;6;1/8;90;1/8*t^6 + 9/8*t^5 + 33/8*t^4 + 63/8*t^3 + 33/4*t^2 + 9/2*t + 1;(1, 27, 81, 108, 81, 36, 9, 1);2;1/2;1;1/2*t^2 + 3/2*t + 1;(1, 3, 3, 1)
2|2|2|1;2|3|1|1;3;1;1;1;3;5;1/4;30;1/4*t^5 + 7/4*t^4 + 19/4*t^3 + 25/4*t^2 + 4*t + 1;(1, 18, 45, 48, 27, 8, 1);2;1/2;1;1/2*t^2 + 3/2*t + 1;(1, 3, 3, 1)
2|2|2|1;2|3|2;2;1;1;0;3;6;1/4;180;1/4*t^6 + 2*t^5 + 13/2*t^4 + 11*t^3 + 41/4*t^2 + 5*t + 1;(1, 36, 108, 141, 102, 43, 10, 1);2;1/2;1;1/2*t^2 + 3/2*t + 1;(1, 3, 3, 1)
2|2|2|1;2|4|1;3;2;0;1;4;6;1/8;90;1/8*t^6 + 9/8*t^5 + 33/8*t^4 + 63/8*t^3 + 33/4*t^2 + 9/2*t + 1;(1, 27, 87, 123, 95, 42, 10, 1);2;1/2;1;1/2*t^2 + 3/2*t + 1;(1, 3, 3, 1)
2|2|2|1;2|5;2;1;1;0;3;6;1/16;45;1/16*t^6 + 31/48*t^5 + 43/16*t^4 + 277/48*t^3 + 27/4*t^2 + 49/12*t + 1;(1, 21, 66, 94, 75, 35, 9, 1);2;1/2;1;1/2*t^2 + 3/2*t + 1;(1, 3, 3, 1)
2|2|2|1;3|1|1|1|1;3;0;2;1;2;4;1/2;12;1/2*t^4 + 5/2*t^3 + 9/2*t^2 + 7/2*t + 1;(1, 12, 24, 19, 7, 1);3;1/6;1;1/6*t^3 + t^2 + 11/6*t + 1;(1, 4, 6, 4, 1)
2|2|2|1;3|1|1|2;2;0;2;0;2;5;1/2;60;1/2*t^5 + 3*t^4 + 7*t^3 + 8*t^2 + 9/2*t + 1;(1, 24, 60, 62, 33, 9, 1);3;1/6;1;1/6*t^3 + t^2 + 11/6*t + 1;(1, 4, 6, 4, 1)
2|2|2|1;3|1|2|1;3;1;1;1;3;5;1/4;30;1/4*t^5 + 7/4*t^4 + 19/4*t^3 + 25/4*t^2 + 4*t + 1;(1, 18, 45, 48, 27, 8, 1);3;1/6;1;1/6*t^3 + t^2 + 11/6*t + 1;(1, 4, 6, 4, 1)
2|2|2|1;3|1|3;2;0;2;0;2;5;1/4;30;1/4*t^5 + 7/4*t^4 + 19/4*t^3 + 25/4*t^2 + 4*t + 1;(1, 18, 45, 48, 27, 8, 1);3;1/6;1;1/6*t^3 + t^2 + 11/6*t + 1;(1, 4, 6, 4, 1)
2|2|2|1;3|2|1|1;2;0;1;1;1;5;1/2;60;1/2*t^5 + 3*t^4 + 7*t^3 + 8*t^2 + 9/2*t + 1;(1, 24, 60, 62, 33, 9, 1);5;1/120;1;1/120*t^5 + 1/8*t^4 + 17/24*t^3 + 15/8*t^2 + 137/60*t + 1;(1, 6, 15, 20, 15, 6, 1)
2|2|2|1;3|2|2;1;0;1;0;1;6;1/2;360;1/2*t^6 + 7/2*t^5 + 10*t^4 + 15*t^3 + 25/2*t^2 + 11/2*t + 1;(1, 48, 144, 184, 128, 51, 11, 1);6;1/720;1;1/720*t^6 + 7/240*t^5 + 35/144*t^4 + 49/48*t^3 + 203/90*t^2 + 49/20*t + 1;(1, 7, 21, 35, 35, 21, 7, 1)
2|2|2|1;3|3|1;2;0;1;1;1;5;1/4;30;1/4*t^5 + 7/4*t^4 + 19/4*t^3 + 25/4*t^2 + 4*t + 1;(1, 18, 45, 48, 27, 8, 1);4;1/24;1;1/24*t^4 + 5/12*t^3 + 35/24*t^2 + 25/12*t + 1;(1, 5, 10, 10, 5, 1)
2|2|2|1;3|4;2;1;1;0;3;6;1/12;60;1/12*t^6 + 5/6*t^5 + 10/3*t^4 + 41/6*t^3 + 91/12*t^2 + 13/3*t + 1;(1, 24, 72, 98, 76, 35, 9, 1);4;1/24;1;1/24*t^4 + 5/12*t^3 + 35/24*t^2 + 25/12*t + 1;(1, 5, 10, 10, 5, 1)
2|2|2|1;4|1|1|1;3;1;1;1;3;5;1/4;30;1/4*t^5 + 7/4*t^4 + 19/4*t^3 + 25/4*t^2 + 4*t + 1;(1, 18, 49, 56, 32, 9, 1);4;1/24;1;1/24*t^4 + 5/12*t^3 + 35/24*t^2 + 25/12*t + 1;(1, 5, 10, 10, 5, 1)
2|2|2|1;4|1|2;2;1;1;0;3;6;1/4;180;1/4*t^6 + 2*t^5 + 13/2*t^4 + 11*t^3 + 41/4*t^2 + 5*t + 1;(1, 36, 116, 161, 120, 50, 11, 1);4;1/24;1;1/24*t^4 + 5/12*t^3 + 35/24*t^2 + 25/12*t + 1;(1, 5, 10, 10, 5, 1)
2|2|2|1;4|2|1;3;2;0;1;4;6;1/8;90;1/8*t^6 + 9/8*t^5 + 33/8*t^4 + 63/8*t^3 + 33/4*t^2 + 9/2*t + 1;(1, 27, 87, 123, 95, 42, 10, 1);4;1/24;1;1/24*t^4 + 5/12*t^3 + 35/24*t^2 + 25/12*t + 1;(1, 5, 10, 10, 5, 1)
2|2|2|1;4|3;2;1;1;0;3;6;1/8;90;1/8*t^6 + 9/8*t^5 + 33/8*t^4 + 63/8*t^3 + 33/4*t^2 + 9/2*t + 1;(1, 27, 87, 123, 95, 42, 10, 1);4;1/24;1;1/24*t^4 + 5/12*t^3 + 35/24*t^2 + 25/12*t + 1;(1, 5, 10, 10, 5, 1)
2|2|2|1;5|1|1;2;0;1;1;1;5;1/8;15;1/8*t^5 + 25/24*t^4 + 79/24*t^3 + 119/24*t^2 + 43/12*t + 1;(1, 14, 37, 43, 26, 8, 1);4;1/24;1;1/24*t^4 + 5/12*t^3 + 35/24*t^2 + 25/12*t + 1;(1, 5, 10, 10, 5, 1)
2|2|2|1;5|2;1;0;1;0;1;6;1/8;90;1/8*t^6 + 7/6*t^5 + 13/3*t^4 + 33/4*t^3 + 205/24*t^2 + 55/12*t + 1;(1, 28, 88, 123, 95, 42, 10, 1);5;1/120;1;1/120*t^5 + 1/8*t^4 + 17/24*t^3 + 15/8*t^2 + 137/60*t + 1;(1, 6, 15, 20, 15, 6, 1)
2|2|2|1;6|1;3;2;0;1;4;6;1/36;20;1/36*t^6 + 7/20*t^5 + 125/72*t^4 + 13/3*t^3 + 413/72*t^2 + 229/60*t + 1;(1, 17, 56, 84, 70, 34, 9, 1);4;1/24;1;1/24*t^4 + 5/12*t^3 + 35/24*t^2 + 25/12*t + 1;(1, 5, 10, 10, 5, 1)
2|2|2|1;7;1;0;1;0;1;6;1/48;15;1/48*t^6 + 13/48*t^5 + 67/48*t^4 + 175/48*t^3 + 61/12*t^2 + 43/12*t + 1;(1, 15, 51, 80, 69, 34, 9, 1);3;1/6;1;1/6*t^3 + t^2 + 11/6*t + 1;(1, 4, 6, 4, 1)
2|2|3;2|2|3;4;3;0;1;6;6;1/8;90;1/8*t^6 + 9/8*t^5 + 33/8*t^4 + 63/8*t^3 + 33/4*t^2 + 9/2*t + 1;(1, 27, 81, 108, 81, 36, 9, 1);2;1/2;1;1/2*t^2 + 3/2*t + 1;(1, 3, 3, 1)
2|2|3;2|3|1|1;3;1;1;1;3;5;1/4;30;1/4*t^5 + 7/4*t^4 + 19/4*t^3 + 25/4*t^2 + 4*t + 1;(1, 18, 45, 48, 27, 8, 1);2;1/2;1;1/2*t^2 + 3/2*t + 1;(1, 3, 3, 1)
2|2|3;2|3|2;2;1;1;0;3;6;1/8;90;1/8*t^6 + 9/8*t^5 + 33/8*t^4 + 63/8*t^3 + 33/4*t^2 + 9/2*t + 1;(1, 27, 81, 108, 81, 36, 9, 1);2;1/2;1;1/2*t^2 + 3/2*t + 1;(1, 3, 3, 1)
2|2|3;2|4|1;2;1;1;0;3;6;1/8;90;1/8*t^6 + 9/8*t^5 + 33/8*t^4 + 63/8*t^3 + 33/4*t^2 + 9/2*t + 1;(1, 27, 87, 123, 95, 42, 10, 1);2;1/2;1;1/2*t^2 + 3/2*t + 1;(1, 3, 3, 1)
2|2|3;2|5;2;1;1;0;3;6;1/16;45;1/16*t^6 + 31/48*t^5 + 43/16*t^4 + 277/48*t^3 + 27/4*t^2 + 49/12*t + 1;(1, 21, 66, 94, 75, 35, 9, 1);2;1/2;1;1/2*t^2 + 3/2*t + 1;(1, 3, 3, 1)
2|2|3;3|1|1|1|1;3;0;2;1;2;4;1/2;12;1/2*t^4 + 5/2*t^3 + 9/2*t^2 + 7/2*t + 1;(1, 12, 24, 19, 7, 1);3;1/6;1;1/6*t^3 + t^2 + 11/6*t + 1;(1, 4, 6, 4, 1)
2|2|3;3|1|1|2;2;0;2;0;2;5;1/4;30;1/4*t^5 + 7/4*t^4 + 19/4*t^3 + 25/4*t^2 + 4*t + 1;(1, 18, 45, 48, 27, 8, 1);3;1/6;1;1/6*t^3 + t^2 + 11/6*t + 1;(1, 4, 6, 4, 1)
2|2|3;3|1|2|1;2;0;2;0;2;5;1/4;30;1/4*t^5 + 7/4*t^4 + 19/4*t^3 + 25/4*t^2 + 4*t + 1;(1, 18, 45, 48, 27, 8, 1);3;1/6;1;1/6*t^3 + t^2 + 11/6*t + 1;(1, 4, 6, 4, 1)
2|2|3;3|1|3;3;1;1;1;3;5;1/4;30;1/4*t^5 + 7/4*t^4 + 19/4*t^3 + 25/4*t^2 + 4*t + 1;(1, 18, 45, 48, 27, 8, 1);3;1/6;1;1/6*t^3 + t^2 + 11/6*t + 1;(1, 4, 6, 4, 1)
2|2|3;3|2|1|1;2;0;1;1;1;5;1/2;60;1/2*t^5 + 3*t^4 + 7*t^3 + 8*t^2 + 9/2*t + 1;(1, 24, 60, 62, 33, 9, 1);5;1/120;1;1/120*t^5 + 1/8*t^4 + 17/24*t^3 + 15/8*t^2 + 137/60*t + 1;(1, 6, 15, 20, 15, 6, 1)
2|2|3;3|2|2;1;0;1;0;1;6;1/4;180;1/4*t^6 + 2*t^5 + 13/2*t^4 + 11*t^3 + 41/4*t^2 + 5*t + 1;(1, 36, 108, 141, 102, 43, 10, 1);5;1/120;1;1/120*t^5 + 1/8*t^4 + 17/24*t^3 + 15/8*t^2 + 137/60*t + 1;(1, 6, 15, 20, 15, 6, 1)
2|2|3;3|3|1;2;0;2;0;2;5;1/4;30;1/4*t^5 + 7/4*t^4 + 19/4*t^3 + 25/4*t^2 + 4*t + 1;(1, 18, 45, 48, 27, 8, 1);4;1/24;1;1/24*t^4 + 5/12*t^3 + 35/24*t^2 + 25/12*t + 1;(1, 5, 10, 10, 5, 1)
2|2|3;3|4;1;0;1;0;1;6;1/12;60;1/12*t^6 + 5/6*t^5 + 10/3*t^4 + 41/6*t^3 + 91/12*t^2 + 13/3*t + 1;(1, 24, 72, 98, 76, 35, 9, 1);4;1/24;1;1/24*t^4 + 5/12*t^3 + 35/24*t^2 + 25/12*t + 1;(1, 5, 10, 10, 5, 1)
2|2|3;4|1|1|1;3;1;1;1;3;5;1/4;30;1/4*t^5 + 7/4*t^4 + 19/4*t^3 + 25/4*t^2 + 4*t + 1;(1, 18, 49, 56, 32, 9, 1);4;1/24;1;1/24*t^4 + 5/12*t^3 + 35/24*t^2 + 25/12*t + 1;(1, 5, 10, 10, 5, 1)
2|2|3;4|1|2;2;1;1;0;3;6;1/8;90;1/8*t^6 + 9/8*t^5 + 33/8*t^4 + 63/8*t^3 + 33/4*t^2 + 9/2*t + 1;(1, 27, 87, 123, 95, 42, 10, 1);4;1/24;1;1/24*t^4 + 5/12*t^3 + 35/24*t^2 + 25/12*t + 1;(1, 5, 10, 10, 5, 1)
2|2|3;4|2|1;2;1;1;0;3;6;1/8;90;1/8*t^6 + 9/8*t^5 + 33/8*t^4 + 63/8*t^3 + 33/4*t^2 + 9/2*t + 1;(1, 27, 87, 123, 95, 42, 10, 1);4;1/24;1;1/24*t^4 + 5/12*t^3 + 35/24*t^2 + 25/12*t + 1;(1, 5, 10, 10, 5, 1)
2|2|3;4|3;3;2;0;1;4;6;1/8;90;1/8*t^6 + 9/8*t^5 + 33/8*t^4 + 63/8*t^3 + 33/4*t^2 + 9/2*t + 1;(1, 27, 87, 123, 95, 42, 10, 1);4;1/24;1;1/24*t^4 + 5/12*t^3 + 35/24*t^2 + 25/12*t + 1;(1, 5, 10, 10, 5, 1)
2|2|3;5|1|1;2;0;1;1;1;5;1/8;15;1/8*t^5 + 25/24*t^4 + 79/24*t^3 + 119/24*t^2 + 43/12*t + 1;(1, 14, 37, 43, 26, 8, 1);4;1/24;1;1/24*t^4 + 5/12*t^3 + 35/24*t^2 + 25/12*t + 1;(1, 5, 10, 10, 5, 1)
2|2|3;5|2;1;0;1;0;1;6;1/16;45;1/16*t^6 + 31/48*t^5 + 43/16*t^4 + 277/48*t^3 + 27/4*t^2 + 49/12*t + 1;(1, 21, 66, 94, 75, 35, 9, 1);4;1/24;1;1/24*t^4 + 5/12*t^3 + 35/24*t^2 + 25/12*t + 1;(1, 5, 10, 10, 5, 1)
2|2|3;6|1;2;1;1;0;3;6;1/36;20;1/36*t^6 + 7/20*t^5 + 125/72*t^4 + 13/3*t^3 + 413/72*t^2 + 229/60*t + 1;(1, 17, 56, 84, 70, 34, 9, 1);4;1/24;1;1/24*t^4 + 5/12*t^3 + 35/24*t^2 + 25/12*t + 1;(1, 5, 10, 10, 5, 1)
2|2|3;7;1;0;1;0;1;6;1/48;15;1/48*t^6 + 13/48*t^5 + 67/48*t^4 + 175/48*t^3 + 61/12*t^2 + 43/12*t + 1;(1, 15, 51, 80, 69, 34, 9, 1);3;1/6;1;1/6*t^3 + t^2 + 11/6*t + 1;(1, 4, 6, 4, 1)
2|3|1|1;2|3|1|1;5;2;0;3;4;4;1/4;6;1/4*t^4 + 3/2*t^3 + 13/4*t^2 + 3*t + 1;(1, 9, 18, 15, 6, 1);2;1/2;1;1/2*t^2 + 3/2*t + 1;(1, 3, 3, 1)
2|3|1|1;2|3|2;4;2;1;1;5;5;1/4;30;1/4*t^5 + 7/4*t^4 + 19/4*t^3 + 25/4*t^2 + 4*t + 1;(1, 18, 45, 48, 27, 8, 1);2;1/2;1;1/2*t^2 + 3/2*t + 1;(1, 3, 3, 1)
2|3|1|1;2|4|1;3;1;1;1;3;5;1/12;10;1/12*t^5 + 3/4*t^4 + 31/12*t^3 + 17/4*t^2 + 10/3*t + 1;(1, 12, 30, 34, 21, 7, 1);2;1/2;1;1/2*t^2 + 3/2*t + 1;(1, 3, 3, 1)
2|3|1|1;2|5;3;1;2;0;4;5;1/12;10;1/12*t^5 + 3/4*t^4 + 31/12*t^3 + 17/4*t^2 + 10/3*t + 1;(1, 12, 30, 34, 21, 7, 1);2;1/2;1;1/2*t^2 + 3/2*t + 1;(1, 3, 3, 1)
2|3|1|1;3|1|1|1|1;4;0;1;3;1;3;1/2;3;1/2*t^3 + 2*t^2 + 5/2*t + 1;(1, 6, 9, 5, 1);3;1/6;1;1/6*t^3 + t^2 + 11/6*t + 1;(1, 4, 6, 4, 1)
2|3|1|1;3|1|1|2;3;0;2;1;2;4;1/2;12;1/2*t^4 + 5/2*t^3 + 9/2*t^2 + 7/2*t + 1;(1, 12, 24, 19, 7, 1);3;1/6;1;1/6*t^3 + t^2 + 11/6*t + 1;(1, 4, 6, 4, 1)
2|3|1|1;3|1|2|1;3;0;1;2;1;4;1/2;12;1/2*t^4 + 5/2*t^3 + 9/2*t^2 + 7/2*t + 1;(1, 12, 24, 19, 7, 1);4;1/24;1;1/24*t^4 + 5/12*t^3 + 35/24*t^2 + 25/12*t + 1;(1, 5, 10, 10, 5, 1)
2|3|1|1;3|1|3;3;0;1;2;1;4;1/2;12;1/2*t^4 + 5/2*t^3 + 9/2*t^2 + 7/2*t + 1;(1, 12, 24, 19, 7, 1);4;1/24;1;1/24*t^4 + 5/12*t^3 + 35/24*t^2 + 25/12*t + 1;(1, 5, 10, 10, 5, 1)
2|3|1|1;3|2|1|1;3;0;1;2;1;4;1/4;6;1/4*t^4 + 3/2*t^3 + 13/4*t^2 + 3*t + 1;(1, 9, 18, 15, 6, 1);3;1/6;1;1/6*t^3 + t^2 + 11/6*t + 1;(1, 4, 6, 4, 1)
2|3|1|1;3|2|2;2;0;2;0;2;5;1/4;30;1/4*t^5 + 7/4*t^4 + 19/4*t^3 + 25/4*t^2 + 4*t + 1;(1, 18, 45, 48, 27, 8, 1);3;1/6;1;1/6*t^3 + t^2 + 11/6*t + 1;(1, 4, 6, 4, 1)
2|3|1|1;3|3|1;3;0;2;1;2;4;1/4;6;1/4*t^4 + 3/2*t^3 + 13/4*t^2 + 3*t + 1;(1, 9, 18, 15, 6, 1);3;1/6;1;1/6*t^3 + t^2 + 11/6*t + 1;(1, 4, 6, 4, 1)
2|3|1|1;3|4;2;0;2;0;2;5;1/6;20;1/6*t^5 + 5/4*t^4 + 11/3*t^3 + 21/4*t^2 + 11/3*t + 1;(1, 15, 39, 44, 26, 8, 1);4;1/24;1;1/24*t^4 + 5/12*t^3 + 35/24*t^2 + 25/12*t + 1;(1, 5, 10, 10, 5, 1)
2|3|1|1;4|1|1|1;3;0;1;2;1;4;1/4;6;1/4*t^4 + 3/2*t^3 + 13/4*t^2 + 3*t + 1;(1, 9, 20, 18, 7, 1);4;1/24;1;1/24*t^4 + 5/12*t^3 + 35/24*t^2 + 25/12*t + 1;(1, 5, 10, 10, 5, 1)
2|3|1|1;4|1|2;2;0;2;0;2;5;1/4;30;1/4*t^5 + 7/4*t^4 + 19/4*t^3 + 25/4*t^2 + 4*t + 1;(1, 18, 49, 56, 32, 9, 1);4;1/24;1;1/24*t^4 + 5/12*t^3 + 35/24*t^2 + 25/12*t + 1;(1, 5, 10, 10, 5, 1)
2|3|1|1;4|2|1;2;0;1;1;1;5;1/4;30;1/4*t^5 + 7/4*t^4 + 19/4*t^3 + 25/4*t^2 + 4*t + 1;(1, 18, 49, 56, 32, 9, 1);5;1/120;1;1/120*t^5 + 1/8*t^4 + 17/24*t^3 + 15/8*t^2 + 137/60*t + 1;(1, 6, 15, 20, 15, 6, 1)
2|3|1|1;4|3;2;0;1;1;1;5;1/4;30;1/4*t^5 + 7/4*t^4 + 19/4*t^3 + 25/4*t^2 + 4*t + 1;(1, 18, 49, 56, 32, 9, 1);5;1/120;1;1/120*t^5 + 1/8*t^4 + 17/24*t^3 + 15/8*t^2 + 137/60*t + 1;(1, 6, 15, 20, 15, 6, 1)
2|3|1|1;5|1|1;3;0;1;2;1;4;1/8;3;1/8*t^4 + 11/12*t^3 + 19/8*t^2 + 31/12*t + 1;(1, 7, 15, 14, 6, 1);3;1/6;1;1/6*t^3 + t^2 + 11/6*t + 1;(1, 4, 6, 4, 1)
2|3|1|1;5|2;2;0;2;0;2;5;1/8;15;1/8*t^5 + 25/24*t^4 + 79/24*t^3 + 119/24*t^2 + 43/12*t + 1;(1, 14, 37, 43, 26, 8, 1);3;1/6;1;1/6*t^3 + t^2 + 11/6*t + 1;(1, 4, 6, 4, 1)
2|3|1|1;6|1;2;0;1;1;1;5;1/30;4;1/30*t^5 + 3/8*t^4 + 19/12*t^3 + 25/8*t^2 + 173/60*t + 1;(1, 9, 24, 30, 20, 7, 1);3;1/6;1;1/6*t^3 + t^2 + 11/6*t + 1;(1, 4, 6, 4, 1)
2|3|1|1;7;3;1;1;1;3;5;1/30;4;1/30*t^5 + 3/8*t^4 + 19/12*t^3 + 25/8*t^2 + 173/60*t + 1;(1, 9, 24, 30, 20, 7, 1);3;1/6;1;1/6*t^3 + t^2 + 11/6*t + 1;(1, 4, 6, 4, 1)
2|3|2;2|3|2;4;3;0;1;6;6;1/8;90;1/8*t^6 + 9/8*t^5 + 33/8*t^4 + 63/8*t^3 + 33/4*t^2 + 9/2*t + 1;(1, 27, 81, 108, 81, 36, 9, 1);2;1/2;1;1/2*t^2 + 3/2*t + 1;(1, 3, 3, 1)
2|3|2;2|4|1;2;1;1;0;3;6;1/12;60;1/12*t^6 + 5/6*t^5 + 10/3*t^4 + 41/6*t^3 + 91/12*t^2 + 13/3*t + 1;(1, 24, 72, 98, 76, 35, 9, 1);2;1/2;1;1/2*t^2 + 3/2*t + 1;(1, 3, 3, 1)
2|3|2;2|5;2;1;1;0;3;6;1/16;45;1/16*t^6 + 31/48*t^5 + 43/16*t^4 + 277/48*t^3 + 27/4*t^2 + 49/12*t + 1;(1, 21, 66, 94, 75, 35, 9, 1);2;1/2;1;1/2*t^2 + 3/2*t + 1;(1, 3, 3, 1)
2|3|2;3|1|1|1|1;3;0;2;1;2;4;1/2;12;1/2*t^4 + 5/2*t^3 + 9/2*t^2 + 7/2*t + 1;(1, 12, 24, 19, 7, 1);3;1/6;1;1/6*t^3 + t^2 + 11/6*t + 1;(1, 4, 6, 4, 1)
2|3|2;3|1|1|2;3;1;1;1;3;5;1/4;30;1/4*t^5 + 7/4*t^4 + 19/4*t^3 + 25/4*t^2 + 4*t + 1;(1, 18, 45, 48, 27, 8, 1);3;1/6;1;1/6*t^3 + t^2 + 11/6*t + 1;(1, 4, 6, 4, 1)
2|3|2;3|1|2|1;2;0;1;1;1;5;1/2;60;1/2*t^5 + 3*t^4 + 7*t^3 + 8*t^2 + 9/2*t + 1;(1, 24, 60, 62, 33, 9, 1);5;1/120;1;1/120*t^5 + 1/8*t^4 + 17/24*t^3 + 15/8*t^2 + 137/60*t + 1;(1, 6, 15, 20, 15, 6, 1)
2|3|2;3|1|3;2;0;1;1;1;5;1/4;30;1/4*t^5 + 7/4*t^4 + 19/4*t^3 + 25/4*t^2 + 4*t + 1;(1, 18, 45, 48, 27, 8, 1);4;1/24;1;1/24*t^4 + 5/12*t^3 + 35/24*t^2 + 25/12*t + 1;(1, 5, 10, 10, 5, 1)
2|3|2;3|2|1|1;2;0;2;0;2;5;1/4;30;1/4*t^5 + 7/4*t^4 + 19/4*t^3 + 25/4*t^2 + 4*t + 1;(1, 18, 45, 48, 27, 8, 1);3;1/6;1;1/6*t^3 + t^2 + 11/6*t + 1;(1, 4, 6, 4, 1)
2|3|2;3|2|2;2;1;1;0;3;6;1/8;90;1/8*t^6 + 9/8*t^5 + 33/8*t^4 + 63/8*t^3 + 33/4*t^2 + 9/2*t + 1;(1, 27, 81, 108, 81, 36, 9, 1);3;1/6;1;1/6*t^3 + t^2 + 11/6*t + 1;(1, 4, 6, 4, 1)
2|3|2;3|3|1;2;0;2;0;2;5;1/4;30;1/4*t^5 + 7/4*t^4 + 19/4*t^3 + 25/4*t^2 + 4*t + 1;(1, 18, 45, 48, 27, 8, 1);3;1/6;1;1/6*t^3 + t^2 + 11/6*t + 1;(1, 4, 6, 4, 1)
2|3|2;3|4;1;0;1;0;1;6;1/8;90;1/8*t^6 + 9/8*t^5 + 33/8*t^4 + 63/8*t^3 + 33/4*t^2 + 9/2*t + 1;(1, 27, 87, 123, 95, 42, 10, 1);5;1/120;1;1/120*t^5 + 1/8*t^4 + 17/24*t^3 + 15/8*t^2 + 137/60*t + 1;(1, 6, 15, 20, 15, 6, 1)
2|3|2;4|1|1|1;2;0;2;0;2;5;1/4;30;1/4*t^5 + 7/4*t^4 + 19/4*t^3 + 25/4*t^2 + 4*t + 1;(1, 18, 49, 56, 32, 9, 1);4;1/24;1;1/24*t^4 + 5/12*t^3 + 35/24*t^2 + 25/12*t + 1;(1, 5, 10, 10, 5, 1)
2|3|2;4|1|2;2;1;1;0;3;6;1/8;90;1/8*t^6 + 9/8*t^5 + 33/8*t^4 + 63/8*t^3 + 33/4*t^2 + 9/2*t + 1;(1, 27, 87, 123, 95, 42, 10, 1);4;1/24;1;1/24*t^4 + 5/12*t^3 + 35/24*t^2 + 25/12*t + 1;(1, 5, 10, 10, 5, 1)
2|3|2;4|2|1;1;0;1;0;1;6;1/4;180;1/4*t^6 + 2*t^5 + 13/2*t^4 + 11*t^3 + 41/4*t^2 + 5*t + 1;(1, 36, 116, 161, 120, 50, 11, 1);6;1/720;1;1/720*t^6 + 7/240*t^5 + 35/144*t^4 + 49/48*t^3 + 203/90*t^2 + 49/20*t + 1;(1, 7, 21, 35, 35, 21, 7, 1)
2|3|2;4|3;1;0;1;0;1;6;1/8;90;1/8*t^6 + 9/8*t^5 + 33/8*t^4 + 63/8*t^3 + 33/4*t^2 + 9/2*t + 1;(1, 27, 87, 123, 95, 42, 10, 1);5;1/120;1;1/120*t^5 + 1/8*t^4 + 17/24*t^3 + 15/8*t^2 + 137/60*t + 1;(1, 6, 15, 20, 15, 6, 1)
2|3|2;5|1|1;2;0;2;0;2;5;1/8;15;1/8*t^5 + 25/24*t^4 + 79/24*t^3 + 119/24*t^2 + 43/12*t + 1;(1, 14, 37, 43, 26, 8, 1);3;1/6;1;1/6*t^3 + t^2 + 11/6*t + 1;(1, 4, 6, 4, 1)
2|3|2;5|2;2;1;1;0;3;6;1/16;45;1/16*t^6 + 31/48*t^5 + 43/16*t^4 + 277/48*t^3 + 27/4*t^2 + 49/12*t + 1;(1, 21, 66, 94, 75, 35, 9, 1);3;1/6;1;1/6*t^3 + t^2 + 11/6*t + 1;(1, 4, 6, 4, 1)
2|3|2;6|1;1;0;1;0;1;6;1/30;24;1/30*t^6 + 49/120*t^5 + 47/24*t^4 + 113/24*t^3 + 721/120*t^2 + 233/60*t + 1;(1, 18, 57, 84, 70, 34, 9, 1);4;1/24;1;1/24*t^4 + 5/12*t^3 + 35/24*t^2 + 25/12*t + 1;(1, 5, 10, 10, 5, 1)
2|3|2;7;3;2;0;1;4;6;1/36;20;1/36*t^6 + 7/20*t^5 + 125/72*t^4 + 13/3*t^3 + 413/72*t^2 + 229/60*t + 1;(1, 17, 56, 84, 70, 34, 9, 1);4;1/24;1;1/24*t^4 + 5/12*t^3 + 35/24*t^2 + 25/12*t + 1;(1, 5, 10, 10, 5, 1)
2|4|1;2|4|1;4;3;0;1;6;6;1/48;15;1/48*t^6 + 13/48*t^5 + 67/48*t^4 + 175/48*t^3 + 61/12*t^2 + 43/12*t + 1;(1, 15, 45, 65, 55, 28, 8, 1);2;1/2;1;1/2*t^2 + 3/2*t + 1;(1, 3, 3, 1)
2|4|1;2|5;2;1;1;0;3;6;1/48;15;1/48*t^6 + 13/48*t^5 + 67/48*t^4 + 175/48*t^3 + 61/12*t^2 + 43/12*t + 1;(1, 15, 45, 65, 55, 28, 8, 1);2;1/2;1;1/2*t^2 + 3/2*t + 1;(1, 3, 3, 1)
2|4|1;3|1|1|1|1;3;0;2;1;2;4;1/4;6;1/4*t^4 + 3/2*t^3 + 13/4*t^2 + 3*t + 1;(1, 9, 18, 15, 6, 1);3;1/6;1;1/6*t^3 + t^2 + 11/6*t + 1;(1, 4, 6, 4, 1)
2|4|1;3|1|1|2;2;0;2;0;2;5;1/4;30;1/4*t^5 + 7/4*t^4 + 19/4*t^3 + 25/4*t^2 + 4*t + 1;(1, 18, 45, 48, 27, 8, 1);4;1/24;1;1/24*t^4 + 5/12*t^3 + 35/24*t^2 + 25/12*t + 1;(1, 5, 10, 10, 5, 1)
2|4|1;3|1|2|1;2;0;1;1;1;5;1/6;20;1/6*t^5 + 5/4*t^4 + 11/3*t^3 + 21/4*t^2 + 11/3*t + 1;(1, 15, 39, 44, 26, 8, 1);3;1/6;1;1/6*t^3 + t^2 + 11/6*t + 1;(1, 4, 6, 4, 1)
2|4|1;3|1|3;2;0;2;0;2;5;1/6;20;1/6*t^5 + 5/4*t^4 + 11/3*t^3 + 21/4*t^2 + 11/3*t + 1;(1, 15, 39, 44, 26, 8, 1);3;1/6;1;1/6*t^3 + t^2 + 11/6*t + 1;(1, 4, 6, 4, 1)
2|4|1;3|2|1|1;3;1;1;1;3;5;1/12;10;1/12*t^5 + 3/4*t^4 + 31/12*t^3 + 17/4*t^2 + 10/3*t + 1;(1, 12, 30, 34, 21, 7, 1);3;1/6;1;1/6*t^3 + t^2 + 11/6*t + 1;(1, 4, 6, 4, 1)
2|4|1;3|2|2;2;1;1;0;3;6;1/12;60;1/12*t^6 + 5/6*t^5 + 10/3*t^4 + 41/6*t^3 + 91/12*t^2 + 13/3*t + 1;(1, 24, 72, 98, 76, 35, 9, 1);4;1/24;1;1/24*t^4 + 5/12*t^3 + 35/24*t^2 + 25/12*t + 1;(1, 5, 10, 10, 5, 1)
2|4|1;3|3|1;2;0;1;1;1;5;1/12;10;1/12*t^5 + 3/4*t^4 + 31/12*t^3 + 17/4*t^2 + 10/3*t + 1;(1, 12, 30, 34, 21, 7, 1);3;1/6;1;1/6*t^3 + t^2 + 11/6*t + 1;(1, 4, 6, 4, 1)
2|4|1;3|4;1;0;1;0;1;6;1/24;30;1/24*t^6 + 11/24*t^5 + 49/24*t^4 + 113/24*t^3 + 71/12*t^2 + 23/6*t + 1;(1, 18, 57, 84, 70, 34, 9, 1);3;1/6;1;1/6*t^3 + t^2 + 11/6*t + 1;(1, 4, 6, 4, 1)
2|4|1;4|1|1|1;2;0;1;1;1;5;3/20;18;3/20*t^5 + 9/8*t^4 + 10/3*t^3 + 39/8*t^2 + 211/60*t + 1;(1, 14, 41, 51, 31, 9, 1);5;1/120;1;1/120*t^5 + 1/8*t^4 + 17/24*t^3 + 15/8*t^2 + 137/60*t + 1;(1, 6, 15, 20, 15, 6, 1)
2|4|1;4|1|2;1;0;1;0;1;6;3/20;108;3/20*t^6 + 51/40*t^5 + 107/24*t^4 + 197/24*t^3 + 1007/120*t^2 + 271/60*t + 1;(1, 28, 96, 143, 113, 49, 11, 1);6;1/720;1;1/720*t^6 + 7/240*t^5 + 35/144*t^4 + 49/48*t^3 + 203/90*t^2 + 49/20*t + 1;(1, 7, 21, 35, 35, 21, 7, 1)
2|4|1;4|2|1;2;1;0;1;2;6;19/180;76;19/180*t^6 + 19/20*t^5 + 253/72*t^4 + 41/6*t^3 + 2657/360*t^2 + 253/60*t + 1;(1, 24, 88, 138, 112, 49, 11, 1);6;1/720;1;1/720*t^6 + 7/240*t^5 + 35/144*t^4 + 49/48*t^3 + 203/90*t^2 + 49/20*t + 1;(1, 7, 21, 35, 35, 21, 7, 1)
2|4|1;4|3;1;0;1;0;1;6;19/180;76;19/180*t^6 + 19/20*t^5 + 253/72*t^4 + 41/6*t^3 + 2657/360*t^2 + 253/60*t + 1;(1, 24, 88, 138, 112, 49, 11, 1);6;1/720;1;1/720*t^6 + 7/240*t^5 + 35/144*t^4 + 49/48*t^3 + 203/90*t^2 + 49/20*t + 1;(1, 7, 21, 35, 35, 21, 7, 1)
2|4|1;5|1|1;3;1;1;1;3;5;1/15;8;1/15*t^5 + 5/8*t^4 + 9/4*t^3 + 31/8*t^2 + 191/60*t + 1;(1, 11, 31, 39, 25, 8, 1);4;1/24;1;1/24*t^4 + 5/12*t^3 + 35/24*t^2 + 25/12*t + 1;(1, 5, 10, 10, 5, 1)
2|4|1;5|2;2;1;1;0;3;6;1/15;48;1/15*t^6 + 83/120*t^5 + 23/8*t^4 + 49/8*t^3 + 847/120*t^2 + 251/60*t + 1;(1, 22, 73, 109, 89, 41, 10, 1);4;1/24;1;1/24*t^4 + 5/12*t^3 + 35/24*t^2 + 25/12*t + 1;(1, 5, 10, 10, 5, 1)
2|4|1;6|1;2;1;0;1;2;6;1/72;10;1/72*t^6 + 23/120*t^5 + 19/18*t^4 + 71/24*t^3 + 319/72*t^2 + 67/20*t + 1;(1, 13, 44, 71, 64, 33, 9, 1);3;1/6;1;1/6*t^3 + t^2 + 11/6*t + 1;(1, 4, 6, 4, 1)
2|4|1;7;1;0;1;0;1;6;1/144;5;1/144*t^6 + 9/80*t^5 + 103/144*t^4 + 109/48*t^3 + 34/9*t^2 + 187/60*t + 1;(1, 11, 35, 55, 50, 27, 8, 1);3;1/6;1;1/6*t^3 + t^2 + 11/6*t + 1;(1, 4, 6, 4, 1)
2|5;2|5;4;3;0;1;6;6;1/48;15;1/48*t^6 + 13/48*t^5 + 67/48*t^4 + 175/48*t^3 + 61/12*t^2 + 43/12*t + 1;(1, 15, 45, 65, 55, 28, 8, 1);2;1/2;1;1/2*t^2 + 3/2*t + 1;(1, 3, 3, 1)
2|5;3|1|1|1|1;3;0;2;1;2;4;1/4;6;1/4*t^4 + 3/2*t^3 + 13/4*t^2 + 3*t + 1;(1, 9, 18, 15, 6, 1);3;1/6;1;1/6*t^3 + t^2 + 11/6*t + 1;(1, 4, 6, 4, 1)
2|5;3|1|1|2;2;0;1;1;1;5;1/6;20;1/6*t^5 + 5/4*t^4 + 11/3*t^3 + 21/4*t^2 + 11/3*t + 1;(1, 15, 39, 44, 26, 8, 1);3;1/6;1;1/6*t^3 + t^2 + 11/6*t + 1;(1, 4, 6, 4, 1)
2|5;3|1|2|1;2;0;2;0;2;5;1/12;10;1/12*t^5 + 3/4*t^4 + 31/12*t^3 + 17/4*t^2 + 10/3*t + 1;(1, 12, 30, 34, 21, 7, 1);3;1/6;1;1/6*t^3 + t^2 + 11/6*t + 1;(1, 4, 6, 4, 1)
2|5;3|1|3;2;0;2;0;2;5;1/12;10;1/12*t^5 + 3/4*t^4 + 31/12*t^3 + 17/4*t^2 + 10/3*t + 1;(1, 12, 30, 34, 21, 7, 1);3;1/6;1;1/6*t^3 + t^2 + 11/6*t + 1;(1, 4, 6, 4, 1)
2|5;3|2|1|1;2;0;2;0;2;5;1/12;10;1/12*t^5 + 3/4*t^4 + 31/12*t^3 + 17/4*t^2 + 10/3*t + 1;(1, 12, 30, 34, 21, 7, 1);3;1/6;1;1/6*t^3 + t^2 + 11/6*t + 1;(1, 4, 6, 4, 1)
2|5;3|2|2;1;0;1;0;1;6;1/16;45;1/16*t^6 + 31/48*t^5 + 43/16*t^4 + 277/48*t^3 + 27/4*t^2 + 49/12*t + 1;(1, 21, 66, 94, 75, 35, 9, 1);3;1/6;1;1/6*t^3 + t^2 + 11/6*t + 1;(1, 4, 6, 4, 1)
2|5;3|3|1;3;1;1;1;3;5;1/12;10;1/12*t^5 + 3/4*t^4 + 31/12*t^3 + 17/4*t^2 + 10/3*t + 1;(1, 12, 30, 34, 21, 7, 1);3;1/6;1;1/6*t^3 + t^2 + 11/6*t + 1;(1, 4, 6, 4, 1)
2|5;3|4;1;0;1;0;1;6;1/48;15;1/48*t^6 + 13/48*t^5 + 67/48*t^4 + 175/48*t^3 + 61/12*t^2 + 43/12*t + 1;(1, 15, 45, 65, 55, 28, 8, 1);3;1/6;1;1/6*t^3 + t^2 + 11/6*t + 1;(1, 4, 6, 4, 1)
2|5;4|1|1|1;2;0;1;1;1;5;3/20;18;3/20*t^5 + 9/8*t^4 + 10/3*t^3 + 39/8*t^2 + 211/60*t + 1;(1, 14, 41, 51, 31, 9, 1);5;1/120;1;1/120*t^5 + 1/8*t^4 + 17/24*t^3 + 15/8*t^2 + 137/60*t + 1;(1, 6, 15, 20, 15, 6, 1)
2|5;4|1|2;2;1;0;1;2;6;19/180;76;19/180*t^6 + 19/20*t^5 + 253/72*t^4 + 41/6*t^3 + 2657/360*t^2 + 253/60*t + 1;(1, 24, 88, 138, 112, 49, 11, 1);6;1/720;1;1/720*t^6 + 7/240*t^5 + 35/144*t^4 + 49/48*t^3 + 203/90*t^2 + 49/20*t + 1;(1, 7, 21, 35, 35, 21, 7, 1)
2|5;4|2|1;1;0;1;0;1;6;19/360;38;19/360*t^6 + 11/20*t^5 + 167/72*t^4 + 61/12*t^3 + 1103/180*t^2 + 58/15*t + 1;(1, 19, 67, 105, 88, 41, 10, 1);5;1/120;1;1/120*t^5 + 1/8*t^4 + 17/24*t^3 + 15/8*t^2 + 137/60*t + 1;(1, 6, 15, 20, 15, 6, 1)
2|5;4|3;1;0;1;0;1;6;19/360;38;19/360*t^6 + 11/20*t^5 + 167/72*t^4 + 61/12*t^3 + 1103/180*t^2 + 58/15*t + 1;(1, 19, 67, 105, 88, 41, 10, 1);5;1/120;1;1/120*t^5 + 1/8*t^4 + 17/24*t^3 + 15/8*t^2 + 137/60*t + 1;(1, 6, 15, 20, 15, 6, 1)
2|5;5|1|1;2;0;2;0;2;5;1/15;8;1/15*t^5 + 5/8*t^4 + 9/4*t^3 + 31/8*t^2 + 191/60*t + 1;(1, 11, 31, 39, 25, 8, 1);4;1/24;1;1/24*t^4 + 5/12*t^3 + 35/24*t^2 + 25/12*t + 1;(1, 5, 10, 10, 5, 1)
2|5;5|2;1;0;1;0;1;6;19/360;38;19/360*t^6 + 17/30*t^5 + 22/9*t^4 + 65/12*t^3 + 2341/360*t^2 + 241/60*t + 1;(1, 20, 70, 108, 89, 41, 10, 1);5;1/120;1;1/120*t^5 + 1/8*t^4 + 17/24*t^3 + 15/8*t^2 + 137/60*t + 1;(1, 6, 15, 20, 15, 6, 1)
2|5;6|1;1;0;1;0;1;6;1/72;10;1/72*t^6 + 23/120*t^5 + 19/18*t^4 + 71/24*t^3 + 319/72*t^2 + 67/20*t + 1;(1, 13, 44, 71, 64, 33, 9, 1);3;1/6;1;1/6*t^3 + t^2 + 11/6*t + 1;(1, 4, 6, 4, 1)
2|5;7;1;0;1;0;1;6;1/144;5;1/144*t^6 + 9/80*t^5 + 103/144*t^4 + 109/48*t^3 + 34/9*t^2 + 187/60*t + 1;(1, 11, 35, 55, 50, 27, 8, 1);3;1/6;1;1/6*t^3 + t^2 + 11/6*t + 1;(1, 4, 6, 4, 1)
3|1|1|1|1;3|1|1|1|1;6;1;0;5;2;2;1/2;1;1/2*t^2 + 3/2*t + 1;(1, 3, 3, 1);2;1/2;1;1/2*t^2 + 3/2*t + 1;(1, 3, 3, 1)
3|1|1|1|1;3|1|1|2;5;1;1;3;3;3;1/2;3;1/2*t^3 + 2*t^2 + 5/2*t + 1;(1, 6, 9, 5, 1);2;1/2;1;1/2*t^2 + 3/2*t + 1;(1, 3, 3, 1)
3|1|1|1|1;3|1|2|1;5;1;1;3;3;3;1/2;3;1/2*t^3 + 2*t^2 + 5/2*t + 1;(1, 6, 9, 5, 1);2;1/2;1;1/2*t^2 + 3/2*t + 1;(1, 3, 3, 1)
3|1|1|1|1;3|1|3;5;1;1;3;3;3;1/2;3;1/2*t^3 + 2*t^2 + 5/2*t + 1;(1, 6, 9, 5, 1);2;1/2;1;1/2*t^2 + 3/2*t + 1;(1, 3, 3, 1)
3|1|1|1|1;3|2|1|1;5;1;1;3;3;3;1/2;3;1/2*t^3 + 2*t^2 + 5/2*t + 1;(1, 6, 9, 5, 1);2;1/2;1;1/2*t^2 + 3/2*t + 1;(1, 3, 3, 1)
3|1|1|1|1;3|2|2;4;1;2;1;4;4;1/2;12;1/2*t^4 + 5/2*t^3 + 9/2*t^2 + 7/2*t + 1;(1, 12, 24, 19, 7, 1);2;1/2;1;1/2*t^2 + 3/2*t + 1;(1, 3, 3, 1)
3|1|1|1|1;3|3|1;5;1;1;3;3;3;1/2;3;1/2*t^3 + 2*t^2 + 5/2*t + 1;(1, 6, 9, 5, 1);2;1/2;1;1/2*t^2 + 3/2*t + 1;(1, 3, 3, 1)
3|1|1|1|1;3|4;4;1;2;1;4;4;1/4;6;1/4*t^4 + 3/2*t^3 + 13/4*t^2 + 3*t + 1;(1, 9, 18, 15, 6, 1);2;1/2;1;1/2*t^2 + 3/2*t + 1;(1, 3, 3, 1)
3|1|1|1|1;4|1|1|1;4;0;1;3;1;3;1/6;1;1/6*t^3 + t^2 + 11/6*t + 1;(1, 4, 6, 4, 1);2;1/2;1;1/2*t^2 + 3/2*t + 1;(1, 3, 3, 1)
3|1|1|1|1;4|1|2;3;0;2;1;2;4;1/6;4;1/6*t^4 + 7/6*t^3 + 17/6*t^2 + 17/6*t + 1;(1, 8, 16, 14, 6, 1);2;1/2;1;1/2*t^2 + 3/2*t + 1;(1, 3, 3, 1)
3|1|1|1|1;4|2|1;3;0;2;1;2;4;1/6;4;1/6*t^4 + 7/6*t^3 + 17/6*t^2 + 17/6*t + 1;(1, 8, 16, 14, 6, 1);2;1/2;1;1/2*t^2 + 3/2*t + 1;(1, 3, 3, 1)
3|1|1|1|1;4|3;3;0;2;1;2;4;1/6;4;1/6*t^4 + 7/6*t^3 + 17/6*t^2 + 17/6*t + 1;(1, 8, 16, 14, 6, 1);2;1/2;1;1/2*t^2 + 3/2*t + 1;(1, 3, 3, 1)
3|1|1|1|1;5|1|1;4;0;2;2;2;3;1/6;1;1/6*t^3 + t^2 + 11/6*t + 1;(1, 4, 6, 4, 1);2;1/2;1;1/2*t^2 + 3/2*t + 1;(1, 3, 3, 1)
3|1|1|1|1;5|2;3;0;3;0;3;4;1/6;4;1/6*t^4 + 7/6*t^3 + 17/6*t^2 + 17/6*t + 1;(1, 8, 16, 14, 6, 1);2;1/2;1;1/2*t^2 + 3/2*t + 1;(1, 3, 3, 1)
3|1|1|1|1;6|1;3;0;2;1;2;4;1/12;2;1/12*t^4 + 2/3*t^3 + 23/12*t^2 + 7/3*t + 1;(1, 6, 13, 13, 6, 1);3;1/6;1;1/6*t^3 + t^2 + 11/6*t + 1;(1, 4, 6, 4, 1)
3|1|1|1|1;7;3;0;2;1;2;4;1/12;2;1/12*t^4 + 2/3*t^3 + 23/12*t^2 + 7/3*t + 1;(1, 6, 13, 13, 6, 1);3;1/6;1;1/6*t^3 + t^2 + 11/6*t + 1;(1, 4, 6, 4, 1)
3|1|1|2;3|1|1|2;5;2;0;3;4;4;1/4;6;1/4*t^4 + 3/2*t^3 + 13/4*t^2 + 3*t + 1;(1, 9, 18, 15, 6, 1);2;1/2;1;1/2*t^2 + 3/2*t + 1;(1, 3, 3, 1)
3|1|1|2;3|1|2|1;4;1;1;2;3;4;1/2;12;1/2*t^4 + 5/2*t^3 + 9/2*t^2 + 7/2*t + 1;(1, 12, 24, 19, 7, 1);2;1/2;1;1/2*t^2 + 3/2*t + 1;(1, 3, 3, 1)
3|1|1|2;3|1|3;4;1;1;2;3;4;1/4;6;1/4*t^4 + 3/2*t^3 + 13/4*t^2 + 3*t + 1;(1, 9, 18, 15, 6, 1);2;1/2;1;1/2*t^2 + 3/2*t + 1;(1, 3, 3, 1)
3|1|1|2;3|2|1|1;4;1;2;1;4;4;1/2;12;1/2*t^4 + 5/2*t^3 + 9/2*t^2 + 7/2*t + 1;(1, 12, 24, 19, 7, 1);2;1/2;1;1/2*t^2 + 3/2*t + 1;(1, 3, 3, 1)
3|1|1|2;3|2|2;4;2;1;1;5;5;1/4;30;1/4*t^5 + 7/4*t^4 + 19/4*t^3 + 25/4*t^2 + 4*t + 1;(1, 18, 45, 48, 27, 8, 1);2;1/2;1;1/2*t^2 + 3/2*t + 1;(1, 3, 3, 1)
3|1|1|2;3|3|1;4;1;1;2;3;4;1/2;12;1/2*t^4 + 5/2*t^3 + 9/2*t^2 + 7/2*t + 1;(1, 12, 24, 19, 7, 1);2;1/2;1;1/2*t^2 + 3/2*t + 1;(1, 3, 3, 1)
3|1|1|2;3|4;3;1;1;1;3;5;1/6;20;1/6*t^5 + 5/4*t^4 + 11/3*t^3 + 21/4*t^2 + 11/3*t + 1;(1, 15, 39, 44, 26, 8, 1);2;1/2;1;1/2*t^2 + 3/2*t + 1;(1, 3, 3, 1)
3|1|1|2;4|1|1|1;3;0;2;1;2;4;1/6;4;1/6*t^4 + 7/6*t^3 + 17/6*t^2 + 17/6*t + 1;(1, 8, 16, 14, 6, 1);2;1/2;1;1/2*t^2 + 3/2*t + 1;(1, 3, 3, 1)
3|1|1|2;4|1|2;3;1;1;1;3;5;1/12;10;1/12*t^5 + 3/4*t^4 + 31/12*t^3 + 17/4*t^2 + 10/3*t + 1;(1, 12, 30, 34, 21, 7, 1);2;1/2;1;1/2*t^2 + 3/2*t + 1;(1, 3, 3, 1)
3|1|1|2;4|2|1;2;0;2;0;2;5;1/6;20;1/6*t^5 + 4/3*t^4 + 4*t^3 + 17/3*t^2 + 23/6*t + 1;(1, 16, 40, 44, 26, 8, 1);2;1/2;1;1/2*t^2 + 3/2*t + 1;(1, 3, 3, 1)
3|1|1|2;4|3;2;0;2;0;2;5;1/12;10;1/12*t^5 + 3/4*t^4 + 31/12*t^3 + 17/4*t^2 + 10/3*t + 1;(1, 12, 30, 34, 21, 7, 1);2;1/2;1;1/2*t^2 + 3/2*t + 1;(1, 3, 3, 1)
3|1|1|2;5|1|1;3;0;3;0;3;4;1/6;4;1/6*t^4 + 7/6*t^3 + 17/6*t^2 + 17/6*t + 1;(1, 8, 16, 14, 6, 1);2;1/2;1;1/2*t^2 + 3/2*t + 1;(1, 3, 3, 1)
3|1|1|2;5|2;3;1;2;0;4;5;1/12;10;1/12*t^5 + 3/4*t^4 + 31/12*t^3 + 17/4*t^2 + 10/3*t + 1;(1, 12, 30, 34, 21, 7, 1);2;1/2;1;1/2*t^2 + 3/2*t + 1;(1, 3, 3, 1)
3|1|1|2;6|1;2;0;2;0;2;5;1/12;10;1/12*t^5 + 3/4*t^4 + 31/12*t^3 + 17/4*t^2 + 10/3*t + 1;(1, 12, 32, 39, 25, 8, 1);4;1/24;1;1/24*t^4 + 5/12*t^3 + 35/24*t^2 + 25/12*t + 1;(1, 5, 10, 10, 5, 1)
3|1|1|2;7;2;0;1;1;1;5;1/15;8;1/15*t^5 + 5/8*t^4 + 9/4*t^3 + 31/8*t^2 + 191/60*t + 1;(1, 11, 31, 39, 25, 8, 1);3;1/6;1;1/6*t^3 + t^2 + 11/6*t + 1;(1, 4, 6, 4, 1)
3|1|2|1;3|1|2|1;5;2;0;3;4;4;1/4;6;1/4*t^4 + 3/2*t^3 + 13/4*t^2 + 3*t + 1;(1, 9, 18, 15, 6, 1);2;1/2;1;1/2*t^2 + 3/2*t + 1;(1, 3, 3, 1)
3|1|2|1;3|1|3;4;1;1;2;3;4;1/4;6;1/4*t^4 + 3/2*t^3 + 13/4*t^2 + 3*t + 1;(1, 9, 18, 15, 6, 1);2;1/2;1;1/2*t^2 + 3/2*t + 1;(1, 3, 3, 1)
3|1|2|1;3|2|1|1;4;1;1;2;3;4;1/2;12;1/2*t^4 + 5/2*t^3 + 9/2*t^2 + 7/2*t + 1;(1, 12, 24, 19, 7, 1);2;1/2;1;1/2*t^2 + 3/2*t + 1;(1, 3, 3, 1)
3|1|2|1;3|2|2;3;1;1;1;3;5;1/2;60;1/2*t^5 + 3*t^4 + 7*t^3 + 8*t^2 + 9/2*t + 1;(1, 24, 60, 62, 33, 9, 1);2;1/2;1;1/2*t^2 + 3/2*t + 1;(1, 3, 3, 1)
3|1|2|1;3|3|1;4;1;1;2;3;4;1/4;6;1/4*t^4 + 3/2*t^3 + 13/4*t^2 + 3*t + 1;(1, 9, 18, 15, 6, 1);2;1/2;1;1/2*t^2 + 3/2*t + 1;(1, 3, 3, 1)
3|1|2|1;3|4;4;2;1;1;5;5;1/12;10;1/12*t^5 + 3/4*t^4 + 31/12*t^3 + 17/4*t^2 + 10/3*t + 1;(1, 12, 30, 34, 21, 7, 1);2;1/2;1;1/2*t^2 + 3/2*t + 1;(1, 3, 3, 1)
3|1|2|1;4|1|1|1;3;0;2;1;2;4;1/6;4;1/6*t^4 + 7/6*t^3 + 17/6*t^2 + 17/6*t + 1;(1, 8, 16, 14, 6, 1);2;1/2;1;1/2*t^2 + 3/2*t + 1;(1, 3, 3, 1)
3|1|2|1;4|1|2;2;0;2;0;2;5;1/6;20;1/6*t^5 + 4/3*t^4 + 4*t^3 + 17/3*t^2 + 23/6*t + 1;(1, 16, 40, 44, 26, 8, 1);2;1/2;1;1/2*t^2 + 3/2*t + 1;(1, 3, 3, 1)
3|1|2|1;4|2|1;3;1;1;1;3;5;1/12;10;1/12*t^5 + 3/4*t^4 + 31/12*t^3 + 17/4*t^2 + 10/3*t + 1;(1, 12, 30, 34, 21, 7, 1);2;1/2;1;1/2*t^2 + 3/2*t + 1;(1, 3, 3, 1)
3|1|2|1;4|3;2;0;2;0;2;5;1/12;10;1/12*t^5 + 3/4*t^4 + 31/12*t^3 + 17/4*t^2 + 10/3*t + 1;(1, 12, 30, 34, 21, 7, 1);2;1/2;1;1/2*t^2 + 3/2*t + 1;(1, 3, 3, 1)
3|1|2|1;5|1|1;3;0;2;1;2;4;1/6;4;1/6*t^4 + 7/6*t^3 + 17/6*t^2 + 17/6*t + 1;(1, 8, 16, 14, 6, 1);3;1/6;1;1/6*t^3 + t^2 + 11/6*t + 1;(1, 4, 6, 4, 1)
3|1|2|1;5|2;2;0;2;0;2;5;1/6;20;1/6*t^5 + 4/3*t^4 + 4*t^3 + 17/3*t^2 + 23/6*t + 1;(1, 16, 40, 44, 26, 8, 1);4;1/24;1;1/24*t^4 + 5/12*t^3 + 35/24*t^2 + 25/12*t + 1;(1, 5, 10, 10, 5, 1)
3|1|2|1;6|1;2;0;1;1;1;5;1/15;8;1/15*t^5 + 5/8*t^4 + 9/4*t^3 + 31/8*t^2 + 191/60*t + 1;(1, 11, 31, 39, 25, 8, 1);3;1/6;1;1/6*t^3 + t^2 + 11/6*t + 1;(1, 4, 6, 4, 1)
3|1|2|1;7;2;0;1;1;1;5;1/20;6;1/20*t^5 + 1/2*t^4 + 23/12*t^3 + 7/2*t^2 + 91/30*t + 1;(1, 10, 29, 38, 25, 8, 1);4;1/24;1;1/24*t^4 + 5/12*t^3 + 35/24*t^2 + 25/12*t + 1;(1, 5, 10, 10, 5, 1)
3|1|3;3|1|3;5;2;0;3;4;4;1/4;6;1/4*t^4 + 3/2*t^3 + 13/4*t^2 + 3*t + 1;(1, 9, 18, 15, 6, 1);2;1/2;1;1/2*t^2 + 3/2*t + 1;(1, 3, 3, 1)
3|1|3;3|2|1|1;4;1;1;2;3;4;1/2;12;1/2*t^4 + 5/2*t^3 + 9/2*t^2 + 7/2*t + 1;(1, 12, 24, 19, 7, 1);2;1/2;1;1/2*t^2 + 3/2*t + 1;(1, 3, 3, 1)
3|1|3;3|2|2;3;1;1;1;3;5;1/4;30;1/4*t^5 + 7/4*t^4 + 19/4*t^3 + 25/4*t^2 + 4*t + 1;(1, 18, 45, 48, 27, 8, 1);2;1/2;1;1/2*t^2 + 3/2*t + 1;(1, 3, 3, 1)
3|1|3;3|3|1;4;1;2;1;4;4;1/4;6;1/4*t^4 + 3/2*t^3 + 13/4*t^2 + 3*t + 1;(1, 9, 18, 15, 6, 1);2;1/2;1;1/2*t^2 + 3/2*t + 1;(1, 3, 3, 1)
3|1|3;3|4;3;1;1;1;3;5;1/12;10;1/12*t^5 + 3/4*t^4 + 31/12*t^3 + 17/4*t^2 + 10/3*t + 1;(1, 12, 30, 34, 21, 7, 1);2;1/2;1;1/2*t^2 + 3/2*t + 1;(1, 3, 3, 1)
3|1|3;4|1|1|1;3;0;2;1;2;4;1/6;4;1/6*t^4 + 7/6*t^3 + 17/6*t^2 + 17/6*t + 1;(1, 8, 16, 14, 6, 1);2;1/2;1;1/2*t^2 + 3/2*t + 1;(1, 3, 3, 1)
3|1|3;4|1|2;2;0;2;0;2;5;1/12;10;1/12*t^5 + 3/4*t^4 + 31/12*t^3 + 17/4*t^2 + 10/3*t + 1;(1, 12, 30, 34, 21, 7, 1);2;1/2;1;1/2*t^2 + 3/2*t + 1;(1, 3, 3, 1)
3|1|3;4|2|1;2;0;2;0;2;5;1/12;10;1/12*t^5 + 3/4*t^4 + 31/12*t^3 + 17/4*t^2 + 10/3*t + 1;(1, 12, 30, 34, 21, 7, 1);2;1/2;1;1/2*t^2 + 3/2*t + 1;(1, 3, 3, 1)
3|1|3;4|3;3;1;1;1;3;5;1/12;10;1/12*t^5 + 3/4*t^4 + 31/12*t^3 + 17/4*t^2 + 10/3*t + 1;(1, 12, 30, 34, 21, 7, 1);2;1/2;1;1/2*t^2 + 3/2*t + 1;(1, 3, 3, 1)
3|1|3;5|1|1;3;0;2;1;2;4;1/6;4;1/6*t^4 + 7/6*t^3 + 17/6*t^2 + 17/6*t + 1;(1, 8, 16, 14, 6, 1);3;1/6;1;1/6*t^3 + t^2 + 11/6*t + 1;(1, 4, 6, 4, 1)
3|1|3;5|2;2;0;2;0;2;5;1/12;10;1/12*t^5 + 3/4*t^4 + 31/12*t^3 + 17/4*t^2 + 10/3*t + 1;(1, 12, 30, 34, 21, 7, 1);3;1/6;1;1/6*t^3 + t^2 + 11/6*t + 1;(1, 4, 6, 4, 1)
3|1|3;6|1;2;0;2;0;2;5;1/15;8;1/15*t^5 + 5/8*t^4 + 9/4*t^3 + 31/8*t^2 + 191/60*t + 1;(1, 11, 31, 39, 25, 8, 1);3;1/6;1;1/6*t^3 + t^2 + 11/6*t + 1;(1, 4, 6, 4, 1)
3|1|3;7;3;1;1;1;3;5;1/20;6;1/20*t^5 + 1/2*t^4 + 23/12*t^3 + 7/2*t^2 + 91/30*t + 1;(1, 10, 29, 38, 25, 8, 1);4;1/24;1;1/24*t^4 + 5/12*t^3 + 35/24*t^2 + 25/12*t + 1;(1, 5, 10, 10, 5, 1)
3|2|1|1;3|2|1|1;5;2;0;3;4;4;1/4;6;1/4*t^4 + 3/2*t^3 + 13/4*t^2 + 3*t + 1;(1, 9, 18, 15, 6, 1);2;1/2;1;1/2*t^2 + 3/2*t + 1;(1, 3, 3, 1)
3|2|1|1;3|2|2;4;2;1;1;5;5;1/4;30;1/4*t^5 + 7/4*t^4 + 19/4*t^3 + 25/4*t^2 + 4*t + 1;(1, 18, 45, 48, 27, 8, 1);2;1/2;1;1/2*t^2 + 3/2*t + 1;(1, 3, 3, 1)
3|2|1|1;3|3|1;4;1;1;2;3;4;1/4;6;1/4*t^4 + 3/2*t^3 + 13/4*t^2 + 3*t + 1;(1, 9, 18, 15, 6, 1);2;1/2;1;1/2*t^2 + 3/2*t + 1;(1, 3, 3, 1)
3|2|1|1;3|4;3;1;1;1;3;5;1/6;20;1/6*t^5 + 5/4*t^4 + 11/3*t^3 + 21/4*t^2 + 11/3*t + 1;(1, 15, 39, 44, 26, 8, 1);2;1/2;1;1/2*t^2 + 3/2*t + 1;(1, 3, 3, 1)
3|2|1|1;4|1|1|1;3;0;1;2;1;4;1/6;4;1/6*t^4 + 7/6*t^3 + 17/6*t^2 + 17/6*t + 1;(1, 8, 16, 14, 6, 1);3;1/6;1;1/6*t^3 + t^2 + 11/6*t + 1;(1, 4, 6, 4, 1)
3|2|1|1;4|1|2;2;0;2;0;2;5;1/6;20;1/6*t^5 + 4/3*t^4 + 4*t^3 + 17/3*t^2 + 23/6*t + 1;(1, 16, 40, 44, 26, 8, 1);3;1/6;1;1/6*t^3 + t^2 + 11/6*t + 1;(1, 4, 6, 4, 1)
3|2|1|1;4|2|1;2;0;1;1;1;5;1/6;20;1/6*t^5 + 4/3*t^4 + 4*t^3 + 17/3*t^2 + 23/6*t + 1;(1, 16, 40, 44, 26, 8, 1);4;1/24;1;1/24*t^4 + 5/12*t^3 + 35/24*t^2 + 25/12*t + 1;(1, 5, 10, 10, 5, 1)
3|2|1|1;4|3;2;0;1;1;1;5;1/6;20;1/6*t^5 + 4/3*t^4 + 4*t^3 + 17/3*t^2 + 23/6*t + 1;(1, 16, 40, 44, 26, 8, 1);4;1/24;1;1/24*t^4 + 5/12*t^3 + 35/24*t^2 + 25/12*t + 1;(1, 5, 10, 10, 5, 1)
3|2|1|1;5|1|1;3;0;1;2;1;4;1/8;3;1/8*t^4 + 11/12*t^3 + 19/8*t^2 + 31/12*t + 1;(1, 7, 15, 14, 6, 1);2;1/2;1;1/2*t^2 + 3/2*t + 1;(1, 3, 3, 1)
3|2|1|1;5|2;2;0;2;0;2;5;1/8;15;1/8*t^5 + 25/24*t^4 + 79/24*t^3 + 119/24*t^2 + 43/12*t + 1;(1, 14, 37, 43, 26, 8, 1);2;1/2;1;1/2*t^2 + 3/2*t + 1;(1, 3, 3, 1)
3|2|1|1;6|1;2;0;1;1;1;5;1/20;6;1/20*t^5 + 1/2*t^4 + 23/12*t^3 + 7/2*t^2 + 91/30*t + 1;(1, 10, 29, 38, 25, 8, 1);4;1/24;1;1/24*t^4 + 5/12*t^3 + 35/24*t^2 + 25/12*t + 1;(1, 5, 10, 10, 5, 1)
3|2|1|1;7;2;0;2;0;2;5;1/40;3;1/40*t^5 + 7/24*t^4 + 31/24*t^3 + 65/24*t^2 + 161/60*t + 1;(1, 8, 22, 29, 20, 7, 1);3;1/6;1;1/6*t^3 + t^2 + 11/6*t + 1;(1, 4, 6, 4, 1)
3|2|2;3|2|2;4;3;0;1;6;6;1/8;90;1/8*t^6 + 9/8*t^5 + 33/8*t^4 + 63/8*t^3 + 33/4*t^2 + 9/2*t + 1;(1, 27, 81, 108, 81, 36, 9, 1);2;1/2;1;1/2*t^2 + 3/2*t + 1;(1, 3, 3, 1)
3|2|2;3|3|1;3;1;1;1;3;5;1/4;30;1/4*t^5 + 7/4*t^4 + 19/4*t^3 + 25/4*t^2 + 4*t + 1;(1, 18, 45, 48, 27, 8, 1);2;1/2;1;1/2*t^2 + 3/2*t + 1;(1, 3, 3, 1)
3|2|2;3|4;3;2;0;1;4;6;1/8;90;1/8*t^6 + 9/8*t^5 + 33/8*t^4 + 63/8*t^3 + 33/4*t^2 + 9/2*t + 1;(1, 27, 87, 123, 95, 42, 10, 1);2;1/2;1;1/2*t^2 + 3/2*t + 1;(1, 3, 3, 1)
3|2|2;4|1|1|1;2;0;2;0;2;5;1/6;20;1/6*t^5 + 4/3*t^4 + 4*t^3 + 17/3*t^2 + 23/6*t + 1;(1, 16, 40, 44, 26, 8, 1);3;1/6;1;1/6*t^3 + t^2 + 11/6*t + 1;(1, 4, 6, 4, 1)
3|2|2;4|1|2;2;1;1;0;3;6;1/12;60;1/12*t^6 + 5/6*t^5 + 10/3*t^4 + 41/6*t^3 + 91/12*t^2 + 13/3*t + 1;(1, 24, 72, 98, 76, 35, 9, 1);3;1/6;1;1/6*t^3 + t^2 + 11/6*t + 1;(1, 4, 6, 4, 1)
3|2|2;4|2|1;1;0;1;0;1;6;1/6;120;1/6*t^6 + 3/2*t^5 + 16/3*t^4 + 29/3*t^3 + 19/2*t^2 + 29/6*t + 1;(1, 32, 96, 128, 96, 42, 10, 1);5;1/120;1;1/120*t^5 + 1/8*t^4 + 17/24*t^3 + 15/8*t^2 + 137/60*t + 1;(1, 6, 15, 20, 15, 6, 1)
3|2|2;4|3;1;0;1;0;1;6;1/12;60;1/12*t^6 + 5/6*t^5 + 10/3*t^4 + 41/6*t^3 + 91/12*t^2 + 13/3*t + 1;(1, 24, 72, 98, 76, 35, 9, 1);4;1/24;1;1/24*t^4 + 5/12*t^3 + 35/24*t^2 + 25/12*t + 1;(1, 5, 10, 10, 5, 1)
3|2|2;5|1|1;2;0;2;0;2;5;1/8;15;1/8*t^5 + 25/24*t^4 + 79/24*t^3 + 119/24*t^2 + 43/12*t + 1;(1, 14, 37, 43, 26, 8, 1);2;1/2;1;1/2*t^2 + 3/2*t + 1;(1, 3, 3, 1)
3|2|2;5|2;2;1;1;0;3;6;1/16;45;1/16*t^6 + 31/48*t^5 + 43/16*t^4 + 277/48*t^3 + 27/4*t^2 + 49/12*t + 1;(1, 21, 66, 94, 75, 35, 9, 1);2;1/2;1;1/2*t^2 + 3/2*t + 1;(1, 3, 3, 1)
3|2|2;6|1;1;0;1;0;1;6;1/20;36;1/20*t^6 + 11/20*t^5 + 29/12*t^4 + 65/12*t^3 + 98/15*t^2 + 121/30*t + 1;(1, 20, 68, 105, 88, 41, 10, 1);5;1/120;1;1/120*t^5 + 1/8*t^4 + 17/24*t^3 + 15/8*t^2 + 137/60*t + 1;(1, 6, 15, 20, 15, 6, 1)
3|2|2;7;1;0;1;0;1;6;1/48;15;1/48*t^6 + 13/48*t^5 + 67/48*t^4 + 175/48*t^3 + 61/12*t^2 + 43/12*t + 1;(1, 15, 51, 80, 69, 34, 9, 1);3;1/6;1;1/6*t^3 + t^2 + 11/6*t + 1;(1, 4, 6, 4, 1)
3|3|1;3|3|1;5;2;0;3;4;4;1/4;6;1/4*t^4 + 3/2*t^3 + 13/4*t^2 + 3*t + 1;(1, 9, 18, 15, 6, 1);2;1/2;1;1/2*t^2 + 3/2*t + 1;(1, 3, 3, 1)
3|3|1;3|4;3;1;1;1;3;5;1/12;10;1/12*t^5 + 3/4*t^4 + 31/12*t^3 + 17/4*t^2 + 10/3*t + 1;(1, 12, 30, 34, 21, 7, 1);2;1/2;1;1/2*t^2 + 3/2*t + 1;(1, 3, 3, 1)
3|3|1;4|1|1|1;3;0;1;2;1;4;1/6;4;1/6*t^4 + 7/6*t^3 + 17/6*t^2 + 17/6*t + 1;(1, 8, 16, 14, 6, 1);3;1/6;1;1/6*t^3 + t^2 + 11/6*t + 1;(1, 4, 6, 4, 1)
3|3|1;4|1|2;2;0;1;1;1;5;1/6;20;1/6*t^5 + 4/3*t^4 + 4*t^3 + 17/3*t^2 + 23/6*t + 1;(1, 16, 40, 44, 26, 8, 1);4;1/24;1;1/24*t^4 + 5/12*t^3 + 35/24*t^2 + 25/12*t + 1;(1, 5, 10, 10, 5, 1)
3|3|1;4|2|1;2;0;1;1;1;5;1/12;10;1/12*t^5 + 3/4*t^4 + 31/12*t^3 + 17/4*t^2 + 10/3*t + 1;(1, 12, 30, 34, 21, 7, 1);3;1/6;1;1/6*t^3 + t^2 + 11/6*t + 1;(1, 4, 6, 4, 1)
3|3|1;4|3;2;0;2;0;2;5;1/12;10;1/12*t^5 + 3/4*t^4 + 31/12*t^3 + 17/4*t^2 + 10/3*t + 1;(1, 12, 30, 34, 21, 7, 1);3;1/6;1;1/6*t^3 + t^2 + 11/6*t + 1;(1, 4, 6, 4, 1)
3|3|1;5|1|1;3;0;2;1;2;4;1/8;3;1/8*t^4 + 11/12*t^3 + 19/8*t^2 + 31/12*t + 1;(1, 7, 15, 14, 6, 1);2;1/2;1;1/2*t^2 + 3/2*t + 1;(1, 3, 3, 1)
3|3|1;5|2;2;0;2;0;2;5;1/8;15;1/8*t^5 + 25/24*t^4 + 79/24*t^3 + 119/24*t^2 + 43/12*t + 1;(1, 14, 37, 43, 26, 8, 1);2;1/2;1;1/2*t^2 + 3/2*t + 1;(1, 3, 3, 1)
3|3|1;6|1;3;1;1;1;3;5;1/20;6;1/20*t^5 + 1/2*t^4 + 23/12*t^3 + 7/2*t^2 + 91/30*t + 1;(1, 10, 29, 38, 25, 8, 1);4;1/24;1;1/24*t^4 + 5/12*t^3 + 35/24*t^2 + 25/12*t + 1;(1, 5, 10, 10, 5, 1)
3|3|1;7;2;0;2;0;2;5;1/40;3;1/40*t^5 + 7/24*t^4 + 31/24*t^3 + 65/24*t^2 + 161/60*t + 1;(1, 8, 22, 29, 20, 7, 1);3;1/6;1;1/6*t^3 + t^2 + 11/6*t + 1;(1, 4, 6, 4, 1)
3|4;3|4;4;3;0;1;6;6;1/48;15;1/48*t^6 + 13/48*t^5 + 67/48*t^4 + 175/48*t^3 + 61/12*t^2 + 43/12*t + 1;(1, 15, 45, 65, 55, 28, 8, 1);2;1/2;1;1/2*t^2 + 3/2*t + 1;(1, 3, 3, 1)
3|4;4|1|1|1;2;0;2;0;2;5;1/12;10;1/12*t^5 + 3/4*t^4 + 31/12*t^3 + 17/4*t^2 + 10/3*t + 1;(1, 12, 30, 34, 21, 7, 1);3;1/6;1;1/6*t^3 + t^2 + 11/6*t + 1;(1, 4, 6, 4, 1)
3|4;4|1|2;1;0;1;0;1;6;1/18;40;1/18*t^6 + 7/12*t^5 + 89/36*t^4 + 65/12*t^3 + 233/36*t^2 + 4*t + 1;(1, 20, 62, 88, 71, 34, 9, 1);3;1/6;1;1/6*t^3 + t^2 + 11/6*t + 1;(1, 4, 6, 4, 1)
3|4;4|2|1;2;1;1;0;3;6;1/36;20;1/36*t^6 + 1/3*t^5 + 29/18*t^4 + 4*t^3 + 193/36*t^2 + 11/3*t + 1;(1, 16, 48, 68, 56, 28, 8, 1);3;1/6;1;1/6*t^3 + t^2 + 11/6*t + 1;(1, 4, 6, 4, 1)
3|4;4|3;1;0;1;0;1;6;1/36;20;1/36*t^6 + 1/3*t^5 + 29/18*t^4 + 4*t^3 + 193/36*t^2 + 11/3*t + 1;(1, 16, 48, 68, 56, 28, 8, 1);3;1/6;1;1/6*t^3 + t^2 + 11/6*t + 1;(1, 4, 6, 4, 1)
3|4;5|1|1;2;0;2;0;2;5;3/40;9;3/40*t^5 + 2/3*t^4 + 55/24*t^3 + 23/6*t^2 + 47/15*t + 1;(1, 11, 31, 39, 25, 8, 1);3;1/6;1;1/6*t^3 + t^2 + 11/6*t + 1;(1, 4, 6, 4, 1)
3|4;5|2;1;0;1;0;1;6;19/360;38;19/360*t^6 + 11/20*t^5 + 167/72*t^4 + 61/12*t^3 + 1103/180*t^2 + 58/15*t + 1;(1, 19, 67, 105, 88, 41, 10, 1);4;1/24;1;1/24*t^4 + 5/12*t^3 + 35/24*t^2 + 25/12*t + 1;(1, 5, 10, 10, 5, 1)
3|4;6|1;1;0;1;0;1;6;1/40;18;1/40*t^6 + 3/10*t^5 + 35/24*t^4 + 11/3*t^3 + 301/60*t^2 + 53/15*t + 1;(1, 15, 55, 92, 82, 40, 10, 1);4;1/24;1;1/24*t^4 + 5/12*t^3 + 35/24*t^2 + 25/12*t + 1;(1, 5, 10, 10, 5, 1)
3|4;7;1;0;1;0;1;6;1/90;8;1/90*t^6 + 19/120*t^5 + 65/72*t^4 + 21/8*t^3 + 1471/360*t^2 + 193/60*t + 1;(1, 12, 42, 70, 64, 33, 9, 1);4;1/24;1;1/24*t^4 + 5/12*t^3 + 35/24*t^2 + 25/12*t + 1;(1, 5, 10, 10, 5, 1)
4|1|1|1;4|1|1|1;5;2;0;3;4;4;1/24;1;1/24*t^4 + 5/12*t^3 + 35/24*t^2 + 25/12*t + 1;(1, 5, 10, 10, 5, 1);2;1/2;1;1/2*t^2 + 3/2*t + 1;(1, 3, 3, 1)
4|1|1|1;4|1|2;4;2;1;1;5;5;1/24;5;1/24*t^5 + 11/24*t^4 + 15/8*t^3 + 85/24*t^2 + 37/12*t + 1;(1, 10, 25, 30, 20, 7, 1);2;1/2;1;1/2*t^2 + 3/2*t + 1;(1, 3, 3, 1)
4|1|1|1;4|2|1;4;2;1;1;5;5;1/24;5;1/24*t^5 + 11/24*t^4 + 15/8*t^3 + 85/24*t^2 + 37/12*t + 1;(1, 10, 25, 30, 20, 7, 1);2;1/2;1;1/2*t^2 + 3/2*t + 1;(1, 3, 3, 1)
4|1|1|1;4|3;4;2;1;1;5;5;1/24;5;1/24*t^5 + 11/24*t^4 + 15/8*t^3 + 85/24*t^2 + 37/12*t + 1;(1, 10, 25, 30, 20, 7, 1);2;1/2;1;1/2*t^2 + 3/2*t + 1;(1, 3, 3, 1)
4|1|1|1;5|1|1;3;0;1;2;1;4;1/24;1;1/24*t^4 + 5/12*t^3 + 35/24*t^2 + 25/12*t + 1;(1, 5, 10, 10, 5, 1);2;1/2;1;1/2*t^2 + 3/2*t + 1;(1, 3, 3, 1)
4|1|1|1;5|2;2;0;2;0;2;5;1/24;5;1/24*t^5 + 11/24*t^4 + 15/8*t^3 + 85/24*t^2 + 37/12*t + 1;(1, 10, 25, 30, 20, 7, 1);2;1/2;1;1/2*t^2 + 3/2*t + 1;(1, 3, 3, 1)
4|1|1|1;6|1;2;0;1;1;1;5;1/60;2;1/60*t^5 + 5/24*t^4 + t^3 + 55/24*t^2 + 149/60*t + 1;(1, 7, 19, 26, 19, 7, 1);2;1/2;1;1/2*t^2 + 3/2*t + 1;(1, 3, 3, 1)
4|1|1|1;7;2;0;2;0;2;5;1/60;2;1/60*t^5 + 5/24*t^4 + t^3 + 55/24*t^2 + 149/60*t + 1;(1, 7, 19, 26, 19, 7, 1);2;1/2;1;1/2*t^2 + 3/2*t + 1;(1, 3, 3, 1)
4|1|2;4|1|2;4;3;0;1;6;6;1/48;15;1/48*t^6 + 13/48*t^5 + 67/48*t^4 + 175/48*t^3 + 61/12*t^2 + 43/12*t + 1;(1, 15, 45, 65, 55, 28, 8, 1);2;1/2;1;1/2*t^2 + 3/2*t + 1;(1, 3, 3, 1)
4|1|2;4|2|1;3;2;1;0;5;6;1/24;30;1/24*t^6 + 1/2*t^5 + 7/3*t^4 + 65/12*t^3 + 53/8*t^2 + 49/12*t + 1;(1, 20, 60, 85, 70, 34, 9, 1);2;1/2;1;1/2*t^2 + 3/2*t + 1;(1, 3, 3, 1)
4|1|2;4|3;3;2;1;0;5;6;1/48;15;1/48*t^6 + 13/48*t^5 + 67/48*t^4 + 175/48*t^3 + 61/12*t^2 + 43/12*t + 1;(1, 15, 45, 65, 55, 28, 8, 1);2;1/2;1;1/2*t^2 + 3/2*t + 1;(1, 3, 3, 1)
4|1|2;5|1|1;2;0;2;0;2;5;1/24;5;1/24*t^5 + 11/24*t^4 + 15/8*t^3 + 85/24*t^2 + 37/12*t + 1;(1, 10, 25, 30, 20, 7, 1);2;1/2;1;1/2*t^2 + 3/2*t + 1;(1, 3, 3, 1)
4|1|2;5|2;2;1;1;0;3;6;1/48;15;1/48*t^6 + 13/48*t^5 + 67/48*t^4 + 175/48*t^3 + 61/12*t^2 + 43/12*t + 1;(1, 15, 45, 65, 55, 28, 8, 1);2;1/2;1;1/2*t^2 + 3/2*t + 1;(1, 3, 3, 1)
4|1|2;6|1;1;0;1;0;1;6;1/60;12;1/60*t^6 + 9/40*t^5 + 29/24*t^4 + 79/24*t^3 + 191/40*t^2 + 209/60*t + 1;(1, 14, 45, 71, 64, 33, 9, 1);3;1/6;1;1/6*t^3 + t^2 + 11/6*t + 1;(1, 4, 6, 4, 1)
4|1|2;7;1;0;1;0;1;6;1/72;10;1/72*t^6 + 23/120*t^5 + 19/18*t^4 + 71/24*t^3 + 319/72*t^2 + 67/20*t + 1;(1, 13, 44, 71, 64, 33, 9, 1);2;1/2;1;1/2*t^2 + 3/2*t + 1;(1, 3, 3, 1)
4|2|1;4|2|1;4;3;0;1;6;6;1/48;15;1/48*t^6 + 13/48*t^5 + 67/48*t^4 + 175/48*t^3 + 61/12*t^2 + 43/12*t + 1;(1, 15, 45, 65, 55, 28, 8, 1);2;1/2;1;1/2*t^2 + 3/2*t + 1;(1, 3, 3, 1)
4|2|1;4|3;3;2;1;0;5;6;1/48;15;1/48*t^6 + 13/48*t^5 + 67/48*t^4 + 175/48*t^3 + 61/12*t^2 + 43/12*t + 1;(1, 15, 45, 65, 55, 28, 8, 1);2;1/2;1;1/2*t^2 + 3/2*t + 1;(1, 3, 3, 1)
4|2|1;5|1|1;2;0;1;1;1;5;1/24;5;1/24*t^5 + 11/24*t^4 + 15/8*t^3 + 85/24*t^2 + 37/12*t + 1;(1, 10, 25, 30, 20, 7, 1);3;1/6;1;1/6*t^3 + t^2 + 11/6*t + 1;(1, 4, 6, 4, 1)
4|2|1;5|2;1;0;1;0;1;6;1/24;30;1/24*t^6 + 1/2*t^5 + 7/3*t^4 + 65/12*t^3 + 53/8*t^2 + 49/12*t + 1;(1, 20, 60, 85, 70, 34, 9, 1);4;1/24;1;1/24*t^4 + 5/12*t^3 + 35/24*t^2 + 25/12*t + 1;(1, 5, 10, 10, 5, 1)
4|2|1;6|1;2;1;0;1;2;6;1/72;10;1/72*t^6 + 23/120*t^5 + 19/18*t^4 + 71/24*t^3 + 319/72*t^2 + 67/20*t + 1;(1, 13, 44, 71, 64, 33, 9, 1);2;1/2;1;1/2*t^2 + 3/2*t + 1;(1, 3, 3, 1)
4|2|1;7;2;1;1;0;3;6;1/90;8;1/90*t^6 + 19/120*t^5 + 65/72*t^4 + 21/8*t^3 + 1471/360*t^2 + 193/60*t + 1;(1, 12, 42, 70, 64, 33, 9, 1);2;1/2;1;1/2*t^2 + 3/2*t + 1;(1, 3, 3, 1)
4|3;4|3;4;3;0;1;6;6;1/48;15;1/48*t^6 + 13/48*t^5 + 67/48*t^4 + 175/48*t^3 + 61/12*t^2 + 43/12*t + 1;(1, 15, 45, 65, 55, 28, 8, 1);2;1/2;1;1/2*t^2 + 3/2*t + 1;(1, 3, 3, 1)
4|3;5|1|1;2;0;1;1;1;5;1/24;5;1/24*t^5 + 11/24*t^4 + 15/8*t^3 + 85/24*t^2 + 37/12*t + 1;(1, 10, 25, 30, 20, 7, 1);3;1/6;1;1/6*t^3 + t^2 + 11/6*t + 1;(1, 4, 6, 4, 1)
4|3;5|2;1;0;1;0;1;6;1/48;15;1/48*t^6 + 13/48*t^5 + 67/48*t^4 + 175/48*t^3 + 61/12*t^2 + 43/12*t + 1;(1, 15, 45, 65, 55, 28, 8, 1);3;1/6;1;1/6*t^3 + t^2 + 11/6*t + 1;(1, 4, 6, 4, 1)
4|3;6|1;1;0;1;0;1;6;1/72;10;1/72*t^6 + 23/120*t^5 + 19/18*t^4 + 71/24*t^3 + 319/72*t^2 + 67/20*t + 1;(1, 13, 44, 71, 64, 33, 9, 1);2;1/2;1;1/2*t^2 + 3/2*t + 1;(1, 3, 3, 1)
4|3;7;1;0;1;0;1;6;1/90;8;1/90*t^6 + 19/120*t^5 + 65/72*t^4 + 21/8*t^3 + 1471/360*t^2 + 193/60*t + 1;(1, 12, 42, 70, 64, 33, 9, 1);2;1/2;1;1/2*t^2 + 3/2*t + 1;(1, 3, 3, 1)
5|1|1;5|1|1;5;2;0;3;4;4;1/24;1;1/24*t^4 + 5/12*t^3 + 35/24*t^2 + 25/12*t + 1;(1, 5, 10, 10, 5, 1);2;1/2;1;1/2*t^2 + 3/2*t + 1;(1, 3, 3, 1)
5|1|1;5|2;4;2;1;1;5;5;1/24;5;1/24*t^5 + 11/24*t^4 + 15/8*t^3 + 85/24*t^2 + 37/12*t + 1;(1, 10, 25, 30, 20, 7, 1);2;1/2;1;1/2*t^2 + 3/2*t + 1;(1, 3, 3, 1)
5|1|1;6|1;2;0;1;1;1;5;1/120;1;1/120*t^5 + 1/8*t^4 + 17/24*t^3 + 15/8*t^2 + 137/60*t + 1;(1, 6, 15, 20, 15, 6, 1);2;1/2;1;1/2*t^2 + 3/2*t + 1;(1, 3, 3, 1)
5|1|1;7;2;0;2;0;2;5;1/120;1;1/120*t^5 + 1/8*t^4 + 17/24*t^3 + 15/8*t^2 + 137/60*t + 1;(1, 6, 15, 20, 15, 6, 1);2;1/2;1;1/2*t^2 + 3/2*t + 1;(1, 3, 3, 1)
5|2;5|2;4;3;0;1;6;6;1/48;15;1/48*t^6 + 13/48*t^5 + 67/48*t^4 + 175/48*t^3 + 61/12*t^2 + 43/12*t + 1;(1, 15, 45, 65, 55, 28, 8, 1);2;1/2;1;1/2*t^2 + 3/2*t + 1;(1, 3, 3, 1)
5|2;6|1;1;0;1;0;1;6;1/120;6;1/120*t^6 + 2/15*t^5 + 5/6*t^4 + 31/12*t^3 + 499/120*t^2 + 197/60*t + 1;(1, 12, 36, 55, 50, 27, 8, 1);3;1/6;1;1/6*t^3 + t^2 + 11/6*t + 1;(1, 4, 6, 4, 1)
5|2;7;1;0;1;0;1;6;1/144;5;1/144*t^6 + 9/80*t^5 + 103/144*t^4 + 109/48*t^3 + 34/9*t^2 + 187/60*t + 1;(1, 11, 35, 55, 50, 27, 8, 1);2;1/2;1;1/2*t^2 + 3/2*t + 1;(1, 3, 3, 1)
6|1;6|1;4;3;0;1;6;6;1/720;1;1/720*t^6 + 7/240*t^5 + 35/144*t^4 + 49/48*t^3 + 203/90*t^2 + 49/20*t + 1;(1, 7, 21, 35, 35, 21, 7, 1);2;1/2;1;1/2*t^2 + 3/2*t + 1;(1, 3, 3, 1)
6|1;7;1;0;1;0;1;6;1/720;1;1/720*t^6 + 7/240*t^5 + 35/144*t^4 + 49/48*t^3 + 203/90*t^2 + 49/20*t + 1;(1, 7, 21, 35, 35, 21, 7, 1);2;1/2;1;1/2*t^2 + 3/2*t + 1;(1, 3, 3, 1)
7;7;4;3;0;1;6;6;1/720;1;1/720*t^6 + 7/240*t^5 + 35/144*t^4 + 49/48*t^3 + 203/90*t^2 + 49/20*t + 1;(1, 7, 21, 35, 35, 21, 7, 1);2;1/2;1;1/2*t^2 + 3/2*t + 1;(1, 3, 3, 1)
